Venue,Genre,File,Gender,SNR_dB,Filter,STOI,PESQ,dSNR_dB,dASL_dB
club,techno,male_01_IUS-M00201.wav,male,-15,Unprocessed,0.3722,1.271,0.00,0.00
club,techno,male_01_IUS-M00201.wav,male,-15,FIR_BP,0.3745,1.288,10.96,-12.48
club,techno,male_01_IUS-M00201.wav,male,-15,Parametric_Notch,0.3726,1.288,0.99,-0.98
club,techno,male_01_IUS-M00201.wav,male,-15,Base_NLMS,0.4910,1.305,14.29,-13.68
club,techno,male_01_IUS-M00201.wav,male,-15,Leaky_NLMS,0.3921,1.365,10.76,-10.29
club,techno,male_01_IUS-M00201.wav,male,-15,Soft_VAD_Leaky,0.3924,1.371,10.53,-10.01
club,techno,male_02_IUS-M02201.wav,male,-15,Unprocessed,0.3304,1.286,0.00,0.00
club,techno,male_02_IUS-M02201.wav,male,-15,FIR_BP,0.3194,1.256,10.44,-12.41
club,techno,male_02_IUS-M02201.wav,male,-15,Parametric_Notch,0.3322,1.303,1.01,-1.01
club,techno,male_02_IUS-M02201.wav,male,-15,Base_NLMS,0.4427,1.310,13.83,-13.14
club,techno,male_02_IUS-M02201.wav,male,-15,Leaky_NLMS,0.3402,1.360,10.56,-9.92
club,techno,male_02_IUS-M02201.wav,male,-15,Soft_VAD_Leaky,0.3343,1.362,10.19,-9.57
club,techno,male_03_IUS-M04201.wav,male,-15,Unprocessed,0.4002,1.293,0.00,0.00
club,techno,male_03_IUS-M04201.wav,male,-15,FIR_BP,0.3809,1.265,10.86,-12.52
club,techno,male_03_IUS-M04201.wav,male,-15,Parametric_Notch,0.4035,1.313,1.09,-1.07
club,techno,male_03_IUS-M04201.wav,male,-15,Base_NLMS,0.5115,1.304,13.30,-13.28
club,techno,male_03_IUS-M04201.wav,male,-15,Leaky_NLMS,0.4180,1.358,10.50,-10.11
club,techno,male_03_IUS-M04201.wav,male,-15,Soft_VAD_Leaky,0.4114,1.374,10.15,-9.66
club,techno,male_04_IUS-M06201.wav,male,-15,Unprocessed,0.4265,1.288,0.00,0.00
club,techno,male_04_IUS-M06201.wav,male,-15,FIR_BP,0.4135,1.249,10.87,-12.76
club,techno,male_04_IUS-M06201.wav,male,-15,Parametric_Notch,0.4275,1.306,0.98,-0.98
club,techno,male_04_IUS-M06201.wav,male,-15,Base_NLMS,0.5522,1.307,13.60,-13.33
club,techno,male_04_IUS-M06201.wav,male,-15,Leaky_NLMS,0.4389,1.371,10.63,-10.23
club,techno,male_04_IUS-M06201.wav,male,-15,Soft_VAD_Leaky,0.4404,1.378,10.29,-9.85
club,techno,male_05_IUS-M08201.wav,male,-15,Unprocessed,0.2717,1.258,0.00,0.00
club,techno,male_05_IUS-M08201.wav,male,-15,FIR_BP,0.2787,1.326,10.86,-12.19
club,techno,male_05_IUS-M08201.wav,male,-15,Parametric_Notch,0.2704,1.276,1.08,-1.06
club,techno,male_05_IUS-M08201.wav,male,-15,Base_NLMS,0.4344,1.308,14.20,-13.41
club,techno,male_05_IUS-M08201.wav,male,-15,Leaky_NLMS,0.2922,1.361,10.74,-10.07
club,techno,male_05_IUS-M08201.wav,male,-15,Soft_VAD_Leaky,0.2915,1.368,10.27,-9.58
club,techno,male_06_IUS-M10201.wav,male,-15,Unprocessed,0.3492,1.258,0.00,0.00
club,techno,male_06_IUS-M10201.wav,male,-15,FIR_BP,0.3419,1.330,10.39,-12.04
club,techno,male_06_IUS-M10201.wav,male,-15,Parametric_Notch,0.3443,1.275,1.08,-1.06
club,techno,male_06_IUS-M10201.wav,male,-15,Base_NLMS,0.4931,1.317,13.43,-12.81
club,techno,male_06_IUS-M10201.wav,male,-15,Leaky_NLMS,0.3659,1.374,10.70,-9.96
club,techno,male_06_IUS-M10201.wav,male,-15,Soft_VAD_Leaky,0.3678,1.382,10.25,-9.51
club,techno,male_07_IUS-M12201.wav,male,-15,Unprocessed,0.4140,1.261,0.00,0.00
club,techno,male_07_IUS-M12201.wav,male,-15,FIR_BP,0.4007,1.341,10.90,-12.20
club,techno,male_07_IUS-M12201.wav,male,-15,Parametric_Notch,0.4142,1.281,0.99,-0.97
club,techno,male_07_IUS-M12201.wav,male,-15,Base_NLMS,0.5227,1.385,14.50,-13.48
club,techno,male_07_IUS-M12201.wav,male,-15,Leaky_NLMS,0.4119,1.417,10.84,-10.24
club,techno,male_07_IUS-M12201.wav,male,-15,Soft_VAD_Leaky,0.4106,1.432,10.28,-9.64
club,techno,male_08_IUS-M14201.wav,male,-15,Unprocessed,0.3410,1.263,0.00,0.00
club,techno,male_08_IUS-M14201.wav,male,-15,FIR_BP,0.3388,1.278,10.50,-12.07
club,techno,male_08_IUS-M14201.wav,male,-15,Parametric_Notch,0.3372,1.277,1.09,-1.05
club,techno,male_08_IUS-M14201.wav,male,-15,Base_NLMS,0.4265,1.266,13.98,-13.19
club,techno,male_08_IUS-M14201.wav,male,-15,Leaky_NLMS,0.3613,1.309,10.78,-10.04
club,techno,male_08_IUS-M14201.wav,male,-15,Soft_VAD_Leaky,0.3622,1.314,10.44,-9.71
club,techno,male_09_IUS-M16201.wav,male,-15,Unprocessed,0.3798,1.262,0.00,0.00
club,techno,male_09_IUS-M16201.wav,male,-15,FIR_BP,0.3737,1.278,10.84,-12.39
club,techno,male_09_IUS-M16201.wav,male,-15,Parametric_Notch,0.3767,1.278,1.08,-1.06
club,techno,male_09_IUS-M16201.wav,male,-15,Base_NLMS,0.5259,1.301,14.12,-13.25
club,techno,male_09_IUS-M16201.wav,male,-15,Leaky_NLMS,0.4079,1.345,10.65,-10.07
club,techno,male_09_IUS-M16201.wav,male,-15,Soft_VAD_Leaky,0.4060,1.351,10.28,-9.65
club,techno,male_10_IUS-M18201.wav,male,-15,Unprocessed,0.3792,1.280,0.00,0.00
club,techno,male_10_IUS-M18201.wav,male,-15,FIR_BP,0.3799,1.309,10.39,-11.92
club,techno,male_10_IUS-M18201.wav,male,-15,Parametric_Notch,0.3772,1.297,1.02,-0.98
club,techno,male_10_IUS-M18201.wav,male,-15,Base_NLMS,0.4935,1.316,14.08,-13.29
club,techno,male_10_IUS-M18201.wav,male,-15,Leaky_NLMS,0.3867,1.371,10.68,-10.06
club,techno,male_10_IUS-M18201.wav,male,-15,Soft_VAD_Leaky,0.3929,1.380,10.13,-9.47
club,techno,female_01_IUS-F00202.wav,female,-15,Unprocessed,0.2859,1.201,0.00,0.00
club,techno,female_01_IUS-F00202.wav,female,-15,FIR_BP,0.2785,1.269,11.05,-12.44
club,techno,female_01_IUS-F00202.wav,female,-15,Parametric_Notch,0.2879,1.216,1.07,-1.04
club,techno,female_01_IUS-F00202.wav,female,-15,Base_NLMS,0.3836,1.337,13.89,-13.19
club,techno,female_01_IUS-F00202.wav,female,-15,Leaky_NLMS,0.2939,1.351,10.49,-9.99
club,techno,female_01_IUS-F00202.wav,female,-15,Soft_VAD_Leaky,0.2928,1.350,10.20,-9.70
club,techno,female_02_IUS-F02202.wav,female,-15,Unprocessed,0.2771,1.268,0.00,0.00
club,techno,female_02_IUS-F02202.wav,female,-15,FIR_BP,0.2746,1.212,11.19,-12.67
club,techno,female_02_IUS-F02202.wav,female,-15,Parametric_Notch,0.2776,1.282,1.06,-1.03
club,techno,female_02_IUS-F02202.wav,female,-15,Base_NLMS,0.3897,1.262,13.76,-13.35
club,techno,female_02_IUS-F02202.wav,female,-15,Leaky_NLMS,0.2919,1.298,10.58,-10.15
club,techno,female_02_IUS-F02202.wav,female,-15,Soft_VAD_Leaky,0.2915,1.301,10.32,-9.88
club,techno,female_03_IUS-F04202.wav,female,-15,Unprocessed,0.3710,1.247,0.00,0.00
club,techno,female_03_IUS-F04202.wav,female,-15,FIR_BP,0.3658,1.236,10.50,-12.38
club,techno,female_03_IUS-F04202.wav,female,-15,Parametric_Notch,0.3742,1.266,1.17,-1.10
club,techno,female_03_IUS-F04202.wav,female,-15,Base_NLMS,0.4704,1.312,13.41,-12.89
club,techno,female_03_IUS-F04202.wav,female,-15,Leaky_NLMS,0.3890,1.352,10.53,-9.84
club,techno,female_03_IUS-F04202.wav,female,-15,Soft_VAD_Leaky,0.3853,1.359,9.94,-9.27
club,techno,female_04_IUS-F06202.wav,female,-15,Unprocessed,0.3734,1.259,0.00,0.00
club,techno,female_04_IUS-F06202.wav,female,-15,FIR_BP,0.3708,1.211,10.97,-12.85
club,techno,female_04_IUS-F06202.wav,female,-15,Parametric_Notch,0.3718,1.274,1.07,-1.06
club,techno,female_04_IUS-F06202.wav,female,-15,Base_NLMS,0.5187,1.304,13.59,-13.10
club,techno,female_04_IUS-F06202.wav,female,-15,Leaky_NLMS,0.4045,1.343,10.48,-10.00
club,techno,female_04_IUS-F06202.wav,female,-15,Soft_VAD_Leaky,0.4024,1.351,10.15,-9.61
club,techno,female_05_IUS-F08202.wav,female,-15,Unprocessed,0.4025,1.233,0.00,0.00
club,techno,female_05_IUS-F08202.wav,female,-15,FIR_BP,0.3950,1.269,11.04,-12.32
club,techno,female_05_IUS-F08202.wav,female,-15,Parametric_Notch,0.4058,1.250,1.18,-1.20
club,techno,female_05_IUS-F08202.wav,female,-15,Base_NLMS,0.5149,1.316,13.76,-12.69
club,techno,female_05_IUS-F08202.wav,female,-15,Leaky_NLMS,0.4173,1.325,10.66,-9.95
club,techno,female_05_IUS-F08202.wav,female,-15,Soft_VAD_Leaky,0.4156,1.328,10.20,-9.47
club,techno,female_06_IUS-F10202.wav,female,-15,Unprocessed,0.3841,1.239,0.00,0.00
club,techno,female_06_IUS-F10202.wav,female,-15,FIR_BP,0.3864,1.261,10.13,-12.18
club,techno,female_06_IUS-F10202.wav,female,-15,Parametric_Notch,0.3837,1.255,1.06,-1.06
club,techno,female_06_IUS-F10202.wav,female,-15,Base_NLMS,0.5760,1.327,13.98,-12.77
club,techno,female_06_IUS-F10202.wav,female,-15,Leaky_NLMS,0.4087,1.347,10.62,-9.86
club,techno,female_06_IUS-F10202.wav,female,-15,Soft_VAD_Leaky,0.4166,1.356,10.05,-9.29
club,techno,female_07_IUS-F12202.wav,female,-15,Unprocessed,0.3347,1.237,0.00,0.00
club,techno,female_07_IUS-F12202.wav,female,-15,FIR_BP,0.3209,1.248,10.68,-12.36
club,techno,female_07_IUS-F12202.wav,female,-15,Parametric_Notch,0.3353,1.253,1.13,-1.12
club,techno,female_07_IUS-F12202.wav,female,-15,Base_NLMS,0.4304,1.284,13.25,-12.74
club,techno,female_07_IUS-F12202.wav,female,-15,Leaky_NLMS,0.3563,1.311,10.47,-9.91
club,techno,female_07_IUS-F12202.wav,female,-15,Soft_VAD_Leaky,0.3524,1.322,10.07,-9.43
club,techno,female_08_IUS-F14202.wav,female,-15,Unprocessed,0.3755,1.222,0.00,0.00
club,techno,female_08_IUS-F14202.wav,female,-15,FIR_BP,0.3728,1.273,10.12,-12.03
club,techno,female_08_IUS-F14202.wav,female,-15,Parametric_Notch,0.3814,1.236,1.07,-1.04
club,techno,female_08_IUS-F14202.wav,female,-15,Base_NLMS,0.4749,1.316,14.23,-12.98
club,techno,female_08_IUS-F14202.wav,female,-15,Leaky_NLMS,0.3789,1.324,10.69,-9.95
club,techno,female_08_IUS-F14202.wav,female,-15,Soft_VAD_Leaky,0.3813,1.324,10.32,-9.56
club,techno,female_09_IUS-F16202.wav,female,-15,Unprocessed,0.3980,1.246,0.00,0.00
club,techno,female_09_IUS-F16202.wav,female,-15,FIR_BP,0.3900,1.250,11.70,-12.44
club,techno,female_09_IUS-F16202.wav,female,-15,Parametric_Notch,0.3989,1.261,1.14,-1.11
club,techno,female_09_IUS-F16202.wav,female,-15,Base_NLMS,0.5365,1.304,13.51,-12.67
club,techno,female_09_IUS-F16202.wav,female,-15,Leaky_NLMS,0.4153,1.318,10.49,-9.96
club,techno,female_09_IUS-F16202.wav,female,-15,Soft_VAD_Leaky,0.4140,1.323,10.02,-9.47
club,techno,female_10_IUS-F18202.wav,female,-15,Unprocessed,0.3453,1.249,0.00,0.00
club,techno,female_10_IUS-F18202.wav,female,-15,FIR_BP,0.3351,1.275,10.06,-12.21
club,techno,female_10_IUS-F18202.wav,female,-15,Parametric_Notch,0.3430,1.264,1.00,-1.00
club,techno,female_10_IUS-F18202.wav,female,-15,Base_NLMS,0.4777,1.350,14.44,-13.18
club,techno,female_10_IUS-F18202.wav,female,-15,Leaky_NLMS,0.3624,1.354,10.70,-10.10
club,techno,female_10_IUS-F18202.wav,female,-15,Soft_VAD_Leaky,0.3671,1.358,10.18,-9.57
club,techno,male_01_IUS-M00201.wav,male,-10,Unprocessed,0.5060,1.351,0.00,0.00
club,techno,male_01_IUS-M00201.wav,male,-10,FIR_BP,0.5176,1.347,7.85,-10.56
club,techno,male_01_IUS-M00201.wav,male,-10,Parametric_Notch,0.5066,1.378,0.97,-0.93
club,techno,male_01_IUS-M00201.wav,male,-10,Base_NLMS,0.6304,1.399,12.36,-11.69
club,techno,male_01_IUS-M00201.wav,male,-10,Leaky_NLMS,0.5324,1.477,10.20,-9.11
club,techno,male_01_IUS-M00201.wav,male,-10,Soft_VAD_Leaky,0.5327,1.494,9.98,-8.68
club,techno,male_02_IUS-M02201.wav,male,-10,Unprocessed,0.4751,1.376,-0.00,0.00
club,techno,male_02_IUS-M02201.wav,male,-10,FIR_BP,0.4565,1.304,7.21,-10.69
club,techno,male_02_IUS-M02201.wav,male,-10,Parametric_Notch,0.4763,1.403,0.99,-0.96
club,techno,male_02_IUS-M02201.wav,male,-10,Base_NLMS,0.5798,1.411,11.97,-11.19
club,techno,male_02_IUS-M02201.wav,male,-10,Leaky_NLMS,0.4877,1.475,10.01,-8.69
club,techno,male_02_IUS-M02201.wav,male,-10,Soft_VAD_Leaky,0.4807,1.488,9.58,-8.12
club,techno,male_03_IUS-M04201.wav,male,-10,Unprocessed,0.5278,1.388,0.00,0.00
club,techno,male_03_IUS-M04201.wav,male,-10,FIR_BP,0.5036,1.317,7.62,-10.71
club,techno,male_03_IUS-M04201.wav,male,-10,Parametric_Notch,0.5310,1.420,1.08,-1.01
club,techno,male_03_IUS-M04201.wav,male,-10,Base_NLMS,0.6353,1.396,11.12,-11.47
club,techno,male_03_IUS-M04201.wav,male,-10,Leaky_NLMS,0.5479,1.458,9.64,-8.89
club,techno,male_03_IUS-M04201.wav,male,-10,Soft_VAD_Leaky,0.5394,1.487,9.26,-8.28
club,techno,male_04_IUS-M06201.wav,male,-10,Unprocessed,0.5656,1.377,0.00,0.00
club,techno,male_04_IUS-M06201.wav,male,-10,FIR_BP,0.5468,1.293,7.71,-11.22
club,techno,male_04_IUS-M06201.wav,male,-10,Parametric_Notch,0.5655,1.405,0.96,-0.93
club,techno,male_04_IUS-M06201.wav,male,-10,Base_NLMS,0.6747,1.402,11.50,-11.43
club,techno,male_04_IUS-M06201.wav,male,-10,Leaky_NLMS,0.5863,1.485,9.88,-9.09
club,techno,male_04_IUS-M06201.wav,male,-10,Soft_VAD_Leaky,0.5858,1.508,9.56,-8.51
club,techno,male_05_IUS-M08201.wav,male,-10,Unprocessed,0.4252,1.341,0.00,0.00
club,techno,male_05_IUS-M08201.wav,male,-10,FIR_BP,0.4260,1.404,7.58,-9.92
club,techno,male_05_IUS-M08201.wav,male,-10,Parametric_Notch,0.4229,1.370,1.08,-1.00
club,techno,male_05_IUS-M08201.wav,male,-10,Base_NLMS,0.5909,1.398,12.12,-11.30
club,techno,male_05_IUS-M08201.wav,male,-10,Leaky_NLMS,0.4548,1.488,10.29,-8.71
club,techno,male_05_IUS-M08201.wav,male,-10,Soft_VAD_Leaky,0.4538,1.509,9.82,-8.00
club,techno,male_06_IUS-M10201.wav,male,-10,Unprocessed,0.4863,1.350,0.00,0.00
club,techno,male_06_IUS-M10201.wav,male,-10,FIR_BP,0.4796,1.415,6.99,-9.72
club,techno,male_06_IUS-M10201.wav,male,-10,Parametric_Notch,0.4816,1.380,1.07,-1.01
club,techno,male_06_IUS-M10201.wav,male,-10,Base_NLMS,0.6352,1.398,11.21,-10.78
club,techno,male_06_IUS-M10201.wav,male,-10,Leaky_NLMS,0.5126,1.515,10.26,-8.59
club,techno,male_06_IUS-M10201.wav,male,-10,Soft_VAD_Leaky,0.5124,1.542,9.70,-7.92
club,techno,male_07_IUS-M12201.wav,male,-10,Unprocessed,0.5494,1.346,0.00,0.00
club,techno,male_07_IUS-M12201.wav,male,-10,FIR_BP,0.5281,1.408,7.76,-10.02
club,techno,male_07_IUS-M12201.wav,male,-10,Parametric_Notch,0.5486,1.380,0.98,-0.92
club,techno,male_07_IUS-M12201.wav,male,-10,Base_NLMS,0.6690,1.511,12.28,-11.13
club,techno,male_07_IUS-M12201.wav,male,-10,Leaky_NLMS,0.5505,1.571,10.27,-8.90
club,techno,male_07_IUS-M12201.wav,male,-10,Soft_VAD_Leaky,0.5537,1.612,9.84,-8.11
club,techno,male_08_IUS-M14201.wav,male,-10,Unprocessed,0.4448,1.349,0.00,0.00
club,techno,male_08_IUS-M14201.wav,male,-10,FIR_BP,0.4385,1.357,7.18,-9.89
club,techno,male_08_IUS-M14201.wav,male,-10,Parametric_Notch,0.4412,1.373,1.09,-0.99
club,techno,male_08_IUS-M14201.wav,male,-10,Base_NLMS,0.5250,1.324,11.87,-11.31
club,techno,male_08_IUS-M14201.wav,male,-10,Leaky_NLMS,0.4685,1.400,10.33,-8.94
club,techno,male_08_IUS-M14201.wav,male,-10,Soft_VAD_Leaky,0.4692,1.422,9.90,-8.32
club,techno,male_09_IUS-M16201.wav,male,-10,Unprocessed,0.5036,1.346,0.00,0.00
club,techno,male_09_IUS-M16201.wav,male,-10,FIR_BP,0.4981,1.342,7.66,-10.40
club,techno,male_09_IUS-M16201.wav,male,-10,Parametric_Notch,0.5014,1.374,1.08,-1.01
club,techno,male_09_IUS-M16201.wav,male,-10,Base_NLMS,0.6238,1.383,12.21,-11.25
club,techno,male_09_IUS-M16201.wav,male,-10,Leaky_NLMS,0.5296,1.456,10.09,-8.84
club,techno,male_09_IUS-M16201.wav,male,-10,Soft_VAD_Leaky,0.5298,1.478,9.87,-8.29
club,techno,male_10_IUS-M18201.wav,male,-10,Unprocessed,0.5201,1.370,0.00,0.00
club,techno,male_10_IUS-M18201.wav,male,-10,FIR_BP,0.5181,1.378,7.18,-9.70
club,techno,male_10_IUS-M18201.wav,male,-10,Parametric_Notch,0.5194,1.399,1.02,-0.96
club,techno,male_10_IUS-M18201.wav,male,-10,Base_NLMS,0.6230,1.414,12.02,-11.17
club,techno,male_10_IUS-M18201.wav,male,-10,Leaky_NLMS,0.5351,1.487,10.10,-8.76
club,techno,male_10_IUS-M18201.wav,male,-10,Soft_VAD_Leaky,0.5403,1.516,9.68,-8.01
club,techno,female_01_IUS-F00202.wav,female,-10,Unprocessed,0.4110,1.262,0.00,0.00
club,techno,female_01_IUS-F00202.wav,female,-10,FIR_BP,0.4023,1.323,8.13,-10.69
club,techno,female_01_IUS-F00202.wav,female,-10,Parametric_Notch,0.4132,1.289,1.07,-1.00
club,techno,female_01_IUS-F00202.wav,female,-10,Base_NLMS,0.4978,1.451,12.44,-11.54
club,techno,female_01_IUS-F00202.wav,female,-10,Leaky_NLMS,0.4213,1.490,10.08,-9.04
club,techno,female_01_IUS-F00202.wav,female,-10,Soft_VAD_Leaky,0.4195,1.498,9.79,-8.58
club,techno,female_02_IUS-F02202.wav,female,-10,Unprocessed,0.4257,1.345,0.00,0.00
club,techno,female_02_IUS-F02202.wav,female,-10,FIR_BP,0.4190,1.250,8.19,-10.98
club,techno,female_02_IUS-F02202.wav,female,-10,Parametric_Notch,0.4269,1.368,1.05,-0.98
club,techno,female_02_IUS-F02202.wav,female,-10,Base_NLMS,0.5027,1.333,11.72,-11.62
club,techno,female_02_IUS-F02202.wav,female,-10,Leaky_NLMS,0.4397,1.375,9.95,-9.20
club,techno,female_02_IUS-F02202.wav,female,-10,Soft_VAD_Leaky,0.4410,1.387,9.72,-8.74
club,techno,female_03_IUS-F04202.wav,female,-10,Unprocessed,0.5320,1.329,0.00,0.00
club,techno,female_03_IUS-F04202.wav,female,-10,FIR_BP,0.5148,1.279,7.16,-10.45
club,techno,female_03_IUS-F04202.wav,female,-10,Parametric_Notch,0.5354,1.362,1.16,-1.05
club,techno,female_03_IUS-F04202.wav,female,-10,Base_NLMS,0.5965,1.396,11.46,-11.08
club,techno,female_03_IUS-F04202.wav,female,-10,Leaky_NLMS,0.5518,1.467,10.00,-8.65
club,techno,female_03_IUS-F04202.wav,female,-10,Soft_VAD_Leaky,0.5494,1.490,9.35,-7.89
club,techno,female_04_IUS-F06202.wav,female,-10,Unprocessed,0.5305,1.342,0.00,0.00
club,techno,female_04_IUS-F06202.wav,female,-10,FIR_BP,0.5198,1.246,7.87,-11.40
club,techno,female_04_IUS-F06202.wav,female,-10,Parametric_Notch,0.5292,1.369,1.06,-0.96
club,techno,female_04_IUS-F06202.wav,female,-10,Base_NLMS,0.6413,1.400,11.75,-11.15
club,techno,female_04_IUS-F06202.wav,female,-10,Leaky_NLMS,0.5608,1.450,9.81,-8.80
club,techno,female_04_IUS-F06202.wav,female,-10,Soft_VAD_Leaky,0.5623,1.473,9.60,-8.30
club,techno,female_05_IUS-F08202.wav,female,-10,Unprocessed,0.5366,1.310,0.00,0.00
club,techno,female_05_IUS-F08202.wav,female,-10,FIR_BP,0.5332,1.336,7.83,-10.07
club,techno,female_05_IUS-F08202.wav,female,-10,Parametric_Notch,0.5395,1.338,1.18,-1.08
club,techno,female_05_IUS-F08202.wav,female,-10,Base_NLMS,0.6481,1.413,11.99,-10.66
club,techno,female_05_IUS-F08202.wav,female,-10,Leaky_NLMS,0.5576,1.432,10.18,-8.70
club,techno,female_05_IUS-F08202.wav,female,-10,Soft_VAD_Leaky,0.5577,1.448,9.80,-8.05
club,techno,female_06_IUS-F10202.wav,female,-10,Unprocessed,0.5361,1.323,0.00,0.00
club,techno,female_06_IUS-F10202.wav,female,-10,FIR_BP,0.5384,1.316,6.65,-10.02
club,techno,female_06_IUS-F10202.wav,female,-10,Parametric_Notch,0.5374,1.351,1.06,-0.96
club,techno,female_06_IUS-F10202.wav,female,-10,Base_NLMS,0.6875,1.420,11.95,-10.54
club,techno,female_06_IUS-F10202.wav,female,-10,Leaky_NLMS,0.5703,1.473,10.16,-8.47
club,techno,female_06_IUS-F10202.wav,female,-10,Soft_VAD_Leaky,0.5732,1.497,9.62,-7.79
club,techno,female_07_IUS-F12202.wav,female,-10,Unprocessed,0.4525,1.312,0.00,0.00
club,techno,female_07_IUS-F12202.wav,female,-10,FIR_BP,0.4329,1.304,7.52,-10.41
club,techno,female_07_IUS-F12202.wav,female,-10,Parametric_Notch,0.4534,1.340,1.13,-1.03
club,techno,female_07_IUS-F12202.wav,female,-10,Base_NLMS,0.5335,1.358,11.35,-11.02
club,techno,female_07_IUS-F12202.wav,female,-10,Leaky_NLMS,0.4732,1.402,9.96,-8.82
club,techno,female_07_IUS-F12202.wav,female,-10,Soft_VAD_Leaky,0.4693,1.438,9.60,-8.03
club,techno,female_08_IUS-F14202.wav,female,-10,Unprocessed,0.5178,1.301,0.00,0.00
club,techno,female_08_IUS-F14202.wav,female,-10,FIR_BP,0.5066,1.347,6.63,-9.83
club,techno,female_08_IUS-F14202.wav,female,-10,Parametric_Notch,0.5233,1.327,1.07,-0.98
club,techno,female_08_IUS-F14202.wav,female,-10,Base_NLMS,0.6106,1.420,12.60,-10.64
club,techno,female_08_IUS-F14202.wav,female,-10,Leaky_NLMS,0.5220,1.448,10.29,-8.61
club,techno,female_08_IUS-F14202.wav,female,-10,Soft_VAD_Leaky,0.5284,1.459,9.76,-7.97
club,techno,female_09_IUS-F16202.wav,female,-10,Unprocessed,0.5273,1.326,0.00,0.00
club,techno,female_09_IUS-F16202.wav,female,-10,FIR_BP,0.5178,1.308,9.00,-10.43
club,techno,female_09_IUS-F16202.wav,female,-10,Parametric_Notch,0.5274,1.352,1.12,-1.06
club,techno,female_09_IUS-F16202.wav,female,-10,Base_NLMS,0.6539,1.384,11.55,-10.71
club,techno,female_09_IUS-F16202.wav,female,-10,Leaky_NLMS,0.5507,1.417,9.92,-8.85
club,techno,female_09_IUS-F16202.wav,female,-10,Soft_VAD_Leaky,0.5502,1.436,9.43,-8.16
club,techno,female_10_IUS-F18202.wav,female,-10,Unprocessed,0.4923,1.329,0.00,0.00
club,techno,female_10_IUS-F18202.wav,female,-10,FIR_BP,0.4810,1.335,6.60,-10.07
club,techno,female_10_IUS-F18202.wav,female,-10,Parametric_Notch,0.4899,1.356,0.99,-0.91
club,techno,female_10_IUS-F18202.wav,female,-10,Base_NLMS,0.6162,1.476,12.81,-10.81
club,techno,female_10_IUS-F18202.wav,female,-10,Leaky_NLMS,0.5134,1.479,10.24,-8.70
club,techno,female_10_IUS-F18202.wav,female,-10,Soft_VAD_Leaky,0.5149,1.491,9.73,-8.08
club,techno,male_01_IUS-M00201.wav,male,-5,Unprocessed,0.6680,1.543,0.00,0.00
club,techno,male_01_IUS-M00201.wav,male,-5,FIR_BP,0.6716,1.422,3.68,-7.66
club,techno,male_01_IUS-M00201.wav,male,-5,Parametric_Notch,0.6672,1.590,0.93,-0.82
club,techno,male_01_IUS-M00201.wav,male,-5,Base_NLMS,0.7187,1.493,8.37,-9.27
club,techno,male_01_IUS-M00201.wav,male,-5,Leaky_NLMS,0.6934,1.653,8.52,-7.33
club,techno,male_01_IUS-M00201.wav,male,-5,Soft_VAD_Leaky,0.6963,1.727,8.88,-6.56
club,techno,male_02_IUS-M02201.wav,male,-5,Unprocessed,0.6262,1.592,0.00,0.00
club,techno,male_02_IUS-M02201.wav,male,-5,FIR_BP,0.5989,1.369,2.96,-8.09
club,techno,male_02_IUS-M02201.wav,male,-5,Parametric_Notch,0.6260,1.634,0.93,-0.83
club,techno,male_02_IUS-M02201.wav,male,-5,Base_NLMS,0.6638,1.515,7.98,-8.85
club,techno,male_02_IUS-M02201.wav,male,-5,Leaky_NLMS,0.6342,1.644,8.25,-7.02
club,techno,male_02_IUS-M02201.wav,male,-5,Soft_VAD_Leaky,0.6331,1.690,8.28,-6.23
club,techno,male_03_IUS-M04201.wav,male,-5,Unprocessed,0.6744,1.606,-0.00,0.00
club,techno,male_03_IUS-M04201.wav,male,-5,FIR_BP,0.6417,1.388,3.34,-8.01
club,techno,male_03_IUS-M04201.wav,male,-5,Parametric_Notch,0.6764,1.662,1.05,-0.86
club,techno,male_03_IUS-M04201.wav,male,-5,Base_NLMS,0.7173,1.497,7.27,-9.16
club,techno,male_03_IUS-M04201.wav,male,-5,Leaky_NLMS,0.6865,1.606,7.54,-7.06
club,techno,male_03_IUS-M04201.wav,male,-5,Soft_VAD_Leaky,0.6847,1.679,7.54,-6.15
club,techno,male_04_IUS-M06201.wav,male,-5,Unprocessed,0.7195,1.589,0.00,0.00
club,techno,male_04_IUS-M06201.wav,male,-5,FIR_BP,0.6946,1.354,3.51,-8.73
club,techno,male_04_IUS-M06201.wav,male,-5,Parametric_Notch,0.7181,1.636,0.89,-0.82
club,techno,male_04_IUS-M06201.wav,male,-5,Base_NLMS,0.7417,1.510,7.77,-8.98
club,techno,male_04_IUS-M06201.wav,male,-5,Leaky_NLMS,0.7393,1.663,7.92,-7.31
club,techno,male_04_IUS-M06201.wav,male,-5,Soft_VAD_Leaky,0.7408,1.731,8.00,-6.49
club,techno,male_05_IUS-M08201.wav,male,-5,Unprocessed,0.5996,1.534,0.00,0.00
club,techno,male_05_IUS-M08201.wav,male,-5,FIR_BP,0.5922,1.492,3.27,-6.85
club,techno,male_05_IUS-M08201.wav,male,-5,Parametric_Notch,0.5955,1.586,1.05,-0.86
club,techno,male_05_IUS-M08201.wav,male,-5,Base_NLMS,0.6791,1.499,8.16,-8.86
club,techno,male_05_IUS-M08201.wav,male,-5,Leaky_NLMS,0.6321,1.684,8.80,-6.88
club,techno,male_05_IUS-M08201.wav,male,-5,Soft_VAD_Leaky,0.6301,1.765,9.20,-5.88
club,techno,male_06_IUS-M10201.wav,male,-5,Unprocessed,0.6497,1.565,0.00,0.00
club,techno,male_06_IUS-M10201.wav,male,-5,FIR_BP,0.6398,1.507,2.64,-6.61
club,techno,male_06_IUS-M10201.wav,male,-5,Parametric_Notch,0.6459,1.621,1.04,-0.86
club,techno,male_06_IUS-M10201.wav,male,-5,Base_NLMS,0.7212,1.492,7.46,-8.43
club,techno,male_06_IUS-M10201.wav,male,-5,Leaky_NLMS,0.6773,1.723,8.66,-6.72
club,techno,male_06_IUS-M10201.wav,male,-5,Soft_VAD_Leaky,0.6783,1.836,8.85,-5.65
club,techno,male_07_IUS-M12201.wav,male,-5,Unprocessed,0.6900,1.552,0.00,0.00
club,techno,male_07_IUS-M12201.wav,male,-5,FIR_BP,0.6627,1.471,3.56,-7.00
club,techno,male_07_IUS-M12201.wav,male,-5,Parametric_Notch,0.6867,1.617,0.95,-0.80
club,techno,male_07_IUS-M12201.wav,male,-5,Base_NLMS,0.7477,1.627,8.13,-8.51
club,techno,male_07_IUS-M12201.wav,male,-5,Leaky_NLMS,0.6924,1.790,8.52,-7.02
club,techno,male_07_IUS-M12201.wav,male,-5,Soft_VAD_Leaky,0.6951,1.941,8.90,-5.67
club,techno,male_08_IUS-M14201.wav,male,-5,Unprocessed,0.5711,1.539,0.00,0.00
club,techno,male_08_IUS-M14201.wav,male,-5,FIR_BP,0.5600,1.464,2.89,-6.79
club,techno,male_08_IUS-M14201.wav,male,-5,Parametric_Notch,0.5678,1.582,1.08,-0.84
club,techno,male_08_IUS-M14201.wav,male,-5,Base_NLMS,0.5889,1.370,7.77,-9.17
club,techno,male_08_IUS-M14201.wav,male,-5,Leaky_NLMS,0.5885,1.516,8.54,-7.42
club,techno,male_08_IUS-M14201.wav,male,-5,Soft_VAD_Leaky,0.5939,1.599,8.87,-6.46
club,techno,male_09_IUS-M16201.wav,male,-5,Unprocessed,0.6386,1.542,-0.00,0.00
club,techno,male_09_IUS-M16201.wav,male,-5,FIR_BP,0.6231,1.422,3.43,-7.42
club,techno,male_09_IUS-M16201.wav,male,-5,Parametric_Notch,0.6363,1.592,1.05,-0.87
club,techno,male_09_IUS-M16201.wav,male,-5,Base_NLMS,0.6692,1.464,8.32,-8.76
club,techno,male_09_IUS-M16201.wav,male,-5,Leaky_NLMS,0.6495,1.620,8.41,-7.06
club,techno,male_09_IUS-M16201.wav,male,-5,Soft_VAD_Leaky,0.6567,1.716,8.99,-6.00
club,techno,male_10_IUS-M18201.wav,male,-5,Unprocessed,0.6717,1.573,0.00,0.00
club,techno,male_10_IUS-M18201.wav,male,-5,FIR_BP,0.6585,1.460,3.00,-6.67
club,techno,male_10_IUS-M18201.wav,male,-5,Parametric_Notch,0.6719,1.625,1.00,-0.78
club,techno,male_10_IUS-M18201.wav,male,-5,Base_NLMS,0.6899,1.518,7.95,-8.70
club,techno,male_10_IUS-M18201.wav,male,-5,Leaky_NLMS,0.6828,1.652,8.21,-6.95
club,techno,male_10_IUS-M18201.wav,male,-5,Soft_VAD_Leaky,0.6880,1.746,8.62,-5.78
club,techno,female_01_IUS-F00202.wav,female,-5,Unprocessed,0.5381,1.412,0.00,0.00
club,techno,female_01_IUS-F00202.wav,female,-5,FIR_BP,0.5275,1.381,4.10,-7.97
club,techno,female_01_IUS-F00202.wav,female,-5,Parametric_Notch,0.5411,1.466,1.06,-0.87
club,techno,female_01_IUS-F00202.wav,female,-5,Base_NLMS,0.5735,1.531,8.91,-9.36
club,techno,female_01_IUS-F00202.wav,female,-5,Leaky_NLMS,0.5414,1.680,8.70,-7.61
club,techno,female_01_IUS-F00202.wav,female,-5,Soft_VAD_Leaky,0.5424,1.754,8.89,-6.70
club,techno,female_02_IUS-F02202.wav,female,-5,Unprocessed,0.5831,1.524,0.00,0.00
club,techno,female_02_IUS-F02202.wav,female,-5,FIR_BP,0.5661,1.306,4.07,-8.39
club,techno,female_02_IUS-F02202.wav,female,-5,Parametric_Notch,0.5856,1.566,1.03,-0.84
club,techno,female_02_IUS-F02202.wav,female,-5,Base_NLMS,0.5861,1.393,7.59,-9.51
club,techno,female_02_IUS-F02202.wav,female,-5,Leaky_NLMS,0.5844,1.480,7.98,-7.84
club,techno,female_02_IUS-F02202.wav,female,-5,Soft_VAD_Leaky,0.5913,1.538,8.29,-7.00
club,techno,female_03_IUS-F04202.wav,female,-5,Unprocessed,0.6833,1.526,0.00,0.00
club,techno,female_03_IUS-F04202.wav,female,-5,FIR_BP,0.6548,1.333,2.86,-7.66
club,techno,female_03_IUS-F04202.wav,female,-5,Parametric_Notch,0.6870,1.590,1.15,-0.86
club,techno,female_03_IUS-F04202.wav,female,-5,Base_NLMS,0.6621,1.447,7.56,-8.91
club,techno,female_03_IUS-F04202.wav,female,-5,Leaky_NLMS,0.6892,1.617,8.38,-7.01
club,techno,female_03_IUS-F04202.wav,female,-5,Soft_VAD_Leaky,0.6918,1.704,8.25,-5.94
club,techno,female_04_IUS-F06202.wav,female,-5,Unprocessed,0.6970,1.542,0.00,0.00
club,techno,female_04_IUS-F06202.wav,female,-5,FIR_BP,0.6687,1.296,3.71,-9.10
club,techno,female_04_IUS-F06202.wav,female,-5,Parametric_Notch,0.6954,1.594,1.03,-0.81
club,techno,female_04_IUS-F06202.wav,female,-5,Base_NLMS,0.7161,1.492,8.03,-8.62
club,techno,female_04_IUS-F06202.wav,female,-5,Leaky_NLMS,0.7081,1.610,8.14,-7.03
club,techno,female_04_IUS-F06202.wav,female,-5,Soft_VAD_Leaky,0.7116,1.678,8.37,-6.33
club,techno,female_05_IUS-F08202.wav,female,-5,Unprocessed,0.6773,1.485,0.00,0.00
club,techno,female_05_IUS-F08202.wav,female,-5,FIR_BP,0.6734,1.422,3.59,-7.03
club,techno,female_05_IUS-F08202.wav,female,-5,Parametric_Notch,0.6798,1.539,1.16,-0.92
club,techno,female_05_IUS-F08202.wav,female,-5,Base_NLMS,0.7390,1.509,8.42,-8.27
club,techno,female_05_IUS-F08202.wav,female,-5,Leaky_NLMS,0.6946,1.579,8.54,-6.93
club,techno,female_05_IUS-F08202.wav,female,-5,Soft_VAD_Leaky,0.6981,1.661,8.93,-5.93
club,techno,female_06_IUS-F10202.wav,female,-5,Unprocessed,0.7010,1.520,-0.00,0.00
club,techno,female_06_IUS-F10202.wav,female,-5,FIR_BP,0.6957,1.379,2.28,-7.09
club,techno,female_06_IUS-F10202.wav,female,-5,Parametric_Notch,0.7036,1.575,1.05,-0.80
club,techno,female_06_IUS-F10202.wav,female,-5,Base_NLMS,0.7369,1.484,7.85,-8.19
club,techno,female_06_IUS-F10202.wav,female,-5,Leaky_NLMS,0.7257,1.655,8.71,-6.62
club,techno,female_06_IUS-F10202.wav,female,-5,Soft_VAD_Leaky,0.7313,1.762,8.70,-5.45
club,techno,female_07_IUS-F12202.wav,female,-5,Unprocessed,0.5918,1.484,0.00,0.00
club,techno,female_07_IUS-F12202.wav,female,-5,FIR_BP,0.5660,1.375,3.33,-7.55
club,techno,female_07_IUS-F12202.wav,female,-5,Parametric_Notch,0.5926,1.535,1.11,-0.88
club,techno,female_07_IUS-F12202.wav,female,-5,Base_NLMS,0.6107,1.425,7.68,-8.87
club,techno,female_07_IUS-F12202.wav,female,-5,Leaky_NLMS,0.6028,1.522,8.30,-7.30
club,techno,female_07_IUS-F12202.wav,female,-5,Soft_VAD_Leaky,0.6031,1.645,8.62,-5.82
club,techno,female_08_IUS-F14202.wav,female,-5,Unprocessed,0.6708,1.485,0.00,0.00
club,techno,female_08_IUS-F14202.wav,female,-5,FIR_BP,0.6457,1.435,2.23,-6.79
club,techno,female_08_IUS-F14202.wav,female,-5,Parametric_Notch,0.6751,1.534,1.06,-0.82
club,techno,female_08_IUS-F14202.wav,female,-5,Base_NLMS,0.6933,1.497,8.90,-8.09
club,techno,female_08_IUS-F14202.wav,female,-5,Leaky_NLMS,0.6709,1.622,8.97,-6.73
club,techno,female_08_IUS-F14202.wav,female,-5,Soft_VAD_Leaky,0.6792,1.691,8.97,-5.85
club,techno,female_09_IUS-F16202.wav,female,-5,Unprocessed,0.6756,1.509,0.00,0.00
club,techno,female_09_IUS-F16202.wav,female,-5,FIR_BP,0.6605,1.387,5.09,-7.55
club,techno,female_09_IUS-F16202.wav,female,-5,Parametric_Notch,0.6760,1.559,1.08,-0.92
club,techno,female_09_IUS-F16202.wav,female,-5,Base_NLMS,0.7308,1.468,7.90,-8.48
club,techno,female_09_IUS-F16202.wav,female,-5,Leaky_NLMS,0.6933,1.556,8.14,-7.24
club,techno,female_09_IUS-F16202.wav,female,-5,Soft_VAD_Leaky,0.6974,1.630,8.35,-6.25
club,techno,female_10_IUS-F18202.wav,female,-5,Unprocessed,0.6647,1.521,0.00,0.00
club,techno,female_10_IUS-F18202.wav,female,-5,FIR_BP,0.6514,1.405,2.24,-7.09
club,techno,female_10_IUS-F18202.wav,female,-5,Parametric_Notch,0.6636,1.572,0.96,-0.77
club,techno,female_10_IUS-F18202.wav,female,-5,Base_NLMS,0.7114,1.588,9.01,-8.14
club,techno,female_10_IUS-F18202.wav,female,-5,Leaky_NLMS,0.6873,1.670,8.79,-6.82
club,techno,female_10_IUS-F18202.wav,female,-5,Soft_VAD_Leaky,0.6874,1.721,8.62,-5.86
club,techno,male_01_IUS-M00201.wav,male,0,Unprocessed,0.8158,1.987,0.00,0.00
club,techno,male_01_IUS-M00201.wav,male,0,FIR_BP,0.7958,1.483,-1.03,-4.85
club,techno,male_01_IUS-M00201.wav,male,0,Parametric_Notch,0.8080,2.026,0.78,-0.62
club,techno,male_01_IUS-M00201.wav,male,0,Base_NLMS,0.7533,1.519,3.01,-7.55
club,techno,male_01_IUS-M00201.wav,male,0,Leaky_NLMS,0.8095,1.812,4.73,-5.89
club,techno,male_01_IUS-M00201.wav,male,0,Soft_VAD_Leaky,0.8297,2.106,6.82,-4.20
club,techno,male_02_IUS-M02201.wav,male,0,Unprocessed,0.7749,2.069,0.00,0.00
club,techno,male_02_IUS-M02201.wav,male,0,FIR_BP,0.7347,1.429,-1.77,-5.51
club,techno,male_02_IUS-M02201.wav,male,0,Parametric_Notch,0.7727,2.086,0.75,-0.61
club,techno,male_02_IUS-M02201.wav,male,0,Base_NLMS,0.7140,1.541,2.37,-7.34
club,techno,male_02_IUS-M02201.wav,male,0,Leaky_NLMS,0.7618,1.780,4.12,-5.75
club,techno,male_02_IUS-M02201.wav,male,0,Soft_VAD_Leaky,0.7661,1.942,5.31,-4.39
club,techno,male_03_IUS-M04201.wav,male,0,Unprocessed,0.8090,2.074,0.00,0.00
club,techno,male_03_IUS-M04201.wav,male,0,FIR_BP,0.7648,1.455,-1.41,-5.42
club,techno,male_03_IUS-M04201.wav,male,0,Parametric_Notch,0.8086,2.153,0.93,-0.60
club,techno,male_03_IUS-M04201.wav,male,0,Base_NLMS,0.7537,1.529,2.13,-7.46
club,techno,male_03_IUS-M04201.wav,male,0,Leaky_NLMS,0.8023,1.752,3.74,-5.64
club,techno,male_03_IUS-M04201.wav,male,0,Soft_VAD_Leaky,0.8081,1.935,4.56,-4.10
club,techno,male_04_IUS-M06201.wav,male,0,Unprocessed,0.8537,2.067,0.00,0.00
club,techno,male_04_IUS-M06201.wav,male,0,FIR_BP,0.8118,1.413,-1.21,-6.22
club,techno,male_04_IUS-M06201.wav,male,0,Parametric_Notch,0.8501,2.104,0.69,-0.63
club,techno,male_04_IUS-M06201.wav,male,0,Base_NLMS,0.7697,1.568,2.78,-7.07
club,techno,male_04_IUS-M06201.wav,male,0,Leaky_NLMS,0.8451,1.834,4.17,-5.72
club,techno,male_04_IUS-M06201.wav,male,0,Soft_VAD_Leaky,0.8546,2.011,4.88,-4.52
club,techno,male_05_IUS-M08201.wav,male,0,Unprocessed,0.7587,1.967,0.00,0.00
club,techno,male_05_IUS-M08201.wav,male,0,FIR_BP,0.7360,1.553,-1.51,-3.96
club,techno,male_05_IUS-M08201.wav,male,0,Parametric_Notch,0.7511,2.034,0.98,-0.60
club,techno,male_05_IUS-M08201.wav,male,0,Base_NLMS,0.7346,1.577,2.96,-6.98
club,techno,male_05_IUS-M08201.wav,male,0,Leaky_NLMS,0.7738,1.894,5.04,-5.38
club,techno,male_05_IUS-M08201.wav,male,0,Soft_VAD_Leaky,0.7743,2.127,7.42,-3.60
club,techno,male_06_IUS-M10201.wav,male,0,Unprocessed,0.8022,2.063,0.00,0.00
club,techno,male_06_IUS-M10201.wav,male,0,FIR_BP,0.7732,1.564,-2.14,-3.70
club,techno,male_06_IUS-M10201.wav,male,0,Parametric_Notch,0.7983,2.125,0.94,-0.60
club,techno,male_06_IUS-M10201.wav,male,0,Base_NLMS,0.7764,1.560,2.54,-6.59
club,techno,male_06_IUS-M10201.wav,male,0,Leaky_NLMS,0.8128,1.925,4.75,-5.15
club,techno,male_06_IUS-M10201.wav,male,0,Soft_VAD_Leaky,0.8192,2.295,7.03,-3.44
club,techno,male_07_IUS-M12201.wav,male,0,Unprocessed,0.8234,2.059,0.00,0.00
club,techno,male_07_IUS-M12201.wav,male,0,FIR_BP,0.7792,1.504,-1.15,-4.03
club,techno,male_07_IUS-M12201.wav,male,0,Parametric_Notch,0.8161,2.157,0.83,-0.58
club,techno,male_07_IUS-M12201.wav,male,0,Base_NLMS,0.7936,1.691,3.01,-6.48
club,techno,male_07_IUS-M12201.wav,male,0,Leaky_NLMS,0.8088,1.975,4.65,-5.37
club,techno,male_07_IUS-M12201.wav,male,0,Soft_VAD_Leaky,0.8243,2.411,7.29,-3.32
club,techno,male_08_IUS-M14201.wav,male,0,Unprocessed,0.7040,1.942,0.00,0.00
club,techno,male_08_IUS-M14201.wav,male,0,FIR_BP,0.6834,1.560,-1.86,-3.65
club,techno,male_08_IUS-M14201.wav,male,0,Parametric_Notch,0.7002,1.999,1.04,-0.57
club,techno,male_08_IUS-M14201.wav,male,0,Base_NLMS,0.6274,1.391,2.51,-7.68
club,techno,male_08_IUS-M14201.wav,male,0,Leaky_NLMS,0.6981,1.618,4.39,-6.20
club,techno,male_08_IUS-M14201.wav,male,0,Soft_VAD_Leaky,0.7167,1.927,6.82,-4.14
club,techno,male_09_IUS-M16201.wav,male,0,Unprocessed,0.7690,1.981,-0.00,0.00
club,techno,male_09_IUS-M16201.wav,male,0,FIR_BP,0.7350,1.487,-1.30,-4.60
club,techno,male_09_IUS-M16201.wav,male,0,Parametric_Notch,0.7624,2.037,0.96,-0.63
club,techno,male_09_IUS-M16201.wav,male,0,Base_NLMS,0.7036,1.528,3.18,-6.91
club,techno,male_09_IUS-M16201.wav,male,0,Leaky_NLMS,0.7552,1.792,4.71,-5.51
club,techno,male_09_IUS-M16201.wav,male,0,Soft_VAD_Leaky,0.7710,2.078,7.15,-3.84
club,techno,male_10_IUS-M18201.wav,male,0,Unprocessed,0.8046,2.014,-0.00,0.00
club,techno,male_10_IUS-M18201.wav,male,0,FIR_BP,0.7752,1.524,-1.68,-3.83
club,techno,male_10_IUS-M18201.wav,male,0,Parametric_Notch,0.8034,2.083,0.93,-0.53
club,techno,male_10_IUS-M18201.wav,male,0,Base_NLMS,0.7361,1.575,2.76,-6.95
club,techno,male_10_IUS-M18201.wav,male,0,Leaky_NLMS,0.7934,1.822,4.29,-5.48
club,techno,male_10_IUS-M18201.wav,male,0,Soft_VAD_Leaky,0.8062,2.083,6.51,-3.74
club,techno,female_01_IUS-F00202.wav,female,0,Unprocessed,0.6402,1.790,0.00,0.00
club,techno,female_01_IUS-F00202.wav,female,0,FIR_BP,0.6251,1.424,-0.53,-5.10
club,techno,female_01_IUS-F00202.wav,female,0,Parametric_Notch,0.6440,1.902,1.03,-0.64
club,techno,female_01_IUS-F00202.wav,female,0,Base_NLMS,0.6119,1.521,3.76,-7.72
club,techno,female_01_IUS-F00202.wav,female,0,Leaky_NLMS,0.6239,1.787,5.27,-6.30
club,techno,female_01_IUS-F00202.wav,female,0,Soft_VAD_Leaky,0.6383,2.145,7.09,-4.31
club,techno,female_02_IUS-F02202.wav,female,0,Unprocessed,0.7187,1.916,0.00,0.00
club,techno,female_02_IUS-F02202.wav,female,0,FIR_BP,0.6918,1.361,-0.61,-5.65
club,techno,female_02_IUS-F02202.wav,female,0,Parametric_Notch,0.7217,1.977,0.97,-0.59
club,techno,female_02_IUS-F02202.wav,female,0,Base_NLMS,0.6418,1.408,2.37,-8.01
club,techno,female_02_IUS-F02202.wav,female,0,Leaky_NLMS,0.6866,1.563,3.87,-6.74
club,techno,female_02_IUS-F02202.wav,female,0,Soft_VAD_Leaky,0.7146,1.783,5.89,-4.91
club,techno,female_03_IUS-F04202.wav,female,0,Unprocessed,0.8074,1.976,0.00,0.00
club,techno,female_03_IUS-F04202.wav,female,0,FIR_BP,0.7707,1.376,-1.89,-5.02
club,techno,female_03_IUS-F04202.wav,female,0,Parametric_Notch,0.8117,2.076,1.11,-0.58
club,techno,female_03_IUS-F04202.wav,female,0,Base_NLMS,0.6881,1.428,2.26,-7.42
club,techno,female_03_IUS-F04202.wav,female,0,Leaky_NLMS,0.7746,1.706,4.47,-5.81
club,techno,female_03_IUS-F04202.wav,female,0,Soft_VAD_Leaky,0.8027,2.014,6.21,-3.95
club,techno,female_04_IUS-F06202.wav,female,0,Unprocessed,0.8389,2.002,0.00,0.00
club,techno,female_04_IUS-F06202.wav,female,0,FIR_BP,0.7937,1.347,-0.99,-6.69
club,techno,female_04_IUS-F06202.wav,female,0,Parametric_Notch,0.8371,2.083,0.94,-0.56
club,techno,female_04_IUS-F06202.wav,female,0,Base_NLMS,0.7651,1.527,2.67,-6.63
club,techno,female_04_IUS-F06202.wav,female,0,Leaky_NLMS,0.8080,1.711,4.45,-5.59
club,techno,female_04_IUS-F06202.wav,female,0,Soft_VAD_Leaky,0.8212,1.914,5.71,-4.41
club,techno,female_05_IUS-F08202.wav,female,0,Unprocessed,0.7961,1.880,0.00,0.00
club,techno,female_05_IUS-F08202.wav,female,0,FIR_BP,0.7817,1.496,-1.14,-3.95
club,techno,female_05_IUS-F08202.wav,female,0,Parametric_Notch,0.7979,1.961,1.12,-0.63
club,techno,female_05_IUS-F08202.wav,female,0,Base_NLMS,0.7684,1.527,3.39,-6.40
club,techno,female_05_IUS-F08202.wav,female,0,Leaky_NLMS,0.7900,1.709,4.89,-5.39
club,techno,female_05_IUS-F08202.wav,female,0,Soft_VAD_Leaky,0.8060,1.993,7.35,-3.78
club,techno,female_06_IUS-F10202.wav,female,0,Unprocessed,0.8404,1.975,0.00,0.00
club,techno,female_06_IUS-F10202.wav,female,0,FIR_BP,0.8174,1.430,-2.49,-4.32
club,techno,female_06_IUS-F10202.wav,female,0,Parametric_Notch,0.8431,2.062,1.01,-0.53
club,techno,female_06_IUS-F10202.wav,female,0,Base_NLMS,0.7545,1.495,2.48,-6.69
club,techno,female_06_IUS-F10202.wav,female,0,Leaky_NLMS,0.8287,1.803,4.98,-5.23
club,techno,female_06_IUS-F10202.wav,female,0,Soft_VAD_Leaky,0.8437,2.115,7.04,-3.31
club,techno,female_07_IUS-F12202.wav,female,0,Unprocessed,0.7337,1.871,0.00,0.00
club,techno,female_07_IUS-F12202.wav,female,0,FIR_BP,0.6999,1.439,-1.37,-4.69
club,techno,female_07_IUS-F12202.wav,female,0,Parametric_Notch,0.7337,1.949,1.08,-0.61
club,techno,female_07_IUS-F12202.wav,female,0,Base_NLMS,0.6642,1.447,2.75,-7.22
club,techno,female_07_IUS-F12202.wav,female,0,Leaky_NLMS,0.7172,1.621,4.53,-6.02
club,techno,female_07_IUS-F12202.wav,female,0,Soft_VAD_Leaky,0.7317,1.949,6.82,-3.55
club,techno,female_08_IUS-F14202.wav,female,0,Unprocessed,0.8212,1.900,-0.00,0.00
club,techno,female_08_IUS-F14202.wav,female,0,FIR_BP,0.7763,1.507,-2.55,-3.67
club,techno,female_08_IUS-F14202.wav,female,0,Parametric_Notch,0.8245,1.977,1.03,-0.55
club,techno,female_08_IUS-F14202.wav,female,0,Base_NLMS,0.7464,1.512,3.55,-6.28
club,techno,female_08_IUS-F14202.wav,female,0,Leaky_NLMS,0.8043,1.785,5.47,-5.18
club,techno,female_08_IUS-F14202.wav,female,0,Soft_VAD_Leaky,0.8267,2.052,7.30,-3.54
club,techno,female_09_IUS-F16202.wav,female,0,Unprocessed,0.7992,1.919,0.00,0.00
club,techno,female_09_IUS-F16202.wav,female,0,FIR_BP,0.7742,1.460,0.50,-4.66
club,techno,female_09_IUS-F16202.wav,female,0,Parametric_Notch,0.8002,1.999,0.96,-0.68
club,techno,female_09_IUS-F16202.wav,female,0,Base_NLMS,0.7682,1.520,3.10,-6.70
club,techno,female_09_IUS-F16202.wav,female,0,Leaky_NLMS,0.7973,1.696,4.41,-5.75
club,techno,female_09_IUS-F16202.wav,female,0,Soft_VAD_Leaky,0.8068,1.906,5.83,-4.21
club,techno,female_10_IUS-F18202.wav,female,0,Unprocessed,0.8144,1.959,0.00,0.00
club,techno,female_10_IUS-F18202.wav,female,0,FIR_BP,0.7886,1.458,-2.53,-4.34
club,techno,female_10_IUS-F18202.wav,female,0,Parametric_Notch,0.8149,2.043,0.90,-0.53
club,techno,female_10_IUS-F18202.wav,female,0,Base_NLMS,0.7629,1.615,3.54,-6.35
club,techno,female_10_IUS-F18202.wav,female,0,Leaky_NLMS,0.8110,1.835,5.05,-5.35
club,techno,female_10_IUS-F18202.wav,female,0,Soft_VAD_Leaky,0.8211,2.026,6.40,-3.69
club,techno,male_01_IUS-M00201.wav,male,5,Unprocessed,0.9157,2.755,0.00,0.00
club,techno,male_01_IUS-M00201.wav,male,5,FIR_BP,0.8744,1.514,-5.93,-2.72
club,techno,male_01_IUS-M00201.wav,male,5,Parametric_Notch,0.9001,2.588,0.35,-0.40
club,techno,male_01_IUS-M00201.wav,male,5,Base_NLMS,0.7590,1.482,-2.64,-7.18
club,techno,male_01_IUS-M00201.wav,male,5,Leaky_NLMS,0.8591,1.821,-0.64,-5.57
club,techno,male_01_IUS-M00201.wav,male,5,Soft_VAD_Leaky,0.9118,2.478,3.17,-2.83
club,techno,male_02_IUS-M02201.wav,male,5,Unprocessed,0.8870,2.823,0.00,0.00
club,techno,male_02_IUS-M02201.wav,male,5,FIR_BP,0.8360,1.465,-6.67,-3.88
club,techno,male_02_IUS-M02201.wav,male,5,Parametric_Notch,0.8823,2.674,0.23,-0.40
club,techno,male_02_IUS-M02201.wav,male,5,Base_NLMS,0.7457,1.501,-3.30,-7.15
club,techno,male_02_IUS-M02201.wav,male,5,Leaky_NLMS,0.8386,1.784,-1.42,-5.56
club,techno,male_02_IUS-M02201.wav,male,5,Soft_VAD_Leaky,0.8663,2.158,0.97,-3.35
club,techno,male_03_IUS-M04201.wav,male,5,Unprocessed,0.9064,2.838,0.00,0.00
club,techno,male_03_IUS-M04201.wav,male,5,FIR_BP,0.8499,1.497,-6.34,-3.67
club,techno,male_03_IUS-M04201.wav,male,5,Parametric_Notch,0.9019,2.870,0.61,-0.35
club,techno,male_03_IUS-M04201.wav,male,5,Base_NLMS,0.7735,1.497,-3.35,-6.98
club,techno,male_03_IUS-M04201.wav,male,5,Leaky_NLMS,0.8642,1.789,-1.45,-5.28
club,techno,male_03_IUS-M04201.wav,male,5,Soft_VAD_Leaky,0.8924,2.198,0.85,-2.70
club,techno,male_04_IUS-M06201.wav,male,5,Unprocessed,0.9398,2.872,0.00,0.00
club,techno,male_04_IUS-M06201.wav,male,5,FIR_BP,0.8812,1.448,-6.11,-4.12
club,techno,male_04_IUS-M06201.wav,male,5,Parametric_Notch,0.9337,2.734,0.13,-0.43
club,techno,male_04_IUS-M06201.wav,male,5,Base_NLMS,0.7871,1.568,-2.70,-6.48
club,techno,male_04_IUS-M06201.wav,male,5,Leaky_NLMS,0.8921,1.885,-0.92,-5.12
club,techno,male_04_IUS-M06201.wav,male,5,Soft_VAD_Leaky,0.9156,2.232,0.80,-2.99
club,techno,male_05_IUS-M08201.wav,male,5,Unprocessed,0.8767,2.696,0.00,0.00
club,techno,male_05_IUS-M08201.wav,male,5,FIR_BP,0.8305,1.575,-6.45,-1.80
club,techno,male_05_IUS-M08201.wav,male,5,Parametric_Notch,0.8642,2.675,0.74,-0.34
club,techno,male_05_IUS-M08201.wav,male,5,Base_NLMS,0.7671,1.596,-2.51,-6.25
club,techno,male_05_IUS-M08201.wav,male,5,Leaky_NLMS,0.8512,1.984,-0.36,-4.80
club,techno,male_05_IUS-M08201.wav,male,5,Soft_VAD_Leaky,0.8788,2.559,4.64,-2.07
club,techno,male_06_IUS-M10201.wav,male,5,Unprocessed,0.9083,2.896,0.00,0.00
club,techno,male_06_IUS-M10201.wav,male,5,FIR_BP,0.8568,1.584,-7.07,-1.40
club,techno,male_06_IUS-M10201.wav,male,5,Parametric_Notch,0.9038,2.821,0.64,-0.35
club,techno,male_06_IUS-M10201.wav,male,5,Base_NLMS,0.8074,1.576,-2.80,-5.86
club,techno,male_06_IUS-M10201.wav,male,5,Leaky_NLMS,0.8890,1.997,-0.57,-4.50
club,techno,male_06_IUS-M10201.wav,male,5,Soft_VAD_Leaky,0.9112,2.833,4.39,-1.92
club,techno,male_07_IUS-M12201.wav,male,5,Unprocessed,0.9193,2.955,0.00,0.00
club,techno,male_07_IUS-M12201.wav,male,5,FIR_BP,0.8546,1.510,-6.05,-1.06
club,techno,male_07_IUS-M12201.wav,male,5,Parametric_Notch,0.9079,2.889,0.49,-0.36
club,techno,male_07_IUS-M12201.wav,male,5,Base_NLMS,0.8155,1.668,-2.31,-5.49
club,techno,male_07_IUS-M12201.wav,male,5,Leaky_NLMS,0.8717,1.975,-0.53,-4.52
club,techno,male_07_IUS-M12201.wav,male,5,Soft_VAD_Leaky,0.9047,2.760,4.51,-1.66
club,techno,male_08_IUS-M14201.wav,male,5,Unprocessed,0.8172,2.603,0.00,0.00
club,techno,male_08_IUS-M14201.wav,male,5,FIR_BP,0.7831,1.614,-6.77,-1.65
club,techno,male_08_IUS-M14201.wav,male,5,Parametric_Notch,0.8140,2.638,0.90,-0.31
club,techno,male_08_IUS-M14201.wav,male,5,Base_NLMS,0.6647,1.396,-3.00,-7.45
club,techno,male_08_IUS-M14201.wav,male,5,Leaky_NLMS,0.7784,1.667,-1.14,-6.00
club,techno,male_08_IUS-M14201.wav,male,5,Soft_VAD_Leaky,0.8203,2.427,4.18,-2.62
club,techno,male_09_IUS-M16201.wav,male,5,Unprocessed,0.8742,2.713,0.00,0.00
club,techno,male_09_IUS-M16201.wav,male,5,FIR_BP,0.8184,1.519,-6.22,-2.13
club,techno,male_09_IUS-M16201.wav,male,5,Parametric_Notch,0.8624,2.662,0.64,-0.35
club,techno,male_09_IUS-M16201.wav,male,5,Base_NLMS,0.7303,1.535,-2.29,-6.13
club,techno,male_09_IUS-M16201.wav,male,5,Leaky_NLMS,0.8292,1.869,-0.42,-4.83
club,techno,male_09_IUS-M16201.wav,male,5,Soft_VAD_Leaky,0.8583,2.403,3.69,-2.31
club,techno,male_10_IUS-M18201.wav,male,5,Unprocessed,0.8983,2.732,0.00,0.00
club,techno,male_10_IUS-M18201.wav,male,5,FIR_BP,0.8501,1.557,-6.55,-1.53
club,techno,male_10_IUS-M18201.wav,male,5,Parametric_Notch,0.8948,2.743,0.72,-0.30
club,techno,male_10_IUS-M18201.wav,male,5,Base_NLMS,0.7641,1.572,-2.68,-6.31
club,techno,male_10_IUS-M18201.wav,male,5,Leaky_NLMS,0.8518,1.901,-0.87,-4.90
club,techno,male_10_IUS-M18201.wav,male,5,Soft_VAD_Leaky,0.8855,2.482,3.39,-2.38
club,techno,female_01_IUS-F00202.wav,female,5,Unprocessed,0.7117,2.563,0.00,0.00
club,techno,female_01_IUS-F00202.wav,female,5,FIR_BP,0.6835,1.443,-5.40,-2.11
club,techno,female_01_IUS-F00202.wav,female,5,Parametric_Notch,0.7149,2.703,0.91,-0.37
club,techno,female_01_IUS-F00202.wav,female,5,Base_NLMS,0.6210,1.442,-1.80,-7.30
club,techno,female_01_IUS-F00202.wav,female,5,Leaky_NLMS,0.6610,1.734,0.10,-5.94
club,techno,female_01_IUS-F00202.wav,female,5,Soft_VAD_Leaky,0.7045,2.587,4.26,-2.66
club,techno,female_02_IUS-F02202.wav,female,5,Unprocessed,0.8265,2.574,0.00,0.00
club,techno,female_02_IUS-F02202.wav,female,5,FIR_BP,0.7928,1.398,-5.50,-2.85
club,techno,female_02_IUS-F02202.wav,female,5,Parametric_Notch,0.8273,2.623,0.76,-0.33
club,techno,female_02_IUS-F02202.wav,female,5,Base_NLMS,0.6720,1.387,-2.95,-7.55
club,techno,female_02_IUS-F02202.wav,female,5,Leaky_NLMS,0.7487,1.571,-1.42,-6.50
club,techno,female_02_IUS-F02202.wav,female,5,Soft_VAD_Leaky,0.8053,2.044,2.32,-3.48
club,techno,female_03_IUS-F04202.wav,female,5,Unprocessed,0.8921,2.730,0.00,0.00
club,techno,female_03_IUS-F04202.wav,female,5,FIR_BP,0.8505,1.400,-6.81,-3.15
club,techno,female_03_IUS-F04202.wav,female,5,Parametric_Notch,0.8962,2.823,0.96,-0.30
club,techno,female_03_IUS-F04202.wav,female,5,Base_NLMS,0.7131,1.390,-3.23,-7.00
club,techno,female_03_IUS-F04202.wav,female,5,Leaky_NLMS,0.8033,1.651,-1.11,-5.61
club,techno,female_03_IUS-F04202.wav,female,5,Soft_VAD_Leaky,0.8663,2.255,2.79,-2.54
club,techno,female_04_IUS-F06202.wav,female,5,Unprocessed,0.9271,2.772,0.00,0.00
club,techno,female_04_IUS-F06202.wav,female,5,FIR_BP,0.8758,1.380,-5.89,-4.70
club,techno,female_04_IUS-F06202.wav,female,5,Parametric_Notch,0.9247,2.835,0.66,-0.31
club,techno,female_04_IUS-F06202.wav,female,5,Base_NLMS,0.7847,1.458,-2.83,-6.32
club,techno,female_04_IUS-F06202.wav,female,5,Leaky_NLMS,0.8440,1.659,-1.12,-5.33
club,techno,female_04_IUS-F06202.wav,female,5,Soft_VAD_Leaky,0.8813,2.042,1.38,-3.28
club,techno,female_05_IUS-F08202.wav,female,5,Unprocessed,0.8808,2.556,0.00,0.00
club,techno,female_05_IUS-F08202.wav,female,5,FIR_BP,0.8552,1.536,-6.06,-1.71
club,techno,female_05_IUS-F08202.wav,female,5,Parametric_Notch,0.8817,2.630,1.00,-0.33
club,techno,female_05_IUS-F08202.wav,female,5,Base_NLMS,0.7651,1.488,-2.25,-5.91
club,techno,female_05_IUS-F08202.wav,female,5,Leaky_NLMS,0.8303,1.735,-0.41,-4.98
club,techno,female_05_IUS-F08202.wav,female,5,Soft_VAD_Leaky,0.8793,2.428,4.63,-2.20
club,techno,female_06_IUS-F10202.wav,female,5,Unprocessed,0.9287,2.743,0.00,0.00
club,techno,female_06_IUS-F10202.wav,female,5,FIR_BP,0.8888,1.458,-7.42,-2.31
club,techno,female_06_IUS-F10202.wav,female,5,Parametric_Notch,0.9303,2.817,0.87,-0.27
club,techno,female_06_IUS-F10202.wav,female,5,Base_NLMS,0.7560,1.470,-3.11,-6.40
club,techno,female_06_IUS-F10202.wav,female,5,Leaky_NLMS,0.8620,1.788,-0.61,-4.94
club,techno,female_06_IUS-F10202.wav,female,5,Soft_VAD_Leaky,0.9009,2.312,3.69,-1.99
club,techno,female_07_IUS-F12202.wav,female,5,Unprocessed,0.8477,2.547,0.00,0.00
club,techno,female_07_IUS-F12202.wav,female,5,FIR_BP,0.8041,1.478,-6.27,-1.79
club,techno,female_07_IUS-F12202.wav,female,5,Parametric_Notch,0.8459,2.617,0.97,-0.32
club,techno,female_07_IUS-F12202.wav,female,5,Base_NLMS,0.6980,1.426,-2.70,-6.89
club,techno,female_07_IUS-F12202.wav,female,5,Leaky_NLMS,0.7886,1.633,-0.77,-5.75
club,techno,female_07_IUS-F12202.wav,female,5,Soft_VAD_Leaky,0.8310,2.232,4.19,-2.00
club,techno,female_08_IUS-F14202.wav,female,5,Unprocessed,0.9194,2.610,0.00,0.00
club,techno,female_08_IUS-F14202.wav,female,5,FIR_BP,0.8664,1.542,-7.49,-1.50
club,techno,female_08_IUS-F14202.wav,female,5,Parametric_Notch,0.9213,2.679,0.92,-0.28
club,techno,female_08_IUS-F14202.wav,female,5,Base_NLMS,0.7819,1.490,-2.03,-5.77
club,techno,female_08_IUS-F14202.wav,female,5,Leaky_NLMS,0.8666,1.812,0.03,-4.83
club,techno,female_08_IUS-F14202.wav,female,5,Soft_VAD_Leaky,0.9155,2.533,4.74,-2.05
club,techno,female_09_IUS-F16202.wav,female,5,Unprocessed,0.8829,2.625,-0.00,0.00
club,techno,female_09_IUS-F16202.wav,female,5,FIR_BP,0.8485,1.504,-4.37,-1.70
club,techno,female_09_IUS-F16202.wav,female,5,Parametric_Notch,0.8836,2.689,0.60,-0.41
club,techno,female_09_IUS-F16202.wav,female,5,Base_NLMS,0.7788,1.526,-2.20,-5.93
club,techno,female_09_IUS-F16202.wav,female,5,Leaky_NLMS,0.8526,1.772,-0.64,-5.13
club,techno,female_09_IUS-F16202.wav,female,5,Soft_VAD_Leaky,0.8800,2.252,2.22,-2.72
club,techno,female_10_IUS-F18202.wav,female,5,Unprocessed,0.9109,2.704,-0.00,0.00
club,techno,female_10_IUS-F18202.wav,female,5,FIR_BP,0.8679,1.484,-7.45,-2.00
club,techno,female_10_IUS-F18202.wav,female,5,Parametric_Notch,0.9122,2.785,0.70,-0.29
club,techno,female_10_IUS-F18202.wav,female,5,Base_NLMS,0.7830,1.569,-2.21,-5.85
club,techno,female_10_IUS-F18202.wav,female,5,Leaky_NLMS,0.8596,1.848,-0.42,-4.88
club,techno,female_10_IUS-F18202.wav,female,5,Soft_VAD_Leaky,0.8910,2.342,3.46,-2.29
club,techno,male_01_IUS-M00201.wav,male,10,Unprocessed,0.9693,3.549,0.00,0.00
club,techno,male_01_IUS-M00201.wav,male,10,FIR_BP,0.9145,1.524,-10.00,-1.57
club,techno,male_01_IUS-M00201.wav,male,10,Parametric_Notch,0.9497,3.018,-0.78,-0.27
club,techno,male_01_IUS-M00201.wav,male,10,Base_NLMS,0.7580,1.425,-8.12,-7.67
club,techno,male_01_IUS-M00201.wav,male,10,Leaky_NLMS,0.8610,1.729,-6.35,-6.19
club,techno,male_01_IUS-M00201.wav,male,10,Soft_VAD_Leaky,0.9527,2.704,-1.19,-2.16
club,techno,male_02_IUS-M02201.wav,male,10,Unprocessed,0.9525,3.577,0.00,0.00
club,techno,male_02_IUS-M02201.wav,male,10,FIR_BP,0.8940,1.479,-10.00,-2.99
club,techno,male_02_IUS-M02201.wav,male,10,Parametric_Notch,0.9463,3.163,-1.07,-0.28
club,techno,male_02_IUS-M02201.wav,male,10,Base_NLMS,0.7504,1.438,-8.72,-7.61
club,techno,male_02_IUS-M02201.wav,male,10,Leaky_NLMS,0.8676,1.715,-6.99,-6.08
club,techno,male_02_IUS-M02201.wav,male,10,Soft_VAD_Leaky,0.8966,2.111,-3.89,-2.73
club,techno,male_03_IUS-M04201.wav,male,10,Unprocessed,0.9619,3.598,-0.00,0.00
club,techno,male_03_IUS-M04201.wav,male,10,FIR_BP,0.8931,1.515,-10.00,-2.79
club,techno,male_03_IUS-M04201.wav,male,10,Parametric_Notch,0.9537,3.524,-0.28,-0.21
club,techno,male_03_IUS-M04201.wav,male,10,Base_NLMS,0.7716,1.433,-8.72,-7.31
club,techno,male_03_IUS-M04201.wav,male,10,Leaky_NLMS,0.8746,1.734,-7.00,-5.72
club,techno,male_03_IUS-M04201.wav,male,10,Soft_VAD_Leaky,0.9356,2.370,-3.50,-2.05
club,techno,male_04_IUS-M06201.wav,male,10,Unprocessed,0.9798,3.651,0.00,0.00
club,techno,male_04_IUS-M06201.wav,male,10,FIR_BP,0.9135,1.463,-10.00,-2.90
club,techno,male_04_IUS-M06201.wav,male,10,Parametric_Notch,0.9722,3.208,-1.26,-0.32
club,techno,male_04_IUS-M06201.wav,male,10,Base_NLMS,0.7927,1.524,-8.15,-6.72
club,techno,male_04_IUS-M06201.wav,male,10,Leaky_NLMS,0.8969,1.831,-6.41,-5.32
club,techno,male_04_IUS-M06201.wav,male,10,Soft_VAD_Leaky,0.9444,2.350,-3.58,-2.25
club,techno,male_05_IUS-M08201.wav,male,10,Unprocessed,0.9457,3.455,0.00,0.00
club,techno,male_05_IUS-M08201.wav,male,10,FIR_BP,0.8820,1.577,-10.00,-0.54
club,techno,male_05_IUS-M08201.wav,male,10,Parametric_Notch,0.9316,3.225,0.07,-0.19
club,techno,male_05_IUS-M08201.wav,male,10,Base_NLMS,0.7772,1.567,-7.84,-6.31
club,techno,male_05_IUS-M08201.wav,male,10,Leaky_NLMS,0.8786,1.946,-5.87,-4.88
club,techno,male_05_IUS-M08201.wav,male,10,Soft_VAD_Leaky,0.9347,3.072,1.92,-0.93
club,techno,male_06_IUS-M10201.wav,male,10,Unprocessed,0.9664,3.687,0.00,0.00
club,techno,male_06_IUS-M10201.wav,male,10,FIR_BP,0.9008,1.584,-10.00,-0.47
club,techno,male_06_IUS-M10201.wav,male,10,Parametric_Notch,0.9586,3.329,-0.20,-0.21
club,techno,male_06_IUS-M10201.wav,male,10,Base_NLMS,0.8210,1.562,-8.13,-5.88
club,techno,male_06_IUS-M10201.wav,male,10,Leaky_NLMS,0.9134,1.961,-6.04,-4.55
club,techno,male_06_IUS-M10201.wav,male,10,Soft_VAD_Leaky,0.9570,3.221,1.31,-1.15
club,techno,male_07_IUS-M12201.wav,male,10,Unprocessed,0.9709,3.772,0.00,0.00
club,techno,male_07_IUS-M12201.wav,male,10,FIR_BP,0.8940,1.506,-10.00,-0.08
club,techno,male_07_IUS-M12201.wav,male,10,Parametric_Notch,0.9569,3.297,-0.47,-0.23
club,techno,male_07_IUS-M12201.wav,male,10,Base_NLMS,0.8126,1.602,-7.60,-5.26
club,techno,male_07_IUS-M12201.wav,male,10,Leaky_NLMS,0.8834,1.872,-5.87,-4.35
club,techno,male_07_IUS-M12201.wav,male,10,Soft_VAD_Leaky,0.9339,2.605,0.63,-0.61
club,techno,male_08_IUS-M14201.wav,male,10,Unprocessed,0.9043,3.347,0.00,0.00
club,techno,male_08_IUS-M14201.wav,male,10,FIR_BP,0.8573,1.632,-10.00,-0.63
club,techno,male_08_IUS-M14201.wav,male,10,Parametric_Notch,0.9026,3.339,0.44,-0.16
club,techno,male_08_IUS-M14201.wav,male,10,Base_NLMS,0.6979,1.392,-8.33,-7.96
club,techno,male_08_IUS-M14201.wav,male,10,Leaky_NLMS,0.8328,1.674,-6.70,-6.50
club,techno,male_08_IUS-M14201.wav,male,10,Soft_VAD_Leaky,0.8975,2.958,1.26,-1.60
club,techno,male_09_IUS-M16201.wav,male,10,Unprocessed,0.9376,3.472,0.00,0.00
club,techno,male_09_IUS-M16201.wav,male,10,FIR_BP,0.8704,1.530,-10.00,-0.77
club,techno,male_09_IUS-M16201.wav,male,10,Parametric_Notch,0.9243,3.186,-0.26,-0.20
club,techno,male_09_IUS-M16201.wav,male,10,Base_NLMS,0.7471,1.505,-7.72,-6.21
club,techno,male_09_IUS-M16201.wav,male,10,Leaky_NLMS,0.8584,1.836,-5.90,-4.95
club,techno,male_09_IUS-M16201.wav,male,10,Soft_VAD_Leaky,0.9027,2.439,-1.24,-1.49
club,techno,male_10_IUS-M18201.wav,male,10,Unprocessed,0.9549,3.494,0.00,0.00
club,techno,male_10_IUS-M18201.wav,male,10,FIR_BP,0.8951,1.570,-10.00,-0.40
club,techno,male_10_IUS-M18201.wav,male,10,Parametric_Notch,0.9499,3.389,0.10,-0.16
club,techno,male_10_IUS-M18201.wav,male,10,Base_NLMS,0.7829,1.531,-8.05,-6.42
club,techno,male_10_IUS-M18201.wav,male,10,Leaky_NLMS,0.8763,1.887,-6.28,-5.01
club,techno,male_10_IUS-M18201.wav,male,10,Soft_VAD_Leaky,0.9327,2.847,-0.07,-1.37
club,techno,female_01_IUS-F00202.wav,female,10,Unprocessed,0.7609,3.466,0.00,0.00
club,techno,female_01_IUS-F00202.wav,female,10,FIR_BP,0.7177,1.448,-10.00,-0.40
club,techno,female_01_IUS-F00202.wav,female,10,Parametric_Notch,0.7619,3.541,0.54,-0.19
club,techno,female_01_IUS-F00202.wav,female,10,Base_NLMS,0.6185,1.369,-7.23,-7.66
club,techno,female_01_IUS-F00202.wav,female,10,Leaky_NLMS,0.6641,1.613,-5.55,-6.49
club,techno,female_01_IUS-F00202.wav,female,10,Soft_VAD_Leaky,0.7472,2.941,0.85,-0.89
club,techno,female_02_IUS-F02202.wav,female,10,Unprocessed,0.9033,3.329,0.00,0.00
club,techno,female_02_IUS-F02202.wav,female,10,FIR_BP,0.8604,1.415,-10.00,-1.71
club,techno,female_02_IUS-F02202.wav,female,10,Parametric_Notch,0.9029,3.340,0.14,-0.20
club,techno,female_02_IUS-F02202.wav,female,10,Base_NLMS,0.6937,1.358,-8.23,-7.90
club,techno,female_02_IUS-F02202.wav,female,10,Leaky_NLMS,0.7799,1.527,-6.92,-7.00
club,techno,female_02_IUS-F02202.wav,female,10,Soft_VAD_Leaky,0.8814,2.415,-1.27,-2.51
club,techno,female_03_IUS-F04202.wav,female,10,Unprocessed,0.9432,3.507,0.00,0.00
club,techno,female_03_IUS-F04202.wav,female,10,FIR_BP,0.8975,1.409,-10.00,-1.88
club,techno,female_03_IUS-F04202.wav,female,10,Parametric_Notch,0.9456,3.561,0.50,-0.15
club,techno,female_03_IUS-F04202.wav,female,10,Base_NLMS,0.7238,1.338,-8.55,-7.21
club,techno,female_03_IUS-F04202.wav,female,10,Leaky_NLMS,0.8017,1.547,-6.86,-6.12
club,techno,female_03_IUS-F04202.wav,female,10,Soft_VAD_Leaky,0.9160,2.477,-0.61,-1.64
club,techno,female_04_IUS-F06202.wav,female,10,Unprocessed,0.9711,3.559,0.00,0.00
club,techno,female_04_IUS-F06202.wav,female,10,FIR_BP,0.9139,1.396,-10.00,-3.26
club,techno,female_04_IUS-F06202.wav,female,10,Parametric_Notch,0.9679,3.579,-0.13,-0.17
club,techno,female_04_IUS-F06202.wav,female,10,Base_NLMS,0.7748,1.381,-8.25,-6.69
club,techno,female_04_IUS-F06202.wav,female,10,Leaky_NLMS,0.8385,1.547,-6.86,-5.88
club,techno,female_04_IUS-F06202.wav,female,10,Soft_VAD_Leaky,0.9093,2.042,-3.42,-2.72
club,techno,female_05_IUS-F08202.wav,female,10,Unprocessed,0.9368,3.323,0.00,0.00
club,techno,female_05_IUS-F08202.wav,female,10,FIR_BP,0.8998,1.550,-10.00,-0.53
club,techno,female_05_IUS-F08202.wav,female,10,Parametric_Notch,0.9371,3.367,0.63,-0.15
club,techno,female_05_IUS-F08202.wav,female,10,Base_NLMS,0.7548,1.426,-7.83,-6.36
club,techno,female_05_IUS-F08202.wav,female,10,Leaky_NLMS,0.8352,1.679,-6.12,-5.43
club,techno,female_05_IUS-F08202.wav,female,10,Soft_VAD_Leaky,0.9144,2.681,0.98,-1.19
club,techno,female_06_IUS-F10202.wav,female,10,Unprocessed,0.9728,3.538,0.00,0.00
club,techno,female_06_IUS-F10202.wav,female,10,FIR_BP,0.9237,1.468,-10.00,-0.86
club,techno,female_06_IUS-F10202.wav,female,10,Parametric_Notch,0.9734,3.575,0.44,-0.13
club,techno,female_06_IUS-F10202.wav,female,10,Base_NLMS,0.7465,1.428,-8.52,-6.86
club,techno,female_06_IUS-F10202.wav,female,10,Leaky_NLMS,0.8505,1.690,-6.40,-5.36
club,techno,female_06_IUS-F10202.wav,female,10,Soft_VAD_Leaky,0.9150,2.289,-0.89,-1.33
club,techno,female_07_IUS-F12202.wav,female,10,Unprocessed,0.9242,3.333,0.00,0.00
club,techno,female_07_IUS-F12202.wav,female,10,FIR_BP,0.8684,1.495,-10.00,-0.29
club,techno,female_07_IUS-F12202.wav,female,10,Parametric_Notch,0.9212,3.367,0.66,-0.14
club,techno,female_07_IUS-F12202.wav,female,10,Base_NLMS,0.7107,1.377,-8.08,-7.37
club,techno,female_07_IUS-F12202.wav,female,10,Leaky_NLMS,0.8115,1.570,-6.41,-6.33
club,techno,female_07_IUS-F12202.wav,female,10,Soft_VAD_Leaky,0.8942,2.428,0.70,-0.94
club,techno,female_08_IUS-F14202.wav,female,10,Unprocessed,0.9667,3.385,0.00,0.00
club,techno,female_08_IUS-F14202.wav,female,10,FIR_BP,0.9121,1.553,-10.00,-0.40
club,techno,female_08_IUS-F14202.wav,female,10,Parametric_Notch,0.9672,3.422,0.58,-0.09
club,techno,female_08_IUS-F14202.wav,female,10,Base_NLMS,0.7915,1.446,-7.53,-6.03
club,techno,female_08_IUS-F14202.wav,female,10,Leaky_NLMS,0.8731,1.743,-5.78,-5.15
club,techno,female_08_IUS-F14202.wav,female,10,Soft_VAD_Leaky,0.9522,2.986,1.46,-0.91
club,techno,female_09_IUS-F16202.wav,female,10,Unprocessed,0.9395,3.411,0.00,0.00
club,techno,female_09_IUS-F16202.wav,female,10,FIR_BP,0.8920,1.520,-9.32,-0.34
club,techno,female_09_IUS-F16202.wav,female,10,Parametric_Notch,0.9384,3.404,-0.37,-0.23
club,techno,female_09_IUS-F16202.wav,female,10,Base_NLMS,0.7845,1.503,-7.62,-5.95
club,techno,female_09_IUS-F16202.wav,female,10,Leaky_NLMS,0.8714,1.760,-6.10,-5.31
club,techno,female_09_IUS-F16202.wav,female,10,Soft_VAD_Leaky,0.9227,2.519,-2.27,-1.64
club,techno,female_10_IUS-F18202.wav,female,10,Unprocessed,0.9615,3.493,0.00,0.00
club,techno,female_10_IUS-F18202.wav,female,10,FIR_BP,0.9076,1.492,-10.00,-1.01
club,techno,female_10_IUS-F18202.wav,female,10,Parametric_Notch,0.9613,3.536,0.13,-0.16
club,techno,female_10_IUS-F18202.wav,female,10,Base_NLMS,0.7814,1.497,-7.75,-6.10
club,techno,female_10_IUS-F18202.wav,female,10,Leaky_NLMS,0.8585,1.753,-6.10,-5.13
club,techno,female_10_IUS-F18202.wav,female,10,Soft_VAD_Leaky,0.9143,2.414,-0.62,-1.45
club,jazz,male_01_IUS-M00201.wav,male,-15,Unprocessed,0.3499,1.244,0.00,0.00
club,jazz,male_01_IUS-M00201.wav,male,-15,FIR_BP,0.3339,1.186,3.72,-4.09
club,jazz,male_01_IUS-M00201.wav,male,-15,Parametric_Notch,0.3524,1.243,1.74,-1.70
club,jazz,male_01_IUS-M00201.wav,male,-15,Base_NLMS,0.4729,1.262,13.30,-12.46
club,jazz,male_01_IUS-M00201.wav,male,-15,Leaky_NLMS,0.3844,1.273,8.57,-8.22
club,jazz,male_01_IUS-M00201.wav,male,-15,Soft_VAD_Leaky,0.3794,1.270,7.90,-7.55
club,jazz,male_02_IUS-M02201.wav,male,-15,Unprocessed,0.3509,1.264,0.00,0.00
club,jazz,male_02_IUS-M02201.wav,male,-15,FIR_BP,0.3412,1.189,3.73,-4.17
club,jazz,male_02_IUS-M02201.wav,male,-15,Parametric_Notch,0.3508,1.262,1.61,-1.56
club,jazz,male_02_IUS-M02201.wav,male,-15,Base_NLMS,0.5131,1.290,13.25,-12.22
club,jazz,male_02_IUS-M02201.wav,male,-15,Leaky_NLMS,0.4047,1.305,8.50,-8.07
club,jazz,male_02_IUS-M02201.wav,male,-15,Soft_VAD_Leaky,0.4055,1.301,7.78,-7.37
club,jazz,male_03_IUS-M04201.wav,male,-15,Unprocessed,0.2322,1.250,0.00,0.00
club,jazz,male_03_IUS-M04201.wav,male,-15,FIR_BP,0.2169,1.183,3.70,-4.10
club,jazz,male_03_IUS-M04201.wav,male,-15,Parametric_Notch,0.2315,1.247,1.53,-1.48
club,jazz,male_03_IUS-M04201.wav,male,-15,Base_NLMS,0.4070,1.281,13.17,-12.19
club,jazz,male_03_IUS-M04201.wav,male,-15,Leaky_NLMS,0.2805,1.283,8.42,-7.95
club,jazz,male_03_IUS-M04201.wav,male,-15,Soft_VAD_Leaky,0.2640,1.276,7.54,-7.12
club,jazz,male_04_IUS-M06201.wav,male,-15,Unprocessed,0.2628,1.253,-0.00,0.00
club,jazz,male_04_IUS-M06201.wav,male,-15,FIR_BP,0.2449,1.179,3.74,-4.16
club,jazz,male_04_IUS-M06201.wav,male,-15,Parametric_Notch,0.2625,1.253,1.72,-1.66
club,jazz,male_04_IUS-M06201.wav,male,-15,Base_NLMS,0.4133,1.289,13.17,-12.24
club,jazz,male_04_IUS-M06201.wav,male,-15,Leaky_NLMS,0.2894,1.288,8.58,-8.17
club,jazz,male_04_IUS-M06201.wav,male,-15,Soft_VAD_Leaky,0.2747,1.282,7.61,-7.23
club,jazz,male_05_IUS-M08201.wav,male,-15,Unprocessed,0.2446,1.259,0.00,0.00
club,jazz,male_05_IUS-M08201.wav,male,-15,FIR_BP,0.2475,1.223,3.72,-4.08
club,jazz,male_05_IUS-M08201.wav,male,-15,Parametric_Notch,0.2465,1.261,1.44,-1.45
club,jazz,male_05_IUS-M08201.wav,male,-15,Base_NLMS,0.4089,1.299,13.29,-12.53
club,jazz,male_05_IUS-M08201.wav,male,-15,Leaky_NLMS,0.2785,1.291,8.39,-8.08
club,jazz,male_05_IUS-M08201.wav,male,-15,Soft_VAD_Leaky,0.2726,1.295,7.55,-7.21
club,jazz,male_06_IUS-M10201.wav,male,-15,Unprocessed,0.3003,1.268,0.00,0.00
club,jazz,male_06_IUS-M10201.wav,male,-15,FIR_BP,0.3046,1.233,3.68,-4.05
club,jazz,male_06_IUS-M10201.wav,male,-15,Parametric_Notch,0.3001,1.273,1.46,-1.42
club,jazz,male_06_IUS-M10201.wav,male,-15,Base_NLMS,0.4950,1.325,13.39,-12.37
club,jazz,male_06_IUS-M10201.wav,male,-15,Leaky_NLMS,0.3591,1.303,8.40,-8.10
club,jazz,male_06_IUS-M10201.wav,male,-15,Soft_VAD_Leaky,0.3426,1.307,7.52,-7.21
club,jazz,male_07_IUS-M12201.wav,male,-15,Unprocessed,0.3416,1.230,0.00,0.00
club,jazz,male_07_IUS-M12201.wav,male,-15,FIR_BP,0.3232,1.192,3.70,-4.01
club,jazz,male_07_IUS-M12201.wav,male,-15,Parametric_Notch,0.3419,1.236,1.75,-1.70
club,jazz,male_07_IUS-M12201.wav,male,-15,Base_NLMS,0.4794,1.304,13.24,-12.39
club,jazz,male_07_IUS-M12201.wav,male,-15,Leaky_NLMS,0.3519,1.280,8.49,-8.15
club,jazz,male_07_IUS-M12201.wav,male,-15,Soft_VAD_Leaky,0.3490,1.287,7.63,-7.24
club,jazz,male_08_IUS-M14201.wav,male,-15,Unprocessed,0.2362,1.275,0.00,0.00
club,jazz,male_08_IUS-M14201.wav,male,-15,FIR_BP,0.2383,1.235,3.69,-4.05
club,jazz,male_08_IUS-M14201.wav,male,-15,Parametric_Notch,0.2360,1.275,1.46,-1.45
club,jazz,male_08_IUS-M14201.wav,male,-15,Base_NLMS,0.3544,1.267,13.16,-12.46
club,jazz,male_08_IUS-M14201.wav,male,-15,Leaky_NLMS,0.2554,1.275,8.40,-8.07
club,jazz,male_08_IUS-M14201.wav,male,-15,Soft_VAD_Leaky,0.2498,1.276,7.57,-7.24
club,jazz,male_09_IUS-M16201.wav,male,-15,Unprocessed,0.3144,1.254,0.00,0.00
club,jazz,male_09_IUS-M16201.wav,male,-15,FIR_BP,0.3080,1.203,3.68,-4.06
club,jazz,male_09_IUS-M16201.wav,male,-15,Parametric_Notch,0.3166,1.254,1.44,-1.41
club,jazz,male_09_IUS-M16201.wav,male,-15,Base_NLMS,0.4335,1.271,13.29,-12.57
club,jazz,male_09_IUS-M16201.wav,male,-15,Leaky_NLMS,0.3278,1.265,8.42,-8.12
club,jazz,male_09_IUS-M16201.wav,male,-15,Soft_VAD_Leaky,0.3376,1.278,7.58,-7.22
club,jazz,male_10_IUS-M18201.wav,male,-15,Unprocessed,0.3565,1.275,0.00,0.00
club,jazz,male_10_IUS-M18201.wav,male,-15,FIR_BP,0.3540,1.220,3.73,-4.11
club,jazz,male_10_IUS-M18201.wav,male,-15,Parametric_Notch,0.3581,1.275,1.66,-1.62
club,jazz,male_10_IUS-M18201.wav,male,-15,Base_NLMS,0.5016,1.294,13.23,-12.42
club,jazz,male_10_IUS-M18201.wav,male,-15,Leaky_NLMS,0.4127,1.304,8.52,-8.15
club,jazz,male_10_IUS-M18201.wav,male,-15,Soft_VAD_Leaky,0.4058,1.306,7.68,-7.28
club,jazz,female_01_IUS-F00202.wav,female,-15,Unprocessed,0.2634,1.211,0.00,0.00
club,jazz,female_01_IUS-F00202.wav,female,-15,FIR_BP,0.2394,1.173,2.05,-2.23
club,jazz,female_01_IUS-F00202.wav,female,-15,Parametric_Notch,0.2660,1.218,0.75,-0.74
club,jazz,female_01_IUS-F00202.wav,female,-15,Base_NLMS,0.3952,1.345,13.00,-12.34
club,jazz,female_01_IUS-F00202.wav,female,-15,Leaky_NLMS,0.2962,1.307,8.41,-8.15
club,jazz,female_01_IUS-F00202.wav,female,-15,Soft_VAD_Leaky,0.2908,1.305,7.82,-7.55
club,jazz,female_02_IUS-F02202.wav,female,-15,Unprocessed,0.3493,1.235,0.00,0.00
club,jazz,female_02_IUS-F02202.wav,female,-15,FIR_BP,0.3430,1.174,2.14,-2.32
club,jazz,female_02_IUS-F02202.wav,female,-15,Parametric_Notch,0.3493,1.236,0.80,-0.79
club,jazz,female_02_IUS-F02202.wav,female,-15,Base_NLMS,0.4922,1.275,13.13,-12.50
club,jazz,female_02_IUS-F02202.wav,female,-15,Leaky_NLMS,0.4082,1.269,8.60,-8.22
club,jazz,female_02_IUS-F02202.wav,female,-15,Soft_VAD_Leaky,0.4013,1.270,7.84,-7.44
club,jazz,female_03_IUS-F04202.wav,female,-15,Unprocessed,0.4210,1.237,0.00,0.00
club,jazz,female_03_IUS-F04202.wav,female,-15,FIR_BP,0.4048,1.173,1.86,-2.15
club,jazz,female_03_IUS-F04202.wav,female,-15,Parametric_Notch,0.4219,1.239,0.73,-0.71
club,jazz,female_03_IUS-F04202.wav,female,-15,Base_NLMS,0.5315,1.282,12.23,-11.59
club,jazz,female_03_IUS-F04202.wav,female,-15,Leaky_NLMS,0.4522,1.282,8.28,-7.87
club,jazz,female_03_IUS-F04202.wav,female,-15,Soft_VAD_Leaky,0.4501,1.279,7.48,-7.07
club,jazz,female_04_IUS-F06202.wav,female,-15,Unprocessed,0.4423,1.237,0.00,0.00
club,jazz,female_04_IUS-F06202.wav,female,-15,FIR_BP,0.4271,1.168,2.19,-2.47
club,jazz,female_04_IUS-F06202.wav,female,-15,Parametric_Notch,0.4415,1.239,0.83,-0.82
club,jazz,female_04_IUS-F06202.wav,female,-15,Base_NLMS,0.5584,1.297,13.15,-12.49
club,jazz,female_04_IUS-F06202.wav,female,-15,Leaky_NLMS,0.4840,1.293,8.68,-8.31
club,jazz,female_04_IUS-F06202.wav,female,-15,Soft_VAD_Leaky,0.4764,1.283,7.87,-7.51
club,jazz,female_05_IUS-F08202.wav,female,-15,Unprocessed,0.3716,1.240,0.00,0.00
club,jazz,female_05_IUS-F08202.wav,female,-15,FIR_BP,0.3643,1.202,1.91,-2.10
club,jazz,female_05_IUS-F08202.wav,female,-15,Parametric_Notch,0.3700,1.242,0.73,-0.71
club,jazz,female_05_IUS-F08202.wav,female,-15,Base_NLMS,0.5032,1.304,12.10,-11.54
club,jazz,female_05_IUS-F08202.wav,female,-15,Leaky_NLMS,0.4183,1.295,8.24,-7.91
club,jazz,female_05_IUS-F08202.wav,female,-15,Soft_VAD_Leaky,0.4110,1.293,7.47,-7.11
club,jazz,female_06_IUS-F10202.wav,female,-15,Unprocessed,0.3177,1.221,-0.00,0.00
club,jazz,female_06_IUS-F10202.wav,female,-15,FIR_BP,0.3168,1.178,1.99,-2.34
club,jazz,female_06_IUS-F10202.wav,female,-15,Parametric_Notch,0.3192,1.224,0.80,-0.78
club,jazz,female_06_IUS-F10202.wav,female,-15,Base_NLMS,0.5151,1.316,13.16,-12.02
club,jazz,female_06_IUS-F10202.wav,female,-15,Leaky_NLMS,0.3863,1.286,8.59,-8.10
club,jazz,female_06_IUS-F10202.wav,female,-15,Soft_VAD_Leaky,0.3692,1.288,7.78,-7.31
club,jazz,female_07_IUS-F12202.wav,female,-15,Unprocessed,0.3592,1.203,0.00,0.00
club,jazz,female_07_IUS-F12202.wav,female,-15,FIR_BP,0.3462,1.167,1.96,-2.20
club,jazz,female_07_IUS-F12202.wav,female,-15,Parametric_Notch,0.3598,1.204,0.74,-0.72
club,jazz,female_07_IUS-F12202.wav,female,-15,Base_NLMS,0.4988,1.256,12.25,-11.83
club,jazz,female_07_IUS-F12202.wav,female,-15,Leaky_NLMS,0.3971,1.232,8.25,-8.01
club,jazz,female_07_IUS-F12202.wav,female,-15,Soft_VAD_Leaky,0.3913,1.241,7.49,-7.14
club,jazz,female_08_IUS-F14202.wav,female,-15,Unprocessed,0.4428,1.251,0.00,0.00
club,jazz,female_08_IUS-F14202.wav,female,-15,FIR_BP,0.4339,1.224,3.70,-4.11
club,jazz,female_08_IUS-F14202.wav,female,-15,Parametric_Notch,0.4419,1.259,1.37,-1.34
club,jazz,female_08_IUS-F14202.wav,female,-15,Base_NLMS,0.5503,1.327,13.38,-12.22
club,jazz,female_08_IUS-F14202.wav,female,-15,Leaky_NLMS,0.4704,1.308,8.31,-7.90
club,jazz,female_08_IUS-F14202.wav,female,-15,Soft_VAD_Leaky,0.4674,1.299,7.47,-7.08
club,jazz,female_09_IUS-F16202.wav,female,-15,Unprocessed,0.4233,1.212,0.00,0.00
club,jazz,female_09_IUS-F16202.wav,female,-15,FIR_BP,0.4097,1.175,2.01,-2.12
club,jazz,female_09_IUS-F16202.wav,female,-15,Parametric_Notch,0.4246,1.212,0.73,-0.72
club,jazz,female_09_IUS-F16202.wav,female,-15,Base_NLMS,0.5604,1.262,12.37,-11.78
club,jazz,female_09_IUS-F16202.wav,female,-15,Leaky_NLMS,0.4790,1.244,8.22,-8.00
club,jazz,female_09_IUS-F16202.wav,female,-15,Soft_VAD_Leaky,0.4726,1.243,7.46,-7.21
club,jazz,female_10_IUS-F18202.wav,female,-15,Unprocessed,0.3951,1.264,0.00,0.00
club,jazz,female_10_IUS-F18202.wav,female,-15,FIR_BP,0.3696,1.210,3.59,-4.09
club,jazz,female_10_IUS-F18202.wav,female,-15,Parametric_Notch,0.3965,1.267,1.71,-1.67
club,jazz,female_10_IUS-F18202.wav,female,-15,Base_NLMS,0.5675,1.331,13.28,-12.20
club,jazz,female_10_IUS-F18202.wav,female,-15,Leaky_NLMS,0.4518,1.316,8.51,-8.11
club,jazz,female_10_IUS-F18202.wav,female,-15,Soft_VAD_Leaky,0.4492,1.317,7.64,-7.24
club,jazz,male_01_IUS-M00201.wav,male,-10,Unprocessed,0.4432,1.292,0.00,0.00
club,jazz,male_01_IUS-M00201.wav,male,-10,FIR_BP,0.4230,1.210,2.94,-3.94
club,jazz,male_01_IUS-M00201.wav,male,-10,Parametric_Notch,0.4465,1.291,1.74,-1.60
club,jazz,male_01_IUS-M00201.wav,male,-10,Base_NLMS,0.5970,1.341,11.88,-10.81
club,jazz,male_01_IUS-M00201.wav,male,-10,Leaky_NLMS,0.4906,1.336,8.29,-7.53
club,jazz,male_01_IUS-M00201.wav,male,-10,Soft_VAD_Leaky,0.4857,1.333,7.54,-6.64
club,jazz,male_02_IUS-M02201.wav,male,-10,Unprocessed,0.4554,1.314,0.00,0.00
club,jazz,male_02_IUS-M02201.wav,male,-10,FIR_BP,0.4385,1.210,2.82,-4.07
club,jazz,male_02_IUS-M02201.wav,male,-10,Parametric_Notch,0.4569,1.312,1.61,-1.45
club,jazz,male_02_IUS-M02201.wav,male,-10,Base_NLMS,0.6344,1.388,11.98,-10.39
club,jazz,male_02_IUS-M02201.wav,male,-10,Leaky_NLMS,0.5187,1.378,8.26,-7.26
club,jazz,male_02_IUS-M02201.wav,male,-10,Soft_VAD_Leaky,0.5213,1.373,7.47,-6.42
club,jazz,male_03_IUS-M04201.wav,male,-10,Unprocessed,0.3525,1.301,0.00,0.00
club,jazz,male_03_IUS-M04201.wav,male,-10,FIR_BP,0.3296,1.205,2.85,-3.99
club,jazz,male_03_IUS-M04201.wav,male,-10,Parametric_Notch,0.3526,1.297,1.53,-1.38
club,jazz,male_03_IUS-M04201.wav,male,-10,Base_NLMS,0.5658,1.373,11.53,-10.43
club,jazz,male_03_IUS-M04201.wav,male,-10,Leaky_NLMS,0.4262,1.353,8.15,-7.19
club,jazz,male_03_IUS-M04201.wav,male,-10,Soft_VAD_Leaky,0.4087,1.345,7.27,-6.22
club,jazz,male_04_IUS-M06201.wav,male,-10,Unprocessed,0.4133,1.309,0.00,0.00
club,jazz,male_04_IUS-M06201.wav,male,-10,FIR_BP,0.3866,1.200,2.93,-4.12
club,jazz,male_04_IUS-M06201.wav,male,-10,Parametric_Notch,0.4129,1.309,1.72,-1.58
club,jazz,male_04_IUS-M06201.wav,male,-10,Base_NLMS,0.5605,1.369,11.26,-10.50
club,jazz,male_04_IUS-M06201.wav,male,-10,Leaky_NLMS,0.4586,1.364,8.29,-7.45
club,jazz,male_04_IUS-M06201.wav,male,-10,Soft_VAD_Leaky,0.4432,1.357,7.38,-6.39
club,jazz,male_05_IUS-M08201.wav,male,-10,Unprocessed,0.3900,1.314,0.00,0.00
club,jazz,male_05_IUS-M08201.wav,male,-10,FIR_BP,0.3788,1.257,2.85,-3.80
club,jazz,male_05_IUS-M08201.wav,male,-10,Parametric_Notch,0.3926,1.317,1.44,-1.33
club,jazz,male_05_IUS-M08201.wav,male,-10,Base_NLMS,0.5816,1.383,11.52,-10.67
club,jazz,male_05_IUS-M08201.wav,male,-10,Leaky_NLMS,0.4349,1.365,8.07,-7.31
club,jazz,male_05_IUS-M08201.wav,male,-10,Soft_VAD_Leaky,0.4330,1.375,7.35,-6.35
club,jazz,male_06_IUS-M10201.wav,male,-10,Unprocessed,0.4387,1.326,0.00,0.00
club,jazz,male_06_IUS-M10201.wav,male,-10,FIR_BP,0.4285,1.268,2.72,-3.80
club,jazz,male_06_IUS-M10201.wav,male,-10,Parametric_Notch,0.4395,1.332,1.45,-1.36
club,jazz,male_06_IUS-M10201.wav,male,-10,Base_NLMS,0.6705,1.449,12.27,-10.43
club,jazz,male_06_IUS-M10201.wav,male,-10,Leaky_NLMS,0.5135,1.394,8.09,-7.24
club,jazz,male_06_IUS-M10201.wav,male,-10,Soft_VAD_Leaky,0.5006,1.398,7.24,-6.33
club,jazz,male_07_IUS-M12201.wav,male,-10,Unprocessed,0.4626,1.285,0.00,0.00
club,jazz,male_07_IUS-M12201.wav,male,-10,FIR_BP,0.4260,1.223,2.93,-3.82
club,jazz,male_07_IUS-M12201.wav,male,-10,Parametric_Notch,0.4653,1.293,1.75,-1.64
club,jazz,male_07_IUS-M12201.wav,male,-10,Base_NLMS,0.6567,1.407,11.79,-10.63
club,jazz,male_07_IUS-M12201.wav,male,-10,Leaky_NLMS,0.4951,1.362,8.14,-7.36
club,jazz,male_07_IUS-M12201.wav,male,-10,Soft_VAD_Leaky,0.4960,1.375,7.38,-6.30
club,jazz,male_08_IUS-M14201.wav,male,-10,Unprocessed,0.3261,1.328,0.00,0.00
club,jazz,male_08_IUS-M14201.wav,male,-10,FIR_BP,0.3236,1.268,2.78,-3.82
club,jazz,male_08_IUS-M14201.wav,male,-10,Parametric_Notch,0.3267,1.328,1.45,-1.36
club,jazz,male_08_IUS-M14201.wav,male,-10,Base_NLMS,0.4912,1.352,11.77,-10.62
club,jazz,male_08_IUS-M14201.wav,male,-10,Leaky_NLMS,0.3668,1.342,8.10,-7.37
club,jazz,male_08_IUS-M14201.wav,male,-10,Soft_VAD_Leaky,0.3622,1.344,7.32,-6.49
club,jazz,male_09_IUS-M16201.wav,male,-10,Unprocessed,0.4443,1.307,0.00,0.00
club,jazz,male_09_IUS-M16201.wav,male,-10,FIR_BP,0.4248,1.232,2.82,-3.87
club,jazz,male_09_IUS-M16201.wav,male,-10,Parametric_Notch,0.4471,1.308,1.44,-1.32
club,jazz,male_09_IUS-M16201.wav,male,-10,Base_NLMS,0.5788,1.352,11.63,-10.82
club,jazz,male_09_IUS-M16201.wav,male,-10,Leaky_NLMS,0.4705,1.329,8.08,-7.45
club,jazz,male_09_IUS-M16201.wav,male,-10,Soft_VAD_Leaky,0.4811,1.353,7.34,-6.40
club,jazz,male_10_IUS-M18201.wav,male,-10,Unprocessed,0.4632,1.335,-0.00,0.00
club,jazz,male_10_IUS-M18201.wav,male,-10,FIR_BP,0.4515,1.254,2.84,-3.87
club,jazz,male_10_IUS-M18201.wav,male,-10,Parametric_Notch,0.4659,1.334,1.66,-1.55
club,jazz,male_10_IUS-M18201.wav,male,-10,Base_NLMS,0.6243,1.386,11.85,-10.66
club,jazz,male_10_IUS-M18201.wav,male,-10,Leaky_NLMS,0.5221,1.386,8.23,-7.33
club,jazz,male_10_IUS-M18201.wav,male,-10,Soft_VAD_Leaky,0.5147,1.389,7.49,-6.42
club,jazz,female_01_IUS-F00202.wav,female,-10,Unprocessed,0.3731,1.267,0.00,0.00
club,jazz,female_01_IUS-F00202.wav,female,-10,FIR_BP,0.3488,1.204,1.59,-2.20
club,jazz,female_01_IUS-F00202.wav,female,-10,Parametric_Notch,0.3758,1.278,0.75,-0.71
club,jazz,female_01_IUS-F00202.wav,female,-10,Base_NLMS,0.4891,1.467,11.90,-10.97
club,jazz,female_01_IUS-F00202.wav,female,-10,Leaky_NLMS,0.4180,1.416,8.21,-7.57
club,jazz,female_01_IUS-F00202.wav,female,-10,Soft_VAD_Leaky,0.4137,1.423,7.63,-6.81
club,jazz,female_02_IUS-F02202.wav,female,-10,Unprocessed,0.4627,1.284,0.00,0.00
club,jazz,female_02_IUS-F02202.wav,female,-10,FIR_BP,0.4469,1.195,1.63,-2.34
club,jazz,female_02_IUS-F02202.wav,female,-10,Parametric_Notch,0.4636,1.286,0.80,-0.74
club,jazz,female_02_IUS-F02202.wav,female,-10,Base_NLMS,0.5913,1.333,11.31,-11.15
club,jazz,female_02_IUS-F02202.wav,female,-10,Leaky_NLMS,0.5267,1.324,8.24,-7.59
club,jazz,female_02_IUS-F02202.wav,female,-10,Soft_VAD_Leaky,0.5219,1.338,7.63,-6.63
club,jazz,female_03_IUS-F04202.wav,female,-10,Unprocessed,0.5252,1.294,0.00,0.00
club,jazz,female_03_IUS-F04202.wav,female,-10,FIR_BP,0.5056,1.197,1.23,-2.15
club,jazz,female_03_IUS-F04202.wav,female,-10,Parametric_Notch,0.5261,1.298,0.73,-0.67
club,jazz,female_03_IUS-F04202.wav,female,-10,Base_NLMS,0.6241,1.350,10.52,-10.10
club,jazz,female_03_IUS-F04202.wav,female,-10,Leaky_NLMS,0.5717,1.354,7.97,-7.18
club,jazz,female_03_IUS-F04202.wav,female,-10,Soft_VAD_Leaky,0.5744,1.358,7.22,-6.24
club,jazz,female_04_IUS-F06202.wav,female,-10,Unprocessed,0.5585,1.291,0.00,0.00
club,jazz,female_04_IUS-F06202.wav,female,-10,FIR_BP,0.5399,1.189,1.63,-2.58
club,jazz,female_04_IUS-F06202.wav,female,-10,Parametric_Notch,0.5601,1.293,0.82,-0.77
club,jazz,female_04_IUS-F06202.wav,female,-10,Base_NLMS,0.6457,1.370,11.36,-10.86
club,jazz,female_04_IUS-F06202.wav,female,-10,Leaky_NLMS,0.6019,1.362,8.27,-7.59
club,jazz,female_04_IUS-F06202.wav,female,-10,Soft_VAD_Leaky,0.5984,1.355,7.55,-6.71
club,jazz,female_05_IUS-F08202.wav,female,-10,Unprocessed,0.4783,1.294,0.00,0.00
club,jazz,female_05_IUS-F08202.wav,female,-10,FIR_BP,0.4731,1.236,1.37,-2.06
club,jazz,female_05_IUS-F08202.wav,female,-10,Parametric_Notch,0.4767,1.297,0.72,-0.67
club,jazz,female_05_IUS-F08202.wav,female,-10,Base_NLMS,0.6395,1.391,10.87,-10.21
club,jazz,female_05_IUS-F08202.wav,female,-10,Leaky_NLMS,0.5453,1.371,7.88,-7.27
club,jazz,female_05_IUS-F08202.wav,female,-10,Soft_VAD_Leaky,0.5393,1.379,7.28,-6.36
club,jazz,female_06_IUS-F10202.wav,female,-10,Unprocessed,0.4854,1.279,0.00,0.00
club,jazz,female_06_IUS-F10202.wav,female,-10,FIR_BP,0.4758,1.209,1.24,-2.29
club,jazz,female_06_IUS-F10202.wav,female,-10,Parametric_Notch,0.4875,1.283,0.80,-0.73
club,jazz,female_06_IUS-F10202.wav,female,-10,Base_NLMS,0.6390,1.393,11.28,-10.20
club,jazz,female_06_IUS-F10202.wav,female,-10,Leaky_NLMS,0.5612,1.371,8.32,-7.30
club,jazz,female_06_IUS-F10202.wav,female,-10,Soft_VAD_Leaky,0.5503,1.383,7.53,-6.31
club,jazz,female_07_IUS-F12202.wav,female,-10,Unprocessed,0.4683,1.249,0.00,0.00
club,jazz,female_07_IUS-F12202.wav,female,-10,FIR_BP,0.4508,1.194,1.41,-2.14
club,jazz,female_07_IUS-F12202.wav,female,-10,Parametric_Notch,0.4690,1.251,0.74,-0.68
club,jazz,female_07_IUS-F12202.wav,female,-10,Base_NLMS,0.5880,1.306,10.51,-10.50
club,jazz,female_07_IUS-F12202.wav,female,-10,Leaky_NLMS,0.5163,1.287,7.87,-7.46
club,jazz,female_07_IUS-F12202.wav,female,-10,Soft_VAD_Leaky,0.5133,1.313,7.28,-6.32
club,jazz,female_08_IUS-F14202.wav,female,-10,Unprocessed,0.5602,1.309,0.00,0.00
club,jazz,female_08_IUS-F14202.wav,female,-10,FIR_BP,0.5406,1.262,2.65,-3.86
club,jazz,female_08_IUS-F14202.wav,female,-10,Parametric_Notch,0.5596,1.319,1.37,-1.26
club,jazz,female_08_IUS-F14202.wav,female,-10,Base_NLMS,0.6955,1.440,12.26,-10.26
club,jazz,female_08_IUS-F14202.wav,female,-10,Leaky_NLMS,0.5995,1.393,8.10,-7.14
club,jazz,female_08_IUS-F14202.wav,female,-10,Soft_VAD_Leaky,0.5960,1.383,7.24,-6.26
club,jazz,female_09_IUS-F16202.wav,female,-10,Unprocessed,0.5104,1.253,0.00,0.00
club,jazz,female_09_IUS-F16202.wav,female,-10,FIR_BP,0.4923,1.199,1.64,-2.12
club,jazz,female_09_IUS-F16202.wav,female,-10,Parametric_Notch,0.5120,1.253,0.72,-0.68
club,jazz,female_09_IUS-F16202.wav,female,-10,Base_NLMS,0.6594,1.337,11.13,-10.21
club,jazz,female_09_IUS-F16202.wav,female,-10,Leaky_NLMS,0.5720,1.303,7.88,-7.34
club,jazz,female_09_IUS-F16202.wav,female,-10,Soft_VAD_Leaky,0.5670,1.304,7.20,-6.47
club,jazz,female_10_IUS-F18202.wav,female,-10,Unprocessed,0.5150,1.325,0.00,0.00
club,jazz,female_10_IUS-F18202.wav,female,-10,FIR_BP,0.4907,1.242,2.54,-3.91
club,jazz,female_10_IUS-F18202.wav,female,-10,Parametric_Notch,0.5162,1.329,1.72,-1.60
club,jazz,female_10_IUS-F18202.wav,female,-10,Base_NLMS,0.7055,1.449,12.01,-10.31
club,jazz,female_10_IUS-F18202.wav,female,-10,Leaky_NLMS,0.5841,1.410,8.22,-7.25
club,jazz,female_10_IUS-F18202.wav,female,-10,Soft_VAD_Leaky,0.5786,1.412,7.41,-6.35
club,jazz,male_01_IUS-M00201.wav,male,-5,Unprocessed,0.5696,1.391,0.00,0.00
club,jazz,male_01_IUS-M00201.wav,male,-5,FIR_BP,0.5352,1.251,1.11,-3.57
club,jazz,male_01_IUS-M00201.wav,male,-5,Parametric_Notch,0.5746,1.386,1.74,-1.33
club,jazz,male_01_IUS-M00201.wav,male,-5,Base_NLMS,0.6787,1.434,8.19,-8.59
club,jazz,male_01_IUS-M00201.wav,male,-5,Leaky_NLMS,0.6146,1.439,7.20,-6.40
club,jazz,male_01_IUS-M00201.wav,male,-5,Soft_VAD_Leaky,0.6138,1.454,6.84,-5.10
club,jazz,male_02_IUS-M02201.wav,male,-5,Unprocessed,0.5927,1.421,0.00,0.00
club,jazz,male_02_IUS-M02201.wav,male,-5,FIR_BP,0.5647,1.246,0.78,-3.84
club,jazz,male_02_IUS-M02201.wav,male,-5,Parametric_Notch,0.5954,1.416,1.60,-1.19
club,jazz,male_02_IUS-M02201.wav,male,-5,Base_NLMS,0.7256,1.507,8.42,-8.13
club,jazz,male_02_IUS-M02201.wav,male,-5,Leaky_NLMS,0.6501,1.495,7.16,-6.03
club,jazz,male_02_IUS-M02201.wav,male,-5,Soft_VAD_Leaky,0.6567,1.507,6.84,-4.90
club,jazz,male_03_IUS-M04201.wav,male,-5,Unprocessed,0.5070,1.403,0.00,0.00
club,jazz,male_03_IUS-M04201.wav,male,-5,FIR_BP,0.4654,1.244,0.92,-3.73
club,jazz,male_03_IUS-M04201.wav,male,-5,Parametric_Notch,0.5093,1.396,1.52,-1.13
club,jazz,male_03_IUS-M04201.wav,male,-5,Base_NLMS,0.6689,1.479,7.36,-8.33
club,jazz,male_03_IUS-M04201.wav,male,-5,Leaky_NLMS,0.5908,1.450,6.79,-6.10
club,jazz,male_03_IUS-M04201.wav,male,-5,Soft_VAD_Leaky,0.5809,1.466,6.59,-4.91
club,jazz,male_04_IUS-M06201.wav,male,-5,Unprocessed,0.5866,1.425,0.00,0.00
club,jazz,male_04_IUS-M06201.wav,male,-5,FIR_BP,0.5472,1.236,1.06,-3.98
club,jazz,male_04_IUS-M06201.wav,male,-5,Parametric_Notch,0.5885,1.422,1.71,-1.27
club,jazz,male_04_IUS-M06201.wav,male,-5,Base_NLMS,0.6693,1.440,7.17,-8.52
club,jazz,male_04_IUS-M06201.wav,male,-5,Leaky_NLMS,0.6341,1.469,6.90,-6.38
club,jazz,male_04_IUS-M06201.wav,male,-5,Soft_VAD_Leaky,0.6254,1.485,6.60,-4.97
club,jazz,male_05_IUS-M08201.wav,male,-5,Unprocessed,0.5597,1.428,0.00,0.00
club,jazz,male_05_IUS-M08201.wav,male,-5,FIR_BP,0.5322,1.314,0.87,-3.22
club,jazz,male_05_IUS-M08201.wav,male,-5,Parametric_Notch,0.5636,1.430,1.44,-1.12
club,jazz,male_05_IUS-M08201.wav,male,-5,Base_NLMS,0.6917,1.488,7.92,-8.34
club,jazz,male_05_IUS-M08201.wav,male,-5,Leaky_NLMS,0.6057,1.484,6.96,-6.14
club,jazz,male_05_IUS-M08201.wav,male,-5,Soft_VAD_Leaky,0.6117,1.529,6.87,-4.85
club,jazz,male_06_IUS-M10201.wav,male,-5,Unprocessed,0.5993,1.454,0.00,0.00
club,jazz,male_06_IUS-M10201.wav,male,-5,FIR_BP,0.5732,1.329,0.59,-3.17
club,jazz,male_06_IUS-M10201.wav,male,-5,Parametric_Notch,0.6010,1.459,1.45,-1.10
club,jazz,male_06_IUS-M10201.wav,male,-5,Base_NLMS,0.7706,1.597,8.95,-7.83
club,jazz,male_06_IUS-M10201.wav,male,-5,Leaky_NLMS,0.6659,1.554,7.17,-5.76
club,jazz,male_06_IUS-M10201.wav,male,-5,Soft_VAD_Leaky,0.6608,1.577,6.66,-4.67
club,jazz,male_07_IUS-M12201.wav,male,-5,Unprocessed,0.6032,1.400,0.00,0.00
club,jazz,male_07_IUS-M12201.wav,male,-5,FIR_BP,0.5473,1.272,1.09,-3.33
club,jazz,male_07_IUS-M12201.wav,male,-5,Parametric_Notch,0.6074,1.408,1.75,-1.33
club,jazz,male_07_IUS-M12201.wav,male,-5,Base_NLMS,0.7574,1.525,8.08,-8.31
club,jazz,male_07_IUS-M12201.wav,male,-5,Leaky_NLMS,0.6476,1.486,6.95,-6.10
club,jazz,male_07_IUS-M12201.wav,male,-5,Soft_VAD_Leaky,0.6590,1.540,6.90,-4.58
club,jazz,male_08_IUS-M14201.wav,male,-5,Unprocessed,0.4603,1.440,0.00,0.00
club,jazz,male_08_IUS-M14201.wav,male,-5,FIR_BP,0.4504,1.327,0.73,-3.26
club,jazz,male_08_IUS-M14201.wav,male,-5,Parametric_Notch,0.4620,1.438,1.45,-1.17
club,jazz,male_08_IUS-M14201.wav,male,-5,Base_NLMS,0.5986,1.450,8.40,-8.31
club,jazz,male_08_IUS-M14201.wav,male,-5,Leaky_NLMS,0.5049,1.450,7.07,-6.19
club,jazz,male_08_IUS-M14201.wav,male,-5,Soft_VAD_Leaky,0.5045,1.472,6.72,-5.08
club,jazz,male_09_IUS-M16201.wav,male,-5,Unprocessed,0.5972,1.421,0.00,0.00
club,jazz,male_09_IUS-M16201.wav,male,-5,FIR_BP,0.5605,1.280,0.89,-3.44
club,jazz,male_09_IUS-M16201.wav,male,-5,Parametric_Notch,0.6008,1.420,1.43,-1.11
club,jazz,male_09_IUS-M16201.wav,male,-5,Base_NLMS,0.6681,1.454,7.99,-8.53
club,jazz,male_09_IUS-M16201.wav,male,-5,Leaky_NLMS,0.6195,1.433,6.88,-6.39
club,jazz,male_09_IUS-M16201.wav,male,-5,Soft_VAD_Leaky,0.6387,1.496,6.88,-4.95
club,jazz,male_10_IUS-M18201.wav,male,-5,Unprocessed,0.5974,1.458,0.00,0.00
club,jazz,male_10_IUS-M18201.wav,male,-5,FIR_BP,0.5674,1.310,0.84,-3.29
club,jazz,male_10_IUS-M18201.wav,male,-5,Parametric_Notch,0.6023,1.454,1.66,-1.25
club,jazz,male_10_IUS-M18201.wav,male,-5,Base_NLMS,0.7132,1.516,8.46,-8.29
club,jazz,male_10_IUS-M18201.wav,male,-5,Leaky_NLMS,0.6516,1.526,7.27,-5.98
club,jazz,male_10_IUS-M18201.wav,male,-5,Soft_VAD_Leaky,0.6494,1.549,6.98,-4.84
club,jazz,female_01_IUS-F00202.wav,female,-5,Unprocessed,0.4930,1.395,0.00,0.00
club,jazz,female_01_IUS-F00202.wav,female,-5,FIR_BP,0.4620,1.260,0.36,-2.10
club,jazz,female_01_IUS-F00202.wav,female,-5,Parametric_Notch,0.4960,1.415,0.74,-0.62
club,jazz,female_01_IUS-F00202.wav,female,-5,Base_NLMS,0.5313,1.544,8.61,-8.99
club,jazz,female_01_IUS-F00202.wav,female,-5,Leaky_NLMS,0.5222,1.561,7.34,-6.59
club,jazz,female_01_IUS-F00202.wav,female,-5,Soft_VAD_Leaky,0.5276,1.633,7.20,-5.37
club,jazz,female_02_IUS-F02202.wav,female,-5,Unprocessed,0.5892,1.383,0.00,0.00
club,jazz,female_02_IUS-F02202.wav,female,-5,FIR_BP,0.5599,1.230,0.33,-2.38
club,jazz,female_02_IUS-F02202.wav,female,-5,Parametric_Notch,0.5905,1.384,0.79,-0.64
club,jazz,female_02_IUS-F02202.wav,female,-5,Base_NLMS,0.6537,1.372,7.39,-9.44
club,jazz,female_02_IUS-F02202.wav,female,-5,Leaky_NLMS,0.6328,1.394,6.84,-6.67
club,jazz,female_02_IUS-F02202.wav,female,-5,Soft_VAD_Leaky,0.6361,1.451,7.10,-5.27
club,jazz,female_03_IUS-F04202.wav,female,-5,Unprocessed,0.6414,1.411,-0.00,0.00
club,jazz,female_03_IUS-F04202.wav,female,-5,FIR_BP,0.6141,1.237,-0.32,-2.17
club,jazz,female_03_IUS-F04202.wav,female,-5,Parametric_Notch,0.6427,1.415,0.73,-0.56
club,jazz,female_03_IUS-F04202.wav,female,-5,Base_NLMS,0.6756,1.403,7.00,-8.26
club,jazz,female_03_IUS-F04202.wav,female,-5,Leaky_NLMS,0.6790,1.449,6.78,-6.16
club,jazz,female_03_IUS-F04202.wav,female,-5,Soft_VAD_Leaky,0.6932,1.494,6.66,-4.90
club,jazz,female_04_IUS-F06202.wav,female,-5,Unprocessed,0.6715,1.398,0.00,0.00
club,jazz,female_04_IUS-F06202.wav,female,-5,FIR_BP,0.6427,1.222,0.22,-2.80
club,jazz,female_04_IUS-F06202.wav,female,-5,Parametric_Notch,0.6737,1.401,0.80,-0.65
club,jazz,female_04_IUS-F06202.wav,female,-5,Base_NLMS,0.7029,1.434,7.57,-8.80
club,jazz,female_04_IUS-F06202.wav,female,-5,Leaky_NLMS,0.6997,1.453,6.89,-6.49
club,jazz,female_04_IUS-F06202.wav,female,-5,Soft_VAD_Leaky,0.7055,1.470,6.67,-5.35
club,jazz,female_05_IUS-F08202.wav,female,-5,Unprocessed,0.6083,1.408,0.00,0.00
club,jazz,female_05_IUS-F08202.wav,female,-5,FIR_BP,0.6007,1.294,-0.00,-1.90
club,jazz,female_05_IUS-F08202.wav,female,-5,Parametric_Notch,0.6074,1.412,0.72,-0.58
club,jazz,female_05_IUS-F08202.wav,female,-5,Base_NLMS,0.7308,1.485,7.96,-8.21
club,jazz,female_05_IUS-F08202.wav,female,-5,Leaky_NLMS,0.6807,1.485,6.75,-6.11
club,jazz,female_05_IUS-F08202.wav,female,-5,Soft_VAD_Leaky,0.6789,1.539,6.77,-4.94
club,jazz,female_06_IUS-F10202.wav,female,-5,Unprocessed,0.6578,1.397,0.00,0.00
club,jazz,female_06_IUS-F10202.wav,female,-5,FIR_BP,0.6340,1.257,-0.52,-2.18
club,jazz,female_06_IUS-F10202.wav,female,-5,Parametric_Notch,0.6603,1.401,0.80,-0.61
club,jazz,female_06_IUS-F10202.wav,female,-5,Base_NLMS,0.7125,1.447,7.31,-8.28
club,jazz,female_06_IUS-F10202.wav,female,-5,Leaky_NLMS,0.7117,1.485,7.16,-6.16
club,jazz,female_06_IUS-F10202.wav,female,-5,Soft_VAD_Leaky,0.7232,1.556,7.05,-4.65
club,jazz,female_07_IUS-F12202.wav,female,-5,Unprocessed,0.5873,1.343,0.00,0.00
club,jazz,female_07_IUS-F12202.wav,female,-5,FIR_BP,0.5629,1.239,-0.00,-2.08
club,jazz,female_07_IUS-F12202.wav,female,-5,Parametric_Notch,0.5880,1.345,0.74,-0.59
club,jazz,female_07_IUS-F12202.wav,female,-5,Base_NLMS,0.6365,1.343,6.95,-8.96
club,jazz,female_07_IUS-F12202.wav,female,-5,Leaky_NLMS,0.6219,1.353,6.51,-6.71
club,jazz,female_07_IUS-F12202.wav,female,-5,Soft_VAD_Leaky,0.6350,1.443,6.81,-4.84
club,jazz,female_08_IUS-F14202.wav,female,-5,Unprocessed,0.6804,1.429,0.00,0.00
club,jazz,female_08_IUS-F14202.wav,female,-5,FIR_BP,0.6522,1.323,0.37,-3.28
club,jazz,female_08_IUS-F14202.wav,female,-5,Parametric_Notch,0.6806,1.441,1.36,-1.06
club,jazz,female_08_IUS-F14202.wav,female,-5,Base_NLMS,0.7956,1.564,9.11,-7.80
club,jazz,female_08_IUS-F14202.wav,female,-5,Leaky_NLMS,0.7236,1.529,7.31,-5.87
club,jazz,female_08_IUS-F14202.wav,female,-5,Soft_VAD_Leaky,0.7257,1.542,6.72,-4.74
club,jazz,female_09_IUS-F16202.wav,female,-5,Unprocessed,0.6059,1.335,0.00,0.00
club,jazz,female_09_IUS-F16202.wav,female,-5,FIR_BP,0.5809,1.239,0.62,-2.04
club,jazz,female_09_IUS-F16202.wav,female,-5,Parametric_Notch,0.6077,1.334,0.71,-0.59
club,jazz,female_09_IUS-F16202.wav,female,-5,Base_NLMS,0.7278,1.429,8.20,-8.03
club,jazz,female_09_IUS-F16202.wav,female,-5,Leaky_NLMS,0.6567,1.393,6.82,-6.18
club,jazz,female_09_IUS-F16202.wav,female,-5,Soft_VAD_Leaky,0.6583,1.414,6.58,-5.06
club,jazz,female_10_IUS-F18202.wav,female,-5,Unprocessed,0.6477,1.452,0.00,0.00
club,jazz,female_10_IUS-F18202.wav,female,-5,FIR_BP,0.6227,1.295,0.29,-3.41
club,jazz,female_10_IUS-F18202.wav,female,-5,Parametric_Notch,0.6483,1.455,1.72,-1.30
club,jazz,female_10_IUS-F18202.wav,female,-5,Base_NLMS,0.7770,1.568,8.61,-7.97
club,jazz,female_10_IUS-F18202.wav,female,-5,Leaky_NLMS,0.7191,1.563,7.24,-5.89
club,jazz,female_10_IUS-F18202.wav,female,-5,Soft_VAD_Leaky,0.7107,1.588,6.83,-4.72
club,jazz,male_01_IUS-M00201.wav,male,0,Unprocessed,0.7028,1.589,0.00,0.00
club,jazz,male_01_IUS-M00201.wav,male,0,FIR_BP,0.6545,1.312,-2.08,-2.94
club,jazz,male_01_IUS-M00201.wav,male,0,Parametric_Notch,0.7075,1.576,1.72,-0.88
club,jazz,male_01_IUS-M00201.wav,male,0,Base_NLMS,0.7164,1.489,3.00,-6.85
club,jazz,male_01_IUS-M00201.wav,male,0,Leaky_NLMS,0.7316,1.565,4.24,-5.38
club,jazz,male_01_IUS-M00201.wav,male,0,Soft_VAD_Leaky,0.7377,1.670,5.57,-3.33
club,jazz,male_02_IUS-M02201.wav,male,0,Unprocessed,0.7233,1.627,0.00,0.00
club,jazz,male_02_IUS-M02201.wav,male,0,FIR_BP,0.6794,1.298,-2.62,-3.45
club,jazz,male_02_IUS-M02201.wav,male,0,Parametric_Notch,0.7272,1.615,1.58,-0.76
club,jazz,male_02_IUS-M02201.wav,male,0,Base_NLMS,0.7689,1.568,3.03,-6.54
club,jazz,male_02_IUS-M02201.wav,male,0,Leaky_NLMS,0.7555,1.617,3.98,-5.02
club,jazz,male_02_IUS-M02201.wav,male,0,Soft_VAD_Leaky,0.7553,1.635,4.24,-3.78
club,jazz,male_03_IUS-M04201.wav,male,0,Unprocessed,0.6709,1.602,0.00,0.00
club,jazz,male_03_IUS-M04201.wav,male,0,FIR_BP,0.6118,1.302,-2.39,-3.33
club,jazz,male_03_IUS-M04201.wav,male,0,Parametric_Notch,0.6731,1.588,1.50,-0.72
club,jazz,male_03_IUS-M04201.wav,male,0,Base_NLMS,0.7151,1.519,2.11,-6.86
club,jazz,male_03_IUS-M04201.wav,male,0,Leaky_NLMS,0.7277,1.543,3.33,-5.22
club,jazz,male_03_IUS-M04201.wav,male,0,Soft_VAD_Leaky,0.7271,1.655,4.70,-3.26
club,jazz,male_04_IUS-M06201.wav,male,0,Unprocessed,0.7366,1.649,0.00,0.00
club,jazz,male_04_IUS-M06201.wav,male,0,FIR_BP,0.6856,1.287,-2.19,-3.80
club,jazz,male_04_IUS-M06201.wav,male,0,Parametric_Notch,0.7404,1.639,1.67,-0.82
club,jazz,male_04_IUS-M06201.wav,male,0,Base_NLMS,0.7298,1.468,2.12,-7.07
club,jazz,male_04_IUS-M06201.wav,male,0,Leaky_NLMS,0.7637,1.577,3.47,-5.48
club,jazz,male_04_IUS-M06201.wav,male,0,Soft_VAD_Leaky,0.7611,1.634,4.42,-3.72
club,jazz,male_05_IUS-M08201.wav,male,0,Unprocessed,0.7081,1.649,-0.00,0.00
club,jazz,male_05_IUS-M08201.wav,male,0,FIR_BP,0.6586,1.392,-2.48,-2.31
club,jazz,male_05_IUS-M08201.wav,male,0,Parametric_Notch,0.7122,1.645,1.43,-0.74
club,jazz,male_05_IUS-M08201.wav,male,0,Base_NLMS,0.7522,1.580,3.05,-6.61
club,jazz,male_05_IUS-M08201.wav,male,0,Leaky_NLMS,0.7520,1.642,4.05,-5.02
club,jazz,male_05_IUS-M08201.wav,male,0,Soft_VAD_Leaky,0.7656,1.809,5.86,-3.03
club,jazz,male_06_IUS-M10201.wav,male,0,Unprocessed,0.7477,1.715,0.00,0.00
club,jazz,male_06_IUS-M10201.wav,male,0,FIR_BP,0.7021,1.413,-2.91,-2.26
club,jazz,male_06_IUS-M10201.wav,male,0,Parametric_Notch,0.7499,1.713,1.43,-0.71
club,jazz,male_06_IUS-M10201.wav,male,0,Base_NLMS,0.8062,1.673,3.54,-5.92
club,jazz,male_06_IUS-M10201.wav,male,0,Leaky_NLMS,0.7945,1.766,4.54,-4.43
club,jazz,male_06_IUS-M10201.wav,male,0,Soft_VAD_Leaky,0.8026,1.899,5.62,-2.80
club,jazz,male_07_IUS-M12201.wav,male,0,Unprocessed,0.7399,1.632,0.00,0.00
club,jazz,male_07_IUS-M12201.wav,male,0,FIR_BP,0.6751,1.339,-2.13,-2.54
club,jazz,male_07_IUS-M12201.wav,male,0,Parametric_Notch,0.7433,1.633,1.73,-0.87
club,jazz,male_07_IUS-M12201.wav,male,0,Base_NLMS,0.7959,1.611,3.11,-6.39
club,jazz,male_07_IUS-M12201.wav,male,0,Leaky_NLMS,0.7687,1.641,3.94,-4.91
club,jazz,male_07_IUS-M12201.wav,male,0,Soft_VAD_Leaky,0.7991,1.834,6.13,-2.65
club,jazz,male_08_IUS-M14201.wav,male,0,Unprocessed,0.6181,1.664,0.00,0.00
club,jazz,male_08_IUS-M14201.wav,male,0,FIR_BP,0.5922,1.414,-2.69,-2.36
club,jazz,male_08_IUS-M14201.wav,male,0,Parametric_Notch,0.6214,1.656,1.43,-0.74
club,jazz,male_08_IUS-M14201.wav,male,0,Base_NLMS,0.6725,1.497,3.06,-6.84
club,jazz,male_08_IUS-M14201.wav,male,0,Leaky_NLMS,0.6499,1.568,3.99,-5.28
club,jazz,male_08_IUS-M14201.wav,male,0,Soft_VAD_Leaky,0.6587,1.703,5.43,-3.37
club,jazz,male_09_IUS-M16201.wav,male,0,Unprocessed,0.7349,1.642,0.00,0.00
club,jazz,male_09_IUS-M16201.wav,male,0,FIR_BP,0.6829,1.347,-2.37,-2.75
club,jazz,male_09_IUS-M16201.wav,male,0,Parametric_Notch,0.7379,1.635,1.42,-0.73
club,jazz,male_09_IUS-M16201.wav,male,0,Base_NLMS,0.7095,1.527,3.16,-6.69
club,jazz,male_09_IUS-M16201.wav,male,0,Leaky_NLMS,0.7312,1.569,3.99,-5.24
club,jazz,male_09_IUS-M16201.wav,male,0,Soft_VAD_Leaky,0.7638,1.737,5.74,-3.27
club,jazz,male_10_IUS-M18201.wav,male,0,Unprocessed,0.7312,1.700,-0.00,0.00
club,jazz,male_10_IUS-M18201.wav,male,0,FIR_BP,0.6862,1.388,-2.51,-2.44
club,jazz,male_10_IUS-M18201.wav,male,0,Parametric_Notch,0.7358,1.689,1.65,-0.81
club,jazz,male_10_IUS-M18201.wav,male,0,Base_NLMS,0.7613,1.610,3.28,-6.45
club,jazz,male_10_IUS-M18201.wav,male,0,Leaky_NLMS,0.7697,1.713,4.40,-4.75
club,jazz,male_10_IUS-M18201.wav,male,0,Soft_VAD_Leaky,0.7756,1.826,5.81,-3.15
club,jazz,female_01_IUS-F00202.wav,female,0,Unprocessed,0.5985,1.687,0.00,0.00
club,jazz,female_01_IUS-F00202.wav,female,0,FIR_BP,0.5580,1.335,-2.16,-1.92
club,jazz,female_01_IUS-F00202.wav,female,0,Parametric_Notch,0.6014,1.717,0.70,-0.46
club,jazz,female_01_IUS-F00202.wav,female,0,Base_NLMS,0.5529,1.517,3.60,-7.44
club,jazz,female_01_IUS-F00202.wav,female,0,Leaky_NLMS,0.5901,1.654,4.60,-5.73
club,jazz,female_01_IUS-F00202.wav,female,0,Soft_VAD_Leaky,0.6147,1.964,6.39,-3.58
club,jazz,female_02_IUS-F02202.wav,female,0,Unprocessed,0.6987,1.570,0.00,0.00
club,jazz,female_02_IUS-F02202.wav,female,0,FIR_BP,0.6602,1.276,-2.26,-2.52
club,jazz,female_02_IUS-F02202.wav,female,0,Parametric_Notch,0.6994,1.568,0.76,-0.44
club,jazz,female_02_IUS-F02202.wav,female,0,Base_NLMS,0.6842,1.382,2.34,-8.10
club,jazz,female_02_IUS-F02202.wav,female,0,Leaky_NLMS,0.7006,1.453,3.43,-5.97
club,jazz,female_02_IUS-F02202.wav,female,0,Soft_VAD_Leaky,0.7224,1.612,5.64,-3.83
club,jazz,female_03_IUS-F04202.wav,female,0,Unprocessed,0.7530,1.637,0.00,0.00
club,jazz,female_03_IUS-F04202.wav,female,0,FIR_BP,0.7132,1.288,-3.22,-2.19
club,jazz,female_03_IUS-F04202.wav,female,0,Parametric_Notch,0.7546,1.639,0.71,-0.37
club,jazz,female_03_IUS-F04202.wav,female,0,Base_NLMS,0.6983,1.405,2.13,-6.86
club,jazz,female_03_IUS-F04202.wav,female,0,Leaky_NLMS,0.7491,1.525,3.61,-5.38
club,jazz,female_03_IUS-F04202.wav,female,0,Soft_VAD_Leaky,0.7857,1.708,5.23,-3.32
club,jazz,female_04_IUS-F06202.wav,female,0,Unprocessed,0.7730,1.602,0.00,0.00
club,jazz,female_04_IUS-F06202.wav,female,0,FIR_BP,0.7318,1.265,-2.51,-3.17
club,jazz,female_04_IUS-F06202.wav,female,0,Parametric_Notch,0.7745,1.601,0.75,-0.45
club,jazz,female_04_IUS-F06202.wav,female,0,Base_NLMS,0.7406,1.449,2.41,-7.30
club,jazz,female_04_IUS-F06202.wav,female,0,Leaky_NLMS,0.7618,1.523,3.54,-5.67
club,jazz,female_04_IUS-F06202.wav,female,0,Soft_VAD_Leaky,0.7868,1.625,4.77,-3.99
club,jazz,female_05_IUS-F08202.wav,female,0,Unprocessed,0.7366,1.631,0.00,0.00
club,jazz,female_05_IUS-F08202.wav,female,0,FIR_BP,0.7183,1.372,-2.70,-1.64
club,jazz,female_05_IUS-F08202.wav,female,0,Parametric_Notch,0.7364,1.632,0.70,-0.40
club,jazz,female_05_IUS-F08202.wav,female,0,Base_NLMS,0.7771,1.530,3.31,-6.59
club,jazz,female_05_IUS-F08202.wav,female,0,Leaky_NLMS,0.7842,1.613,4.05,-5.00
club,jazz,female_05_IUS-F08202.wav,female,0,Soft_VAD_Leaky,0.7924,1.807,5.76,-3.28
club,jazz,female_06_IUS-F10202.wav,female,0,Unprocessed,0.8000,1.621,0.00,0.00
club,jazz,female_06_IUS-F10202.wav,female,0,FIR_BP,0.7626,1.319,-3.64,-1.96
club,jazz,female_06_IUS-F10202.wav,female,0,Parametric_Notch,0.8025,1.622,0.79,-0.40
club,jazz,female_06_IUS-F10202.wav,female,0,Base_NLMS,0.7438,1.461,2.20,-6.99
club,jazz,female_06_IUS-F10202.wav,female,0,Leaky_NLMS,0.7957,1.584,3.92,-5.25
club,jazz,female_06_IUS-F10202.wav,female,0,Soft_VAD_Leaky,0.8430,1.847,6.01,-2.80
club,jazz,female_07_IUS-F12202.wav,female,0,Unprocessed,0.6981,1.521,-0.00,0.00
club,jazz,female_07_IUS-F12202.wav,female,0,FIR_BP,0.6611,1.300,-2.77,-1.90
club,jazz,female_07_IUS-F12202.wav,female,0,Parametric_Notch,0.6994,1.520,0.73,-0.40
club,jazz,female_07_IUS-F12202.wav,female,0,Base_NLMS,0.6649,1.369,2.15,-7.85
club,jazz,female_07_IUS-F12202.wav,female,0,Leaky_NLMS,0.6966,1.415,3.26,-6.14
club,jazz,female_07_IUS-F12202.wav,female,0,Soft_VAD_Leaky,0.7379,1.659,5.92,-3.12
club,jazz,female_08_IUS-F14202.wav,female,0,Unprocessed,0.7943,1.678,0.00,0.00
club,jazz,female_08_IUS-F14202.wav,female,0,FIR_BP,0.7575,1.405,-3.24,-2.38
club,jazz,female_08_IUS-F14202.wav,female,0,Parametric_Notch,0.7954,1.687,1.35,-0.70
club,jazz,female_08_IUS-F14202.wav,female,0,Base_NLMS,0.8332,1.611,3.98,-6.02
club,jazz,female_08_IUS-F14202.wav,female,0,Leaky_NLMS,0.8167,1.680,4.70,-4.71
club,jazz,female_08_IUS-F14202.wav,female,0,Soft_VAD_Leaky,0.8343,1.824,5.71,-2.96
club,jazz,female_09_IUS-F16202.wav,female,0,Unprocessed,0.7051,1.488,0.00,0.00
club,jazz,female_09_IUS-F16202.wav,female,0,FIR_BP,0.6690,1.295,-1.60,-1.92
club,jazz,female_09_IUS-F16202.wav,female,0,Parametric_Notch,0.7071,1.483,0.65,-0.43
club,jazz,female_09_IUS-F16202.wav,female,0,Base_NLMS,0.7578,1.491,3.49,-6.29
club,jazz,female_09_IUS-F16202.wav,female,0,Leaky_NLMS,0.7290,1.513,4.11,-5.07
club,jazz,female_09_IUS-F16202.wav,female,0,Soft_VAD_Leaky,0.7430,1.595,5.09,-3.40
club,jazz,female_10_IUS-F18202.wav,female,0,Unprocessed,0.7728,1.708,0.00,0.00
club,jazz,female_10_IUS-F18202.wav,female,0,FIR_BP,0.7336,1.366,-3.28,-2.67
club,jazz,female_10_IUS-F18202.wav,female,0,Parametric_Notch,0.7730,1.703,1.69,-0.86
club,jazz,female_10_IUS-F18202.wav,female,0,Base_NLMS,0.7995,1.613,3.25,-6.34
club,jazz,female_10_IUS-F18202.wav,female,0,Leaky_NLMS,0.8194,1.740,4.45,-4.75
club,jazz,female_10_IUS-F18202.wav,female,0,Soft_VAD_Leaky,0.8201,1.888,5.72,-3.02
club,jazz,male_01_IUS-M00201.wav,male,5,Unprocessed,0.8138,1.949,0.00,0.00
club,jazz,male_01_IUS-M00201.wav,male,5,FIR_BP,0.7572,1.388,-6.30,-2.33
club,jazz,male_01_IUS-M00201.wav,male,5,Parametric_Notch,0.8158,1.933,1.68,-0.43
club,jazz,male_01_IUS-M00201.wav,male,5,Base_NLMS,0.7387,1.492,-2.56,-6.49
club,jazz,male_01_IUS-M00201.wav,male,5,Leaky_NLMS,0.8096,1.653,-0.60,-5.23
club,jazz,male_01_IUS-M00201.wav,male,5,Soft_VAD_Leaky,0.8247,1.915,2.45,-2.43
club,jazz,male_02_IUS-M02201.wav,male,5,Unprocessed,0.8274,1.997,0.00,0.00
club,jazz,male_02_IUS-M02201.wav,male,5,FIR_BP,0.7716,1.362,-6.96,-3.09
club,jazz,male_02_IUS-M02201.wav,male,5,Parametric_Notch,0.8303,1.983,1.50,-0.37
club,jazz,male_02_IUS-M02201.wav,male,5,Base_NLMS,0.7686,1.530,-2.85,-6.28
club,jazz,male_02_IUS-M02201.wav,male,5,Leaky_NLMS,0.8196,1.673,-1.13,-4.96
club,jazz,male_02_IUS-M02201.wav,male,5,Soft_VAD_Leaky,0.8312,1.813,1.08,-2.77
club,jazz,male_03_IUS-M04201.wav,male,5,Unprocessed,0.7973,1.955,0.00,0.00
club,jazz,male_03_IUS-M04201.wav,male,5,FIR_BP,0.7263,1.375,-6.69,-2.96
club,jazz,male_03_IUS-M04201.wav,male,5,Parametric_Notch,0.7981,1.939,1.42,-0.35
club,jazz,male_03_IUS-M04201.wav,male,5,Base_NLMS,0.7274,1.483,-3.35,-6.48
club,jazz,male_03_IUS-M04201.wav,male,5,Leaky_NLMS,0.8060,1.593,-1.70,-5.13
club,jazz,male_03_IUS-M04201.wav,male,5,Soft_VAD_Leaky,0.8223,1.881,1.38,-2.21
club,jazz,male_04_IUS-M06201.wav,male,5,Unprocessed,0.8458,2.038,0.00,0.00
club,jazz,male_04_IUS-M06201.wav,male,5,FIR_BP,0.7833,1.348,-6.45,-3.60
club,jazz,male_04_IUS-M06201.wav,male,5,Parametric_Notch,0.8479,2.024,1.56,-0.40
club,jazz,male_04_IUS-M06201.wav,male,5,Base_NLMS,0.7617,1.467,-3.15,-6.59
club,jazz,male_04_IUS-M06201.wav,male,5,Leaky_NLMS,0.8329,1.658,-1.38,-5.18
club,jazz,male_04_IUS-M06201.wav,male,5,Soft_VAD_Leaky,0.8456,1.813,0.71,-2.98
club,jazz,male_05_IUS-M08201.wav,male,5,Unprocessed,0.8231,2.041,-0.00,0.00
club,jazz,male_05_IUS-M08201.wav,male,5,FIR_BP,0.7584,1.473,-6.80,-1.50
club,jazz,male_05_IUS-M08201.wav,male,5,Parametric_Notch,0.8258,2.035,1.39,-0.36
club,jazz,male_05_IUS-M08201.wav,male,5,Base_NLMS,0.7778,1.602,-2.31,-6.00
club,jazz,male_05_IUS-M08201.wav,male,5,Leaky_NLMS,0.8447,1.796,-0.55,-4.58
club,jazz,male_05_IUS-M08201.wav,male,5,Soft_VAD_Leaky,0.8700,2.244,4.25,-1.70
club,jazz,male_06_IUS-M10201.wav,male,5,Unprocessed,0.8623,2.183,0.00,0.00
club,jazz,male_06_IUS-M10201.wav,male,5,FIR_BP,0.8004,1.494,-7.32,-1.50
club,jazz,male_06_IUS-M10201.wav,male,5,Parametric_Notch,0.8649,2.176,1.38,-0.34
club,jazz,male_06_IUS-M10201.wav,male,5,Base_NLMS,0.8220,1.674,-2.30,-5.32
club,jazz,male_06_IUS-M10201.wav,male,5,Leaky_NLMS,0.8762,1.922,-0.29,-4.03
club,jazz,male_06_IUS-M10201.wav,male,5,Soft_VAD_Leaky,0.8997,2.373,3.94,-1.54
club,jazz,male_07_IUS-M12201.wav,male,5,Unprocessed,0.8486,2.046,-0.00,0.00
club,jazz,male_07_IUS-M12201.wav,male,5,FIR_BP,0.7781,1.406,-6.38,-1.73
club,jazz,male_07_IUS-M12201.wav,male,5,Parametric_Notch,0.8507,2.039,1.70,-0.42
club,jazz,male_07_IUS-M12201.wav,male,5,Base_NLMS,0.8040,1.613,-2.23,-5.35
club,jazz,male_07_IUS-M12201.wav,male,5,Leaky_NLMS,0.8374,1.765,-0.64,-4.35
club,jazz,male_07_IUS-M12201.wav,male,5,Soft_VAD_Leaky,0.8733,2.179,4.41,-1.39
club,jazz,male_08_IUS-M14201.wav,male,5,Unprocessed,0.7622,2.074,0.00,0.00
club,jazz,male_08_IUS-M14201.wav,male,5,FIR_BP,0.7253,1.512,-7.05,-1.57
club,jazz,male_08_IUS-M14201.wav,male,5,Parametric_Notch,0.7654,2.064,1.38,-0.36
club,jazz,male_08_IUS-M14201.wav,male,5,Base_NLMS,0.7144,1.483,-2.68,-6.74
club,jazz,male_08_IUS-M14201.wav,male,5,Leaky_NLMS,0.7663,1.641,-1.10,-5.34
club,jazz,male_08_IUS-M14201.wav,male,5,Soft_VAD_Leaky,0.7909,2.101,3.47,-2.11
club,jazz,male_09_IUS-M16201.wav,male,5,Unprocessed,0.8369,2.047,0.00,0.00
club,jazz,male_09_IUS-M16201.wav,male,5,FIR_BP,0.7755,1.424,-6.62,-2.09
club,jazz,male_09_IUS-M16201.wav,male,5,Parametric_Notch,0.8386,2.038,1.39,-0.32
club,jazz,male_09_IUS-M16201.wav,male,5,Base_NLMS,0.7310,1.537,-2.35,-6.09
club,jazz,male_09_IUS-M16201.wav,male,5,Leaky_NLMS,0.7984,1.675,-0.72,-4.85
club,jazz,male_09_IUS-M16201.wav,male,5,Soft_VAD_Leaky,0.8432,2.047,3.04,-2.06
club,jazz,male_10_IUS-M18201.wav,male,5,Unprocessed,0.8479,2.139,0.00,0.00
club,jazz,male_10_IUS-M18201.wav,male,5,FIR_BP,0.7932,1.470,-6.83,-1.71
club,jazz,male_10_IUS-M18201.wav,male,5,Parametric_Notch,0.8511,2.124,1.61,-0.39
club,jazz,male_10_IUS-M18201.wav,male,5,Base_NLMS,0.7785,1.619,-2.45,-5.94
club,jazz,male_10_IUS-M18201.wav,male,5,Leaky_NLMS,0.8538,1.861,-0.49,-4.40
club,jazz,male_10_IUS-M18201.wav,male,5,Soft_VAD_Leaky,0.8756,2.266,3.75,-1.91
club,jazz,female_01_IUS-F00202.wav,female,5,Unprocessed,0.6779,2.248,0.00,0.00
club,jazz,female_01_IUS-F00202.wav,female,5,FIR_BP,0.6313,1.398,-5.97,-1.69
club,jazz,female_01_IUS-F00202.wav,female,5,Parametric_Notch,0.6803,2.274,0.59,-0.27
club,jazz,female_01_IUS-F00202.wav,female,5,Base_NLMS,0.5689,1.434,-1.88,-7.10
club,jazz,female_01_IUS-F00202.wav,female,5,Leaky_NLMS,0.6194,1.644,-0.20,-5.71
club,jazz,female_01_IUS-F00202.wav,female,5,Soft_VAD_Leaky,0.6772,2.418,4.59,-2.09
club,jazz,female_02_IUS-F02202.wav,female,5,Unprocessed,0.7789,1.898,0.00,0.00
club,jazz,female_02_IUS-F02202.wav,female,5,FIR_BP,0.7353,1.327,-6.11,-2.57
club,jazz,female_02_IUS-F02202.wav,female,5,Parametric_Notch,0.7794,1.892,0.69,-0.23
club,jazz,female_02_IUS-F02202.wav,female,5,Base_NLMS,0.6886,1.366,-2.98,-7.66
club,jazz,female_02_IUS-F02202.wav,female,5,Leaky_NLMS,0.7310,1.477,-1.56,-6.08
club,jazz,female_02_IUS-F02202.wav,female,5,Soft_VAD_Leaky,0.7797,1.830,2.76,-2.90
club,jazz,female_03_IUS-F04202.wav,female,5,Unprocessed,0.8459,2.039,0.00,0.00
club,jazz,female_03_IUS-F04202.wav,female,5,FIR_BP,0.7954,1.339,-7.28,-2.17
club,jazz,female_03_IUS-F04202.wav,female,5,Parametric_Notch,0.8473,2.038,0.68,-0.19
club,jazz,female_03_IUS-F04202.wav,female,5,Base_NLMS,0.7092,1.375,-3.24,-6.55
club,jazz,female_03_IUS-F04202.wav,female,5,Leaky_NLMS,0.7773,1.531,-1.49,-5.46
club,jazz,female_03_IUS-F04202.wav,female,5,Soft_VAD_Leaky,0.8446,1.957,2.41,-2.21
club,jazz,female_04_IUS-F06202.wav,female,5,Unprocessed,0.8558,1.953,0.00,0.00
club,jazz,female_04_IUS-F06202.wav,female,5,FIR_BP,0.8031,1.310,-6.44,-3.58
club,jazz,female_04_IUS-F06202.wav,female,5,Parametric_Notch,0.8564,1.947,0.60,-0.25
club,jazz,female_04_IUS-F06202.wav,female,5,Base_NLMS,0.7545,1.415,-3.08,-6.79
club,jazz,female_04_IUS-F06202.wav,female,5,Leaky_NLMS,0.7924,1.531,-1.60,-5.68
club,jazz,female_04_IUS-F06202.wav,female,5,Soft_VAD_Leaky,0.8409,1.769,1.17,-3.09
club,jazz,female_05_IUS-F08202.wav,female,5,Unprocessed,0.8392,2.023,0.00,0.00
club,jazz,female_05_IUS-F08202.wav,female,5,FIR_BP,0.8054,1.451,-6.62,-1.32
club,jazz,female_05_IUS-F08202.wav,female,5,Parametric_Notch,0.8392,2.020,0.63,-0.22
club,jazz,female_05_IUS-F08202.wav,female,5,Base_NLMS,0.7797,1.498,-2.32,-6.25
club,jazz,female_05_IUS-F08202.wav,female,5,Leaky_NLMS,0.8387,1.685,-0.63,-4.81
club,jazz,female_05_IUS-F08202.wav,female,5,Soft_VAD_Leaky,0.8705,2.196,3.80,-2.01
club,jazz,female_06_IUS-F10202.wav,female,5,Unprocessed,0.8951,2.007,0.00,0.00
club,jazz,female_06_IUS-F10202.wav,female,5,FIR_BP,0.8530,1.381,-7.82,-1.76
club,jazz,female_06_IUS-F10202.wav,female,5,Parametric_Notch,0.8970,2.004,0.76,-0.20
club,jazz,female_06_IUS-F10202.wav,female,5,Base_NLMS,0.7497,1.438,-3.16,-6.62
club,jazz,female_06_IUS-F10202.wav,female,5,Leaky_NLMS,0.8280,1.630,-1.07,-5.08
club,jazz,female_06_IUS-F10202.wav,female,5,Soft_VAD_Leaky,0.8961,2.149,3.77,-1.62
club,jazz,female_07_IUS-F12202.wav,female,5,Unprocessed,0.7904,1.844,0.00,0.00
club,jazz,female_07_IUS-F12202.wav,female,5,FIR_BP,0.7425,1.371,-6.74,-1.69
club,jazz,female_07_IUS-F12202.wav,female,5,Parametric_Notch,0.7919,1.840,0.71,-0.21
club,jazz,female_07_IUS-F12202.wav,female,5,Base_NLMS,0.6805,1.369,-3.00,-7.57
club,jazz,female_07_IUS-F12202.wav,female,5,Leaky_NLMS,0.7415,1.463,-1.47,-6.20
club,jazz,female_07_IUS-F12202.wav,female,5,Soft_VAD_Leaky,0.8133,1.977,4.12,-1.79
club,jazz,female_08_IUS-F14202.wav,female,5,Unprocessed,0.8789,2.129,-0.00,0.00
club,jazz,female_08_IUS-F14202.wav,female,5,FIR_BP,0.8361,1.483,-7.70,-1.58
club,jazz,female_08_IUS-F14202.wav,female,5,Parametric_Notch,0.8810,2.132,1.29,-0.35
club,jazz,female_08_IUS-F14202.wav,female,5,Base_NLMS,0.8341,1.583,-1.77,-5.45
club,jazz,female_08_IUS-F14202.wav,female,5,Leaky_NLMS,0.8629,1.760,-0.13,-4.42
club,jazz,female_08_IUS-F14202.wav,female,5,Soft_VAD_Leaky,0.9053,2.250,3.93,-1.68
club,jazz,female_09_IUS-F16202.wav,female,5,Unprocessed,0.7923,1.759,0.00,0.00
club,jazz,female_09_IUS-F16202.wav,female,5,FIR_BP,0.7468,1.364,-5.15,-1.74
club,jazz,female_09_IUS-F16202.wav,female,5,Parametric_Notch,0.7941,1.752,0.48,-0.25
club,jazz,female_09_IUS-F16202.wav,female,5,Base_NLMS,0.7643,1.523,-2.05,-5.68
club,jazz,female_09_IUS-F16202.wav,female,5,Leaky_NLMS,0.7813,1.624,-0.62,-4.75
club,jazz,female_09_IUS-F16202.wav,female,5,Soft_VAD_Leaky,0.8098,1.842,2.11,-2.28
club,jazz,female_10_IUS-F18202.wav,female,5,Unprocessed,0.8708,2.166,0.00,0.00
club,jazz,female_10_IUS-F18202.wav,female,5,FIR_BP,0.8179,1.435,-7.71,-1.98
club,jazz,female_10_IUS-F18202.wav,female,5,Parametric_Notch,0.8710,2.153,1.60,-0.43
club,jazz,female_10_IUS-F18202.wav,female,5,Base_NLMS,0.8072,1.569,-2.39,-5.82
club,jazz,female_10_IUS-F18202.wav,female,5,Leaky_NLMS,0.8681,1.842,-0.42,-4.48
club,jazz,female_10_IUS-F18202.wav,female,5,Soft_VAD_Leaky,0.8919,2.264,3.30,-1.91
club,jazz,male_01_IUS-M00201.wav,male,10,Unprocessed,0.8978,2.520,0.00,0.00
club,jazz,male_01_IUS-M00201.wav,male,10,FIR_BP,0.8381,1.454,-10.00,-1.95
club,jazz,male_01_IUS-M00201.wav,male,10,Parametric_Notch,0.8983,2.511,1.56,-0.17
club,jazz,male_01_IUS-M00201.wav,male,10,Base_NLMS,0.7426,1.453,-8.04,-7.18
club,jazz,male_01_IUS-M00201.wav,male,10,Leaky_NLMS,0.8416,1.658,-6.21,-5.87
club,jazz,male_01_IUS-M00201.wav,male,10,Soft_VAD_Leaky,0.8851,2.135,-1.99,-2.24
club,jazz,male_02_IUS-M02201.wav,male,10,Unprocessed,0.8949,2.566,0.00,0.00
club,jazz,male_02_IUS-M02201.wav,male,10,FIR_BP,0.8361,1.418,-10.00,-2.89
club,jazz,male_02_IUS-M02201.wav,male,10,Parametric_Notch,0.8960,2.555,1.24,-0.15
club,jazz,male_02_IUS-M02201.wav,male,10,Base_NLMS,0.7488,1.456,-8.53,-6.94
club,jazz,male_02_IUS-M02201.wav,male,10,Leaky_NLMS,0.8378,1.649,-6.81,-5.66
club,jazz,male_02_IUS-M02201.wav,male,10,Soft_VAD_Leaky,0.8517,1.853,-4.70,-3.16
club,jazz,male_03_IUS-M04201.wav,male,10,Unprocessed,0.8850,2.517,0.00,0.00
club,jazz,male_03_IUS-M04201.wav,male,10,FIR_BP,0.8080,1.443,-10.00,-2.72
club,jazz,male_03_IUS-M04201.wav,male,10,Parametric_Notch,0.8851,2.507,1.22,-0.14
club,jazz,male_03_IUS-M04201.wav,male,10,Base_NLMS,0.7276,1.431,-8.69,-6.93
club,jazz,male_03_IUS-M04201.wav,male,10,Leaky_NLMS,0.8362,1.610,-7.11,-5.67
club,jazz,male_03_IUS-M04201.wav,male,10,Soft_VAD_Leaky,0.8788,2.077,-3.21,-1.75
club,jazz,male_04_IUS-M06201.wav,male,10,Unprocessed,0.9197,2.643,0.00,0.00
club,jazz,male_04_IUS-M06201.wav,male,10,FIR_BP,0.8530,1.405,-10.00,-3.48
club,jazz,male_04_IUS-M06201.wav,male,10,Parametric_Notch,0.9202,2.633,1.23,-0.17
club,jazz,male_04_IUS-M06201.wav,male,10,Base_NLMS,0.7772,1.447,-8.41,-6.79
club,jazz,male_04_IUS-M06201.wav,male,10,Leaky_NLMS,0.8626,1.693,-6.66,-5.44
club,jazz,male_04_IUS-M06201.wav,male,10,Soft_VAD_Leaky,0.8930,1.951,-3.98,-2.56
club,jazz,male_05_IUS-M08201.wav,male,10,Unprocessed,0.9141,2.642,0.00,0.00
club,jazz,male_05_IUS-M08201.wav,male,10,FIR_BP,0.8421,1.530,-10.00,-1.04
club,jazz,male_05_IUS-M08201.wav,male,10,Parametric_Notch,0.9151,2.642,1.29,-0.14
club,jazz,male_05_IUS-M08201.wav,male,10,Base_NLMS,0.7849,1.582,-7.70,-6.23
club,jazz,male_05_IUS-M08201.wav,male,10,Leaky_NLMS,0.8859,1.874,-5.82,-4.76
club,jazz,male_05_IUS-M08201.wav,male,10,Soft_VAD_Leaky,0.9315,2.778,2.27,-0.84
club,jazz,male_06_IUS-M10201.wav,male,10,Unprocessed,0.9389,2.879,0.00,0.00
club,jazz,male_06_IUS-M10201.wav,male,10,FIR_BP,0.8672,1.546,-10.00,-1.04
club,jazz,male_06_IUS-M10201.wav,male,10,Parametric_Notch,0.9404,2.877,1.23,-0.13
club,jazz,male_06_IUS-M10201.wav,male,10,Base_NLMS,0.8284,1.623,-7.87,-5.58
club,jazz,male_06_IUS-M10201.wav,male,10,Leaky_NLMS,0.9037,1.941,-5.84,-4.30
club,jazz,male_06_IUS-M10201.wav,male,10,Soft_VAD_Leaky,0.9474,2.865,1.42,-0.93
club,jazz,male_07_IUS-M12201.wav,male,10,Unprocessed,0.9200,2.669,0.00,0.00
club,jazz,male_07_IUS-M12201.wav,male,10,FIR_BP,0.8455,1.455,-10.00,-1.13
club,jazz,male_07_IUS-M12201.wav,male,10,Parametric_Notch,0.9208,2.665,1.59,-0.16
club,jazz,male_07_IUS-M12201.wav,male,10,Base_NLMS,0.7961,1.567,-7.53,-5.16
club,jazz,male_07_IUS-M12201.wav,male,10,Leaky_NLMS,0.8604,1.789,-5.79,-4.28
club,jazz,male_07_IUS-M12201.wav,male,10,Soft_VAD_Leaky,0.9080,2.385,1.10,-0.70
club,jazz,male_08_IUS-M14201.wav,male,10,Unprocessed,0.8771,2.719,-0.00,0.00
club,jazz,male_08_IUS-M14201.wav,male,10,FIR_BP,0.8299,1.584,-10.00,-1.14
club,jazz,male_08_IUS-M14201.wav,male,10,Parametric_Notch,0.8784,2.714,1.25,-0.14
club,jazz,male_08_IUS-M14201.wav,male,10,Base_NLMS,0.7296,1.448,-8.19,-7.42
club,jazz,male_08_IUS-M14201.wav,male,10,Leaky_NLMS,0.8372,1.670,-6.62,-5.99
club,jazz,male_08_IUS-M14201.wav,male,10,Soft_VAD_Leaky,0.8884,2.663,1.44,-1.26
club,jazz,male_09_IUS-M16201.wav,male,10,Unprocessed,0.9018,2.683,0.00,0.00
club,jazz,male_09_IUS-M16201.wav,male,10,FIR_BP,0.8355,1.484,-10.00,-1.61
club,jazz,male_09_IUS-M16201.wav,male,10,Parametric_Notch,0.9023,2.678,1.27,-0.11
club,jazz,male_09_IUS-M16201.wav,male,10,Base_NLMS,0.7291,1.504,-7.78,-6.17
club,jazz,male_09_IUS-M16201.wav,male,10,Leaky_NLMS,0.8315,1.724,-6.03,-4.97
club,jazz,male_09_IUS-M16201.wav,male,10,Soft_VAD_Leaky,0.8834,2.233,-1.21,-1.53
club,jazz,male_10_IUS-M18201.wav,male,10,Unprocessed,0.9288,2.801,0.00,0.00
club,jazz,male_10_IUS-M18201.wav,male,10,FIR_BP,0.8690,1.528,-10.00,-1.28
club,jazz,male_10_IUS-M18201.wav,male,10,Parametric_Notch,0.9301,2.793,1.47,-0.16
club,jazz,male_10_IUS-M18201.wav,male,10,Base_NLMS,0.7866,1.576,-7.97,-6.27
club,jazz,male_10_IUS-M18201.wav,male,10,Leaky_NLMS,0.8890,1.906,-6.00,-4.76
club,jazz,male_10_IUS-M18201.wav,male,10,Soft_VAD_Leaky,0.9301,2.684,0.69,-1.18
club,jazz,female_01_IUS-F00202.wav,female,10,Unprocessed,0.7356,3.014,0.00,0.00
club,jazz,female_01_IUS-F00202.wav,female,10,FIR_BP,0.6833,1.432,-10.00,-1.48
club,jazz,female_01_IUS-F00202.wav,female,10,Parametric_Notch,0.7365,3.022,0.23,-0.15
club,jazz,female_01_IUS-F00202.wav,female,10,Base_NLMS,0.5781,1.359,-7.24,-7.49
club,jazz,female_01_IUS-F00202.wav,female,10,Leaky_NLMS,0.6276,1.571,-5.70,-6.40
club,jazz,female_01_IUS-F00202.wav,female,10,Soft_VAD_Leaky,0.7242,2.868,1.54,-1.25
club,jazz,female_02_IUS-F02202.wav,female,10,Unprocessed,0.8426,2.412,0.00,0.00
club,jazz,female_02_IUS-F02202.wav,female,10,FIR_BP,0.7966,1.373,-10.00,-2.63
club,jazz,female_02_IUS-F02202.wav,female,10,Parametric_Notch,0.8430,2.406,0.47,-0.11
club,jazz,female_02_IUS-F02202.wav,female,10,Base_NLMS,0.6851,1.340,-8.26,-7.87
club,jazz,female_02_IUS-F02202.wav,female,10,Leaky_NLMS,0.7432,1.469,-6.97,-6.75
club,jazz,female_02_IUS-F02202.wav,female,10,Soft_VAD_Leaky,0.8195,2.023,-1.18,-2.43
club,jazz,female_03_IUS-F04202.wav,female,10,Unprocessed,0.9101,2.657,0.00,0.00
club,jazz,female_03_IUS-F04202.wav,female,10,FIR_BP,0.8553,1.378,-10.00,-2.10
club,jazz,female_03_IUS-F04202.wav,female,10,Parametric_Notch,0.9111,2.657,0.57,-0.08
club,jazz,female_03_IUS-F04202.wav,female,10,Base_NLMS,0.7107,1.329,-8.56,-6.92
club,jazz,female_03_IUS-F04202.wav,female,10,Leaky_NLMS,0.7798,1.487,-7.07,-6.10
club,jazz,female_03_IUS-F04202.wav,female,10,Soft_VAD_Leaky,0.8839,2.169,-1.09,-1.52
club,jazz,female_04_IUS-F06202.wav,female,10,Unprocessed,0.9158,2.492,0.00,0.00
club,jazz,female_04_IUS-F06202.wav,female,10,FIR_BP,0.8558,1.351,-10.00,-3.82
club,jazz,female_04_IUS-F06202.wav,female,10,Parametric_Notch,0.9159,2.484,0.19,-0.13
club,jazz,female_04_IUS-F06202.wav,female,10,Base_NLMS,0.7541,1.362,-8.41,-6.94
club,jazz,female_04_IUS-F06202.wav,female,10,Leaky_NLMS,0.8013,1.487,-7.13,-6.21
club,jazz,female_04_IUS-F06202.wav,female,10,Soft_VAD_Leaky,0.8685,1.814,-3.80,-2.74
club,jazz,female_05_IUS-F08202.wav,female,10,Unprocessed,0.9117,2.615,0.00,0.00
club,jazz,female_05_IUS-F08202.wav,female,10,FIR_BP,0.8640,1.506,-10.00,-1.07
club,jazz,female_05_IUS-F08202.wav,female,10,Parametric_Notch,0.9115,2.614,0.43,-0.10
club,jazz,female_05_IUS-F08202.wav,female,10,Base_NLMS,0.7557,1.432,-7.92,-6.70
club,jazz,female_05_IUS-F08202.wav,female,10,Leaky_NLMS,0.8515,1.668,-6.17,-5.47
club,jazz,female_05_IUS-F08202.wav,female,10,Soft_VAD_Leaky,0.9194,2.621,0.64,-1.26
club,jazz,female_06_IUS-F10202.wav,female,10,Unprocessed,0.9514,2.588,0.00,0.00
club,jazz,female_06_IUS-F10202.wav,female,10,FIR_BP,0.9056,1.427,-10.00,-1.58
club,jazz,female_06_IUS-F10202.wav,female,10,Parametric_Notch,0.9521,2.584,0.66,-0.08
club,jazz,female_06_IUS-F10202.wav,female,10,Base_NLMS,0.7406,1.402,-8.47,-6.84
club,jazz,female_06_IUS-F10202.wav,female,10,Leaky_NLMS,0.8281,1.614,-6.52,-5.41
club,jazz,female_06_IUS-F10202.wav,female,10,Soft_VAD_Leaky,0.9042,2.149,-0.76,-1.30
club,jazz,female_07_IUS-F12202.wav,female,10,Unprocessed,0.8636,2.376,0.00,0.00
club,jazz,female_07_IUS-F12202.wav,female,10,FIR_BP,0.8065,1.435,-10.00,-1.35
club,jazz,female_07_IUS-F12202.wav,female,10,Parametric_Notch,0.8643,2.373,0.65,-0.09
club,jazz,female_07_IUS-F12202.wav,female,10,Base_NLMS,0.6910,1.351,-8.16,-7.75
club,jazz,female_07_IUS-F12202.wav,female,10,Leaky_NLMS,0.7657,1.482,-6.70,-6.69
club,jazz,female_07_IUS-F12202.wav,female,10,Soft_VAD_Leaky,0.8589,2.191,0.73,-1.16
club,jazz,female_08_IUS-F14202.wav,female,10,Unprocessed,0.9341,2.782,0.00,0.00
club,jazz,female_08_IUS-F14202.wav,female,10,FIR_BP,0.8859,1.529,-10.00,-1.12
club,jazz,female_08_IUS-F14202.wav,female,10,Parametric_Notch,0.9357,2.784,1.10,-0.15
club,jazz,female_08_IUS-F14202.wav,female,10,Base_NLMS,0.8219,1.518,-7.43,-5.74
club,jazz,female_08_IUS-F14202.wav,female,10,Leaky_NLMS,0.8761,1.745,-5.77,-4.95
club,jazz,female_08_IUS-F14202.wav,female,10,Soft_VAD_Leaky,0.9428,2.738,1.36,-1.02
club,jazz,female_09_IUS-F16202.wav,female,10,Unprocessed,0.8567,2.211,0.00,0.00
club,jazz,female_09_IUS-F16202.wav,female,10,FIR_BP,0.8045,1.431,-9.58,-1.12
club,jazz,female_09_IUS-F16202.wav,female,10,Parametric_Notch,0.8575,2.202,-0.00,-0.07
club,jazz,female_09_IUS-F16202.wav,female,10,Base_NLMS,0.7617,1.520,-7.57,-5.76
club,jazz,female_09_IUS-F16202.wav,female,10,Leaky_NLMS,0.8134,1.688,-6.12,-5.09
club,jazz,female_09_IUS-F16202.wav,female,10,Soft_VAD_Leaky,0.8514,2.090,-2.26,-1.55
club,jazz,female_10_IUS-F18202.wav,female,10,Unprocessed,0.9345,2.841,0.00,0.00
club,jazz,female_10_IUS-F18202.wav,female,10,FIR_BP,0.8780,1.476,-10.00,-1.49
club,jazz,female_10_IUS-F18202.wav,female,10,Parametric_Notch,0.9345,2.831,1.27,-0.19
club,jazz,female_10_IUS-F18202.wav,female,10,Base_NLMS,0.7904,1.490,-7.83,-6.00
club,jazz,female_10_IUS-F18202.wav,female,10,Leaky_NLMS,0.8715,1.798,-6.00,-4.90
club,jazz,female_10_IUS-F18202.wav,female,10,Soft_VAD_Leaky,0.9151,2.537,-0.35,-1.34
club,rock,male_01_IUS-M00201.wav,male,-15,Unprocessed,0.2796,1.242,0.00,0.00
club,rock,male_01_IUS-M00201.wav,male,-15,FIR_BP,0.2853,1.215,5.53,-5.99
club,rock,male_01_IUS-M00201.wav,male,-15,Parametric_Notch,0.2799,1.245,0.28,-0.28
club,rock,male_01_IUS-M00201.wav,male,-15,Base_NLMS,0.3813,1.207,9.44,-9.22
club,rock,male_01_IUS-M00201.wav,male,-15,Leaky_NLMS,0.2815,1.238,6.38,-6.26
club,rock,male_01_IUS-M00201.wav,male,-15,Soft_VAD_Leaky,0.2815,1.243,5.78,-5.64
club,rock,male_02_IUS-M02201.wav,male,-15,Unprocessed,0.3199,1.274,0.00,0.00
club,rock,male_02_IUS-M02201.wav,male,-15,FIR_BP,0.3231,1.218,5.55,-6.19
club,rock,male_02_IUS-M02201.wav,male,-15,Parametric_Notch,0.3216,1.275,0.27,-0.29
club,rock,male_02_IUS-M02201.wav,male,-15,Base_NLMS,0.4225,1.229,9.50,-9.39
club,rock,male_02_IUS-M02201.wav,male,-15,Leaky_NLMS,0.3342,1.267,6.46,-6.37
club,rock,male_02_IUS-M02201.wav,male,-15,Soft_VAD_Leaky,0.3308,1.276,5.78,-5.64
club,rock,male_03_IUS-M04201.wav,male,-15,Unprocessed,0.1513,1.254,0.00,0.00
club,rock,male_03_IUS-M04201.wav,male,-15,FIR_BP,0.1331,1.208,5.66,-6.25
club,rock,male_03_IUS-M04201.wav,male,-15,Parametric_Notch,0.1510,1.253,0.28,-0.28
club,rock,male_03_IUS-M04201.wav,male,-15,Base_NLMS,0.2971,1.224,9.67,-9.43
club,rock,male_03_IUS-M04201.wav,male,-15,Leaky_NLMS,0.1725,1.249,6.59,-6.45
club,rock,male_03_IUS-M04201.wav,male,-15,Soft_VAD_Leaky,0.1727,1.261,5.81,-5.61
club,rock,male_04_IUS-M06201.wav,male,-15,Unprocessed,0.2555,1.284,0.00,0.00
club,rock,male_04_IUS-M06201.wav,male,-15,FIR_BP,0.2607,1.215,5.48,-6.04
club,rock,male_04_IUS-M06201.wav,male,-15,Parametric_Notch,0.2561,1.285,0.28,-0.28
club,rock,male_04_IUS-M06201.wav,male,-15,Base_NLMS,0.4121,1.235,9.34,-9.26
club,rock,male_04_IUS-M06201.wav,male,-15,Leaky_NLMS,0.3103,1.270,6.36,-6.29
club,rock,male_04_IUS-M06201.wav,male,-15,Soft_VAD_Leaky,0.3065,1.281,5.57,-5.45
club,rock,male_05_IUS-M08201.wav,male,-15,Unprocessed,0.2108,1.251,0.00,0.00
club,rock,male_05_IUS-M08201.wav,male,-15,FIR_BP,0.2250,1.255,5.59,-6.12
club,rock,male_05_IUS-M08201.wav,male,-15,Parametric_Notch,0.2110,1.254,0.28,-0.28
club,rock,male_05_IUS-M08201.wav,male,-15,Base_NLMS,0.3425,1.248,9.86,-9.50
club,rock,male_05_IUS-M08201.wav,male,-15,Leaky_NLMS,0.2408,1.269,6.65,-6.47
club,rock,male_05_IUS-M08201.wav,male,-15,Soft_VAD_Leaky,0.2422,1.274,5.88,-5.71
club,rock,male_06_IUS-M10201.wav,male,-15,Unprocessed,0.2510,1.254,0.00,0.00
club,rock,male_06_IUS-M10201.wav,male,-15,FIR_BP,0.2461,1.263,5.46,-6.01
club,rock,male_06_IUS-M10201.wav,male,-15,Parametric_Notch,0.2512,1.258,0.27,-0.28
club,rock,male_06_IUS-M10201.wav,male,-15,Base_NLMS,0.3939,1.256,9.82,-9.44
club,rock,male_06_IUS-M10201.wav,male,-15,Leaky_NLMS,0.3058,1.280,6.64,-6.45
club,rock,male_06_IUS-M10201.wav,male,-15,Soft_VAD_Leaky,0.3016,1.288,5.85,-5.66
club,rock,male_07_IUS-M12201.wav,male,-15,Unprocessed,0.2715,1.248,-0.00,0.00
club,rock,male_07_IUS-M12201.wav,male,-15,FIR_BP,0.2540,1.235,5.45,-5.89
club,rock,male_07_IUS-M12201.wav,male,-15,Parametric_Notch,0.2696,1.249,0.27,-0.28
club,rock,male_07_IUS-M12201.wav,male,-15,Base_NLMS,0.3787,1.245,9.48,-9.18
club,rock,male_07_IUS-M12201.wav,male,-15,Leaky_NLMS,0.2911,1.266,6.35,-6.24
club,rock,male_07_IUS-M12201.wav,male,-15,Soft_VAD_Leaky,0.2814,1.277,5.54,-5.41
club,rock,male_08_IUS-M14201.wav,male,-15,Unprocessed,0.2758,1.241,0.00,0.00
club,rock,male_08_IUS-M14201.wav,male,-15,FIR_BP,0.2540,1.241,5.53,-6.10
club,rock,male_08_IUS-M14201.wav,male,-15,Parametric_Notch,0.2753,1.244,0.28,-0.28
club,rock,male_08_IUS-M14201.wav,male,-15,Base_NLMS,0.3804,1.225,9.77,-9.44
club,rock,male_08_IUS-M14201.wav,male,-15,Leaky_NLMS,0.2909,1.251,6.63,-6.42
club,rock,male_08_IUS-M14201.wav,male,-15,Soft_VAD_Leaky,0.2843,1.252,5.85,-5.64
club,rock,male_09_IUS-M16201.wav,male,-15,Unprocessed,0.2543,1.255,-0.00,0.00
club,rock,male_09_IUS-M16201.wav,male,-15,FIR_BP,0.2517,1.236,5.68,-6.16
club,rock,male_09_IUS-M16201.wav,male,-15,Parametric_Notch,0.2553,1.258,0.28,-0.28
club,rock,male_09_IUS-M16201.wav,male,-15,Base_NLMS,0.3871,1.241,9.80,-9.51
club,rock,male_09_IUS-M16201.wav,male,-15,Leaky_NLMS,0.2860,1.266,6.62,-6.47
club,rock,male_09_IUS-M16201.wav,male,-15,Soft_VAD_Leaky,0.2850,1.274,5.84,-5.68
club,rock,male_10_IUS-M18201.wav,male,-15,Unprocessed,0.3511,1.273,0.00,0.00
club,rock,male_10_IUS-M18201.wav,male,-15,FIR_BP,0.3421,1.254,5.37,-5.89
club,rock,male_10_IUS-M18201.wav,male,-15,Parametric_Notch,0.3511,1.276,0.27,-0.28
club,rock,male_10_IUS-M18201.wav,male,-15,Base_NLMS,0.4508,1.240,9.51,-9.21
club,rock,male_10_IUS-M18201.wav,male,-15,Leaky_NLMS,0.3756,1.281,6.44,-6.25
club,rock,male_10_IUS-M18201.wav,male,-15,Soft_VAD_Leaky,0.3732,1.286,5.66,-5.44
club,rock,female_01_IUS-F00202.wav,female,-15,Unprocessed,0.2229,1.230,0.00,0.00
club,rock,female_01_IUS-F00202.wav,female,-15,FIR_BP,0.2338,1.223,5.95,-6.35
club,rock,female_01_IUS-F00202.wav,female,-15,Parametric_Notch,0.2203,1.229,0.27,-0.27
club,rock,female_01_IUS-F00202.wav,female,-15,Base_NLMS,0.2982,1.219,10.06,-9.89
club,rock,female_01_IUS-F00202.wav,female,-15,Leaky_NLMS,0.2483,1.253,6.82,-6.73
club,rock,female_01_IUS-F00202.wav,female,-15,Soft_VAD_Leaky,0.2494,1.258,6.31,-6.20
club,rock,female_02_IUS-F02202.wav,female,-15,Unprocessed,0.2658,1.268,0.00,0.00
club,rock,female_02_IUS-F02202.wav,female,-15,FIR_BP,0.2541,1.197,5.75,-6.21
club,rock,female_02_IUS-F02202.wav,female,-15,Parametric_Notch,0.2645,1.266,0.27,-0.27
club,rock,female_02_IUS-F02202.wav,female,-15,Base_NLMS,0.3602,1.214,9.87,-9.76
club,rock,female_02_IUS-F02202.wav,female,-15,Leaky_NLMS,0.2931,1.246,6.70,-6.60
club,rock,female_02_IUS-F02202.wav,female,-15,Soft_VAD_Leaky,0.2935,1.254,5.99,-5.86
club,rock,female_03_IUS-F04202.wav,female,-15,Unprocessed,0.2307,1.257,0.00,0.00
club,rock,female_03_IUS-F04202.wav,female,-15,FIR_BP,0.2182,1.205,5.83,-6.43
club,rock,female_03_IUS-F04202.wav,female,-15,Parametric_Notch,0.2277,1.249,0.26,-0.27
club,rock,female_03_IUS-F04202.wav,female,-15,Base_NLMS,0.3659,1.242,10.16,-9.80
club,rock,female_03_IUS-F04202.wav,female,-15,Leaky_NLMS,0.2582,1.264,6.91,-6.73
club,rock,female_03_IUS-F04202.wav,female,-15,Soft_VAD_Leaky,0.2591,1.268,6.21,-6.03
club,rock,female_04_IUS-F06202.wav,female,-15,Unprocessed,0.3214,1.296,0.00,0.00
club,rock,female_04_IUS-F06202.wav,female,-15,FIR_BP,0.2994,1.203,5.69,-6.28
club,rock,female_04_IUS-F06202.wav,female,-15,Parametric_Notch,0.3210,1.289,0.26,-0.27
club,rock,female_04_IUS-F06202.wav,female,-15,Base_NLMS,0.4065,1.226,9.75,-9.78
club,rock,female_04_IUS-F06202.wav,female,-15,Leaky_NLMS,0.3398,1.273,6.64,-6.62
club,rock,female_04_IUS-F06202.wav,female,-15,Soft_VAD_Leaky,0.3354,1.277,5.94,-5.88
club,rock,female_05_IUS-F08202.wav,female,-15,Unprocessed,0.2953,1.243,0.00,0.00
club,rock,female_05_IUS-F08202.wav,female,-15,FIR_BP,0.3008,1.246,5.98,-6.43
club,rock,female_05_IUS-F08202.wav,female,-15,Parametric_Notch,0.2948,1.242,0.26,-0.26
club,rock,female_05_IUS-F08202.wav,female,-15,Base_NLMS,0.4230,1.270,10.30,-9.86
club,rock,female_05_IUS-F08202.wav,female,-15,Leaky_NLMS,0.3377,1.284,7.02,-6.77
club,rock,female_05_IUS-F08202.wav,female,-15,Soft_VAD_Leaky,0.3359,1.282,6.30,-6.05
club,rock,female_06_IUS-F10202.wav,female,-15,Unprocessed,0.2474,1.260,0.00,0.00
club,rock,female_06_IUS-F10202.wav,female,-15,FIR_BP,0.2434,1.235,5.50,-6.15
club,rock,female_06_IUS-F10202.wav,female,-15,Parametric_Notch,0.2479,1.260,0.27,-0.27
club,rock,female_06_IUS-F10202.wav,female,-15,Base_NLMS,0.3506,1.255,9.94,-9.53
club,rock,female_06_IUS-F10202.wav,female,-15,Leaky_NLMS,0.2778,1.287,6.73,-6.49
club,rock,female_06_IUS-F10202.wav,female,-15,Soft_VAD_Leaky,0.2753,1.295,5.94,-5.70
club,rock,female_07_IUS-F12202.wav,female,-15,Unprocessed,0.2010,1.234,0.00,0.00
club,rock,female_07_IUS-F12202.wav,female,-15,FIR_BP,0.1864,1.204,5.84,-6.35
club,rock,female_07_IUS-F12202.wav,female,-15,Parametric_Notch,0.1985,1.232,0.26,-0.26
club,rock,female_07_IUS-F12202.wav,female,-15,Base_NLMS,0.3350,1.232,10.15,-9.84
club,rock,female_07_IUS-F12202.wav,female,-15,Leaky_NLMS,0.2316,1.242,6.89,-6.70
club,rock,female_07_IUS-F12202.wav,female,-15,Soft_VAD_Leaky,0.2331,1.250,6.15,-5.95
club,rock,female_08_IUS-F14202.wav,female,-15,Unprocessed,0.3814,1.243,0.00,0.00
club,rock,female_08_IUS-F14202.wav,female,-15,FIR_BP,0.3730,1.251,5.38,-6.02
club,rock,female_08_IUS-F14202.wav,female,-15,Parametric_Notch,0.3807,1.241,0.28,-0.28
club,rock,female_08_IUS-F14202.wav,female,-15,Base_NLMS,0.4538,1.274,9.88,-9.39
club,rock,female_08_IUS-F14202.wav,female,-15,Leaky_NLMS,0.3885,1.288,6.68,-6.41
club,rock,female_08_IUS-F14202.wav,female,-15,Soft_VAD_Leaky,0.3910,1.284,5.91,-5.66
club,rock,female_09_IUS-F16202.wav,female,-15,Unprocessed,0.3160,1.237,0.00,0.00
club,rock,female_09_IUS-F16202.wav,female,-15,FIR_BP,0.3087,1.214,6.10,-6.43
club,rock,female_09_IUS-F16202.wav,female,-15,Parametric_Notch,0.3141,1.232,0.25,-0.27
club,rock,female_09_IUS-F16202.wav,female,-15,Base_NLMS,0.4149,1.244,10.15,-9.82
club,rock,female_09_IUS-F16202.wav,female,-15,Leaky_NLMS,0.3465,1.257,6.94,-6.72
club,rock,female_09_IUS-F16202.wav,female,-15,Soft_VAD_Leaky,0.3437,1.257,6.24,-6.03
club,rock,female_10_IUS-F18202.wav,female,-15,Unprocessed,0.2859,1.270,0.00,0.00
club,rock,female_10_IUS-F18202.wav,female,-15,FIR_BP,0.2787,1.250,5.29,-5.92
club,rock,female_10_IUS-F18202.wav,female,-15,Parametric_Notch,0.2882,1.269,0.28,-0.28
club,rock,female_10_IUS-F18202.wav,female,-15,Base_NLMS,0.4030,1.262,9.55,-9.23
club,rock,female_10_IUS-F18202.wav,female,-15,Leaky_NLMS,0.3250,1.295,6.43,-6.22
club,rock,female_10_IUS-F18202.wav,female,-15,Soft_VAD_Leaky,0.3199,1.298,5.62,-5.43
club,rock,male_01_IUS-M00201.wav,male,-10,Unprocessed,0.3690,1.280,0.00,0.00
club,rock,male_01_IUS-M00201.wav,male,-10,FIR_BP,0.3714,1.244,4.39,-5.64
club,rock,male_01_IUS-M00201.wav,male,-10,Parametric_Notch,0.3691,1.284,0.26,-0.27
club,rock,male_01_IUS-M00201.wav,male,-10,Base_NLMS,0.4886,1.251,8.83,-8.43
club,rock,male_01_IUS-M00201.wav,male,-10,Leaky_NLMS,0.3844,1.279,6.18,-5.86
club,rock,male_01_IUS-M00201.wav,male,-10,Soft_VAD_Leaky,0.3843,1.287,5.49,-5.09
club,rock,male_02_IUS-M02201.wav,male,-10,Unprocessed,0.4135,1.322,0.00,0.00
club,rock,male_02_IUS-M02201.wav,male,-10,FIR_BP,0.4098,1.243,4.25,-5.93
club,rock,male_02_IUS-M02201.wav,male,-10,Parametric_Notch,0.4150,1.323,0.25,-0.29
club,rock,male_02_IUS-M02201.wav,male,-10,Base_NLMS,0.5285,1.280,8.67,-8.56
club,rock,male_02_IUS-M02201.wav,male,-10,Leaky_NLMS,0.4395,1.316,6.18,-5.98
club,rock,male_02_IUS-M02201.wav,male,-10,Soft_VAD_Leaky,0.4351,1.330,5.53,-5.12
club,rock,male_03_IUS-M04201.wav,male,-10,Unprocessed,0.2680,1.299,0.00,0.00
club,rock,male_03_IUS-M04201.wav,male,-10,FIR_BP,0.2490,1.235,4.39,-5.95
club,rock,male_03_IUS-M04201.wav,male,-10,Parametric_Notch,0.2669,1.297,0.26,-0.28
club,rock,male_03_IUS-M04201.wav,male,-10,Base_NLMS,0.4242,1.274,8.78,-8.51
club,rock,male_03_IUS-M04201.wav,male,-10,Leaky_NLMS,0.3008,1.296,6.31,-6.04
club,rock,male_03_IUS-M04201.wav,male,-10,Soft_VAD_Leaky,0.3010,1.315,5.63,-5.06
club,rock,male_04_IUS-M06201.wav,male,-10,Unprocessed,0.3734,1.328,0.00,0.00
club,rock,male_04_IUS-M06201.wav,male,-10,FIR_BP,0.3657,1.237,4.30,-5.82
club,rock,male_04_IUS-M06201.wav,male,-10,Parametric_Notch,0.3731,1.329,0.26,-0.28
club,rock,male_04_IUS-M06201.wav,male,-10,Base_NLMS,0.5491,1.286,8.46,-8.50
club,rock,male_04_IUS-M06201.wav,male,-10,Leaky_NLMS,0.4278,1.315,6.06,-5.94
club,rock,male_04_IUS-M06201.wav,male,-10,Soft_VAD_Leaky,0.4271,1.332,5.38,-5.01
club,rock,male_05_IUS-M08201.wav,male,-10,Unprocessed,0.3049,1.294,0.00,0.00
club,rock,male_05_IUS-M08201.wav,male,-10,FIR_BP,0.3169,1.295,4.29,-5.58
club,rock,male_05_IUS-M08201.wav,male,-10,Parametric_Notch,0.3054,1.298,0.27,-0.27
club,rock,male_05_IUS-M08201.wav,male,-10,Base_NLMS,0.4772,1.304,9.23,-8.52
club,rock,male_05_IUS-M08201.wav,male,-10,Leaky_NLMS,0.3487,1.322,6.49,-5.98
club,rock,male_05_IUS-M08201.wav,male,-10,Soft_VAD_Leaky,0.3482,1.331,5.70,-5.14
club,rock,male_06_IUS-M10201.wav,male,-10,Unprocessed,0.3683,1.306,0.00,0.00
club,rock,male_06_IUS-M10201.wav,male,-10,FIR_BP,0.3623,1.313,4.03,-5.44
club,rock,male_06_IUS-M10201.wav,male,-10,Parametric_Notch,0.3684,1.312,0.26,-0.27
club,rock,male_06_IUS-M10201.wav,male,-10,Base_NLMS,0.5534,1.327,9.14,-8.41
club,rock,male_06_IUS-M10201.wav,male,-10,Leaky_NLMS,0.4320,1.344,6.46,-5.93
club,rock,male_06_IUS-M10201.wav,male,-10,Soft_VAD_Leaky,0.4281,1.357,5.71,-5.13
club,rock,male_07_IUS-M12201.wav,male,-10,Unprocessed,0.3759,1.292,0.00,0.00
club,rock,male_07_IUS-M12201.wav,male,-10,FIR_BP,0.3530,1.270,4.30,-5.48
club,rock,male_07_IUS-M12201.wav,male,-10,Parametric_Notch,0.3732,1.293,0.25,-0.28
club,rock,male_07_IUS-M12201.wav,male,-10,Base_NLMS,0.5276,1.304,8.89,-8.29
club,rock,male_07_IUS-M12201.wav,male,-10,Leaky_NLMS,0.4018,1.317,6.16,-5.83
club,rock,male_07_IUS-M12201.wav,male,-10,Soft_VAD_Leaky,0.3966,1.334,5.38,-4.91
club,rock,male_08_IUS-M14201.wav,male,-10,Unprocessed,0.3656,1.285,0.00,0.00
club,rock,male_08_IUS-M14201.wav,male,-10,FIR_BP,0.3442,1.284,4.17,-5.58
club,rock,male_08_IUS-M14201.wav,male,-10,Parametric_Notch,0.3650,1.291,0.27,-0.27
club,rock,male_08_IUS-M14201.wav,male,-10,Base_NLMS,0.4814,1.275,9.08,-8.55
club,rock,male_08_IUS-M14201.wav,male,-10,Leaky_NLMS,0.3850,1.304,6.47,-5.97
club,rock,male_08_IUS-M14201.wav,male,-10,Soft_VAD_Leaky,0.3780,1.305,5.70,-5.18
club,rock,male_09_IUS-M16201.wav,male,-10,Unprocessed,0.3351,1.300,0.00,0.00
club,rock,male_09_IUS-M16201.wav,male,-10,FIR_BP,0.3281,1.271,4.46,-5.76
club,rock,male_09_IUS-M16201.wav,male,-10,Parametric_Notch,0.3353,1.303,0.27,-0.28
club,rock,male_09_IUS-M16201.wav,male,-10,Base_NLMS,0.5033,1.303,9.14,-8.64
club,rock,male_09_IUS-M16201.wav,male,-10,Leaky_NLMS,0.3809,1.319,6.39,-6.03
club,rock,male_09_IUS-M16201.wav,male,-10,Soft_VAD_Leaky,0.3788,1.333,5.66,-5.17
club,rock,male_10_IUS-M18201.wav,male,-10,Unprocessed,0.4332,1.322,0.00,0.00
club,rock,male_10_IUS-M18201.wav,male,-10,FIR_BP,0.4278,1.295,4.08,-5.40
club,rock,male_10_IUS-M18201.wav,male,-10,Parametric_Notch,0.4329,1.327,0.26,-0.27
club,rock,male_10_IUS-M18201.wav,male,-10,Base_NLMS,0.5523,1.297,8.86,-8.33
club,rock,male_10_IUS-M18201.wav,male,-10,Leaky_NLMS,0.4584,1.334,6.24,-5.79
club,rock,male_10_IUS-M18201.wav,male,-10,Soft_VAD_Leaky,0.4534,1.342,5.52,-5.01
club,rock,female_01_IUS-F00202.wav,female,-10,Unprocessed,0.2994,1.268,0.00,0.00
club,rock,female_01_IUS-F00202.wav,female,-10,FIR_BP,0.3017,1.252,4.89,-6.01
club,rock,female_01_IUS-F00202.wav,female,-10,Parametric_Notch,0.2960,1.265,0.26,-0.26
club,rock,female_01_IUS-F00202.wav,female,-10,Base_NLMS,0.3952,1.268,9.46,-9.14
club,rock,female_01_IUS-F00202.wav,female,-10,Leaky_NLMS,0.3327,1.299,6.63,-6.38
club,rock,female_01_IUS-F00202.wav,female,-10,Soft_VAD_Leaky,0.3334,1.307,6.06,-5.72
club,rock,female_02_IUS-F02202.wav,female,-10,Unprocessed,0.3402,1.304,0.00,0.00
club,rock,female_02_IUS-F02202.wav,female,-10,FIR_BP,0.3224,1.213,4.63,-5.90
club,rock,female_02_IUS-F02202.wav,female,-10,Parametric_Notch,0.3395,1.300,0.26,-0.26
club,rock,female_02_IUS-F02202.wav,female,-10,Base_NLMS,0.4592,1.253,8.89,-9.03
club,rock,female_02_IUS-F02202.wav,female,-10,Leaky_NLMS,0.3803,1.279,6.38,-6.27
club,rock,female_02_IUS-F02202.wav,female,-10,Soft_VAD_Leaky,0.3796,1.293,5.73,-5.43
club,rock,female_03_IUS-F04202.wav,female,-10,Unprocessed,0.3451,1.305,0.00,0.00
club,rock,female_03_IUS-F04202.wav,female,-10,FIR_BP,0.3327,1.229,4.41,-6.02
club,rock,female_03_IUS-F04202.wav,female,-10,Parametric_Notch,0.3416,1.293,0.25,-0.27
club,rock,female_03_IUS-F04202.wav,female,-10,Base_NLMS,0.5017,1.303,9.30,-8.78
club,rock,female_03_IUS-F04202.wav,female,-10,Leaky_NLMS,0.3891,1.318,6.66,-6.25
club,rock,female_03_IUS-F04202.wav,female,-10,Soft_VAD_Leaky,0.3885,1.325,5.97,-5.48
club,rock,female_04_IUS-F06202.wav,female,-10,Unprocessed,0.4230,1.337,0.00,0.00
club,rock,female_04_IUS-F06202.wav,female,-10,FIR_BP,0.3961,1.218,4.49,-6.08
club,rock,female_04_IUS-F06202.wav,female,-10,Parametric_Notch,0.4223,1.328,0.25,-0.27
club,rock,female_04_IUS-F06202.wav,female,-10,Base_NLMS,0.5304,1.273,8.75,-8.99
club,rock,female_04_IUS-F06202.wav,female,-10,Leaky_NLMS,0.4506,1.310,6.24,-6.27
club,rock,female_04_IUS-F06202.wav,female,-10,Soft_VAD_Leaky,0.4432,1.316,5.56,-5.46
club,rock,female_05_IUS-F08202.wav,female,-10,Unprocessed,0.4136,1.291,0.00,0.00
club,rock,female_05_IUS-F08202.wav,female,-10,FIR_BP,0.4110,1.288,4.71,-5.92
club,rock,female_05_IUS-F08202.wav,female,-10,Parametric_Notch,0.4122,1.289,0.25,-0.25
club,rock,female_05_IUS-F08202.wav,female,-10,Base_NLMS,0.5646,1.337,9.52,-8.91
club,rock,female_05_IUS-F08202.wav,female,-10,Leaky_NLMS,0.4703,1.347,6.82,-6.30
club,rock,female_05_IUS-F08202.wav,female,-10,Soft_VAD_Leaky,0.4682,1.347,6.10,-5.50
club,rock,female_06_IUS-F10202.wav,female,-10,Unprocessed,0.3580,1.313,0.00,0.00
club,rock,female_06_IUS-F10202.wav,female,-10,FIR_BP,0.3473,1.269,3.98,-5.67
club,rock,female_06_IUS-F10202.wav,female,-10,Parametric_Notch,0.3571,1.313,0.26,-0.26
club,rock,female_06_IUS-F10202.wav,female,-10,Base_NLMS,0.5138,1.317,9.02,-8.43
club,rock,female_06_IUS-F10202.wav,female,-10,Leaky_NLMS,0.4022,1.350,6.49,-5.94
club,rock,female_06_IUS-F10202.wav,female,-10,Soft_VAD_Leaky,0.3972,1.362,5.71,-5.13
club,rock,female_07_IUS-F12202.wav,female,-10,Unprocessed,0.3004,1.277,0.00,0.00
club,rock,female_07_IUS-F12202.wav,female,-10,FIR_BP,0.2816,1.234,4.56,-5.93
club,rock,female_07_IUS-F12202.wav,female,-10,Parametric_Notch,0.2978,1.274,0.26,-0.26
club,rock,female_07_IUS-F12202.wav,female,-10,Base_NLMS,0.4613,1.287,9.24,-8.93
club,rock,female_07_IUS-F12202.wav,female,-10,Leaky_NLMS,0.3402,1.288,6.67,-6.30
club,rock,female_07_IUS-F12202.wav,female,-10,Soft_VAD_Leaky,0.3418,1.303,5.96,-5.43
club,rock,female_08_IUS-F14202.wav,female,-10,Unprocessed,0.4781,1.295,-0.00,0.00
club,rock,female_08_IUS-F14202.wav,female,-10,FIR_BP,0.4608,1.298,3.86,-5.50
club,rock,female_08_IUS-F14202.wav,female,-10,Parametric_Notch,0.4771,1.292,0.27,-0.27
club,rock,female_08_IUS-F14202.wav,female,-10,Base_NLMS,0.5772,1.355,9.31,-8.35
club,rock,female_08_IUS-F14202.wav,female,-10,Leaky_NLMS,0.4975,1.360,6.53,-5.91
club,rock,female_08_IUS-F14202.wav,female,-10,Soft_VAD_Leaky,0.4982,1.355,5.77,-5.12
club,rock,female_09_IUS-F16202.wav,female,-10,Unprocessed,0.4184,1.280,0.00,0.00
club,rock,female_09_IUS-F16202.wav,female,-10,FIR_BP,0.4031,1.245,5.16,-5.95
club,rock,female_09_IUS-F16202.wav,female,-10,Parametric_Notch,0.4154,1.274,0.23,-0.26
club,rock,female_09_IUS-F16202.wav,female,-10,Base_NLMS,0.5416,1.300,9.35,-8.77
club,rock,female_09_IUS-F16202.wav,female,-10,Leaky_NLMS,0.4613,1.308,6.73,-6.20
club,rock,female_09_IUS-F16202.wav,female,-10,Soft_VAD_Leaky,0.4613,1.311,6.03,-5.45
club,rock,female_10_IUS-F18202.wav,female,-10,Unprocessed,0.3729,1.318,0.00,0.00
club,rock,female_10_IUS-F18202.wav,female,-10,FIR_BP,0.3644,1.284,3.81,-5.47
club,rock,female_10_IUS-F18202.wav,female,-10,Parametric_Notch,0.3749,1.317,0.27,-0.27
club,rock,female_10_IUS-F18202.wav,female,-10,Base_NLMS,0.5179,1.318,8.87,-8.30
club,rock,female_10_IUS-F18202.wav,female,-10,Leaky_NLMS,0.4207,1.353,6.23,-5.76
club,rock,female_10_IUS-F18202.wav,female,-10,Soft_VAD_Leaky,0.4141,1.358,5.43,-4.93
club,rock,male_01_IUS-M00201.wav,male,-5,Unprocessed,0.4818,1.358,0.00,0.00
club,rock,male_01_IUS-M00201.wav,male,-5,FIR_BP,0.4743,1.295,2.01,-4.84
club,rock,male_01_IUS-M00201.wav,male,-5,Parametric_Notch,0.4803,1.364,0.23,-0.26
club,rock,male_01_IUS-M00201.wav,male,-5,Base_NLMS,0.5930,1.319,6.85,-7.16
club,rock,male_01_IUS-M00201.wav,male,-5,Leaky_NLMS,0.5078,1.350,5.50,-5.18
club,rock,male_01_IUS-M00201.wav,male,-5,Soft_VAD_Leaky,0.5086,1.371,5.00,-4.16
club,rock,male_02_IUS-M02201.wav,male,-5,Unprocessed,0.5355,1.423,0.00,0.00
club,rock,male_02_IUS-M02201.wav,male,-5,FIR_BP,0.5235,1.287,1.63,-5.31
club,rock,male_02_IUS-M02201.wav,male,-5,Parametric_Notch,0.5362,1.423,0.18,-0.29
club,rock,male_02_IUS-M02201.wav,male,-5,Base_NLMS,0.6285,1.353,6.43,-7.27
club,rock,male_02_IUS-M02201.wav,male,-5,Leaky_NLMS,0.5610,1.395,5.30,-5.32
club,rock,male_02_IUS-M02201.wav,male,-5,Soft_VAD_Leaky,0.5565,1.428,4.92,-4.22
club,rock,male_03_IUS-M04201.wav,male,-5,Unprocessed,0.3955,1.392,0.00,0.00
club,rock,male_03_IUS-M04201.wav,male,-5,FIR_BP,0.3703,1.281,1.83,-5.25
club,rock,male_03_IUS-M04201.wav,male,-5,Parametric_Notch,0.3921,1.388,0.19,-0.28
club,rock,male_03_IUS-M04201.wav,male,-5,Base_NLMS,0.5162,1.342,6.26,-7.09
club,rock,male_03_IUS-M04201.wav,male,-5,Leaky_NLMS,0.4324,1.373,5.30,-5.31
club,rock,male_03_IUS-M04201.wav,male,-5,Soft_VAD_Leaky,0.4325,1.409,5.06,-4.17
club,rock,male_04_IUS-M06201.wav,male,-5,Unprocessed,0.5261,1.420,0.00,0.00
club,rock,male_04_IUS-M06201.wav,male,-5,FIR_BP,0.5069,1.271,1.87,-5.29
club,rock,male_04_IUS-M06201.wav,male,-5,Parametric_Notch,0.5249,1.420,0.21,-0.28
club,rock,male_04_IUS-M06201.wav,male,-5,Base_NLMS,0.6734,1.363,6.18,-7.23
club,rock,male_04_IUS-M06201.wav,male,-5,Leaky_NLMS,0.5708,1.390,5.05,-5.29
club,rock,male_04_IUS-M06201.wav,male,-5,Soft_VAD_Leaky,0.5713,1.429,4.75,-4.10
club,rock,male_05_IUS-M08201.wav,male,-5,Unprocessed,0.4383,1.379,0.00,0.00
club,rock,male_05_IUS-M08201.wav,male,-5,FIR_BP,0.4412,1.365,1.71,-4.50
club,rock,male_05_IUS-M08201.wav,male,-5,Parametric_Notch,0.4382,1.386,0.25,-0.25
club,rock,male_05_IUS-M08201.wav,male,-5,Base_NLMS,0.6098,1.390,7.06,-7.02
club,rock,male_05_IUS-M08201.wav,male,-5,Leaky_NLMS,0.4954,1.413,5.79,-5.19
club,rock,male_05_IUS-M08201.wav,male,-5,Soft_VAD_Leaky,0.4908,1.441,5.28,-4.12
club,rock,male_06_IUS-M10201.wav,male,-5,Unprocessed,0.5027,1.413,0.00,0.00
club,rock,male_06_IUS-M10201.wav,male,-5,FIR_BP,0.4915,1.391,1.28,-4.28
club,rock,male_06_IUS-M10201.wav,male,-5,Parametric_Notch,0.5014,1.421,0.21,-0.26
club,rock,male_06_IUS-M10201.wav,male,-5,Base_NLMS,0.6777,1.427,6.99,-6.75
club,rock,male_06_IUS-M10201.wav,male,-5,Leaky_NLMS,0.5707,1.454,5.77,-5.02
club,rock,male_06_IUS-M10201.wav,male,-5,Soft_VAD_Leaky,0.5655,1.488,5.21,-4.00
club,rock,male_07_IUS-M12201.wav,male,-5,Unprocessed,0.5112,1.383,0.00,0.00
club,rock,male_07_IUS-M12201.wav,male,-5,FIR_BP,0.4845,1.329,1.90,-4.47
club,rock,male_07_IUS-M12201.wav,male,-5,Parametric_Notch,0.5093,1.385,0.20,-0.27
club,rock,male_07_IUS-M12201.wav,male,-5,Base_NLMS,0.6657,1.398,7.01,-6.77
club,rock,male_07_IUS-M12201.wav,male,-5,Leaky_NLMS,0.5460,1.406,5.44,-5.02
club,rock,male_07_IUS-M12201.wav,male,-5,Soft_VAD_Leaky,0.5396,1.449,4.99,-3.81
club,rock,male_08_IUS-M14201.wav,male,-5,Unprocessed,0.4618,1.373,0.00,0.00
club,rock,male_08_IUS-M14201.wav,male,-5,FIR_BP,0.4453,1.359,1.51,-4.51
club,rock,male_08_IUS-M14201.wav,male,-5,Parametric_Notch,0.4606,1.380,0.23,-0.26
club,rock,male_08_IUS-M14201.wav,male,-5,Base_NLMS,0.5628,1.335,6.76,-7.19
club,rock,male_08_IUS-M14201.wav,male,-5,Leaky_NLMS,0.4784,1.386,5.87,-5.25
club,rock,male_08_IUS-M14201.wav,male,-5,Soft_VAD_Leaky,0.4721,1.400,5.27,-4.27
club,rock,male_09_IUS-M16201.wav,male,-5,Unprocessed,0.4395,1.390,0.00,0.00
club,rock,male_09_IUS-M16201.wav,male,-5,FIR_BP,0.4282,1.330,1.95,-4.86
club,rock,male_09_IUS-M16201.wav,male,-5,Parametric_Notch,0.4377,1.395,0.23,-0.26
club,rock,male_09_IUS-M16201.wav,male,-5,Base_NLMS,0.5927,1.391,7.10,-7.12
club,rock,male_09_IUS-M16201.wav,male,-5,Leaky_NLMS,0.4999,1.408,5.63,-5.26
club,rock,male_09_IUS-M16201.wav,male,-5,Soft_VAD_Leaky,0.4959,1.442,5.21,-4.15
club,rock,male_10_IUS-M18201.wav,male,-5,Unprocessed,0.5240,1.423,0.00,0.00
club,rock,male_10_IUS-M18201.wav,male,-5,FIR_BP,0.5189,1.360,1.54,-4.34
club,rock,male_10_IUS-M18201.wav,male,-5,Parametric_Notch,0.5232,1.429,0.21,-0.26
club,rock,male_10_IUS-M18201.wav,male,-5,Base_NLMS,0.6391,1.385,6.92,-6.88
club,rock,male_10_IUS-M18201.wav,male,-5,Leaky_NLMS,0.5541,1.425,5.50,-4.96
club,rock,male_10_IUS-M18201.wav,male,-5,Soft_VAD_Leaky,0.5446,1.448,5.08,-4.05
club,rock,female_01_IUS-F00202.wav,female,-5,Unprocessed,0.3957,1.349,0.00,0.00
club,rock,female_01_IUS-F00202.wav,female,-5,FIR_BP,0.3874,1.299,2.58,-5.18
club,rock,female_01_IUS-F00202.wav,female,-5,Parametric_Notch,0.3920,1.345,0.24,-0.25
club,rock,female_01_IUS-F00202.wav,female,-5,Base_NLMS,0.4837,1.337,7.64,-7.77
club,rock,female_01_IUS-F00202.wav,female,-5,Leaky_NLMS,0.4291,1.379,5.99,-5.68
club,rock,female_01_IUS-F00202.wav,female,-5,Soft_VAD_Leaky,0.4304,1.401,5.55,-4.78
club,rock,female_02_IUS-F02202.wav,female,-5,Unprocessed,0.4429,1.376,0.00,0.00
club,rock,female_02_IUS-F02202.wav,female,-5,FIR_BP,0.4216,1.242,2.30,-5.22
club,rock,female_02_IUS-F02202.wav,female,-5,Parametric_Notch,0.4432,1.370,0.24,-0.25
club,rock,female_02_IUS-F02202.wav,female,-5,Base_NLMS,0.5600,1.311,6.46,-7.87
club,rock,female_02_IUS-F02202.wav,female,-5,Leaky_NLMS,0.4928,1.331,5.31,-5.73
club,rock,female_02_IUS-F02202.wav,female,-5,Soft_VAD_Leaky,0.4924,1.368,5.09,-4.58
club,rock,female_03_IUS-F04202.wav,female,-5,Unprocessed,0.4876,1.408,-0.00,0.00
club,rock,female_03_IUS-F04202.wav,female,-5,FIR_BP,0.4732,1.266,1.65,-5.12
club,rock,female_03_IUS-F04202.wav,female,-5,Parametric_Notch,0.4845,1.387,0.20,-0.26
club,rock,female_03_IUS-F04202.wav,female,-5,Base_NLMS,0.6116,1.381,6.83,-7.25
club,rock,female_03_IUS-F04202.wav,female,-5,Leaky_NLMS,0.5419,1.407,5.77,-5.43
club,rock,female_03_IUS-F04202.wav,female,-5,Soft_VAD_Leaky,0.5434,1.432,5.40,-4.50
club,rock,female_04_IUS-F06202.wav,female,-5,Unprocessed,0.5502,1.422,0.00,0.00
club,rock,female_04_IUS-F06202.wav,female,-5,FIR_BP,0.5231,1.243,2.06,-5.64
club,rock,female_04_IUS-F06202.wav,female,-5,Parametric_Notch,0.5499,1.409,0.21,-0.26
club,rock,female_04_IUS-F06202.wav,female,-5,Base_NLMS,0.6354,1.347,6.37,-7.58
club,rock,female_04_IUS-F06202.wav,female,-5,Leaky_NLMS,0.5724,1.376,5.11,-5.58
club,rock,female_04_IUS-F06202.wav,female,-5,Soft_VAD_Leaky,0.5676,1.392,4.69,-4.68
club,rock,female_05_IUS-F08202.wav,female,-5,Unprocessed,0.5476,1.386,0.00,0.00
club,rock,female_05_IUS-F08202.wav,female,-5,FIR_BP,0.5408,1.351,2.14,-4.83
club,rock,female_05_IUS-F08202.wav,female,-5,Parametric_Notch,0.5462,1.383,0.21,-0.22
club,rock,female_05_IUS-F08202.wav,female,-5,Base_NLMS,0.6741,1.423,7.22,-7.40
club,rock,female_05_IUS-F08202.wav,female,-5,Leaky_NLMS,0.6073,1.446,6.05,-5.47
club,rock,female_05_IUS-F08202.wav,female,-5,Soft_VAD_Leaky,0.6044,1.462,5.63,-4.52
club,rock,female_06_IUS-F10202.wav,female,-5,Unprocessed,0.5116,1.419,0.00,0.00
club,rock,female_06_IUS-F10202.wav,female,-5,FIR_BP,0.4888,1.319,1.12,-4.67
club,rock,female_06_IUS-F10202.wav,female,-5,Parametric_Notch,0.5103,1.419,0.22,-0.24
club,rock,female_06_IUS-F10202.wav,female,-5,Base_NLMS,0.6430,1.396,6.49,-6.83
club,rock,female_06_IUS-F10202.wav,female,-5,Leaky_NLMS,0.5627,1.451,5.68,-5.04
club,rock,female_06_IUS-F10202.wav,female,-5,Soft_VAD_Leaky,0.5570,1.485,5.11,-3.99
club,rock,female_07_IUS-F12202.wav,female,-5,Unprocessed,0.4439,1.363,0.00,0.00
club,rock,female_07_IUS-F12202.wav,female,-5,FIR_BP,0.4190,1.281,1.98,-4.99
club,rock,female_07_IUS-F12202.wav,female,-5,Parametric_Notch,0.4408,1.357,0.23,-0.23
club,rock,female_07_IUS-F12202.wav,female,-5,Base_NLMS,0.5744,1.350,6.70,-7.59
club,rock,female_07_IUS-F12202.wav,female,-5,Leaky_NLMS,0.4880,1.354,5.79,-5.69
club,rock,female_07_IUS-F12202.wav,female,-5,Soft_VAD_Leaky,0.4914,1.401,5.52,-4.39
club,rock,female_08_IUS-F14202.wav,female,-5,Unprocessed,0.5918,1.402,0.00,0.00
club,rock,female_08_IUS-F14202.wav,female,-5,FIR_BP,0.5648,1.370,1.00,-4.44
club,rock,female_08_IUS-F14202.wav,female,-5,Parametric_Notch,0.5905,1.398,0.24,-0.24
club,rock,female_08_IUS-F14202.wav,female,-5,Base_NLMS,0.6834,1.458,7.52,-6.66
club,rock,female_08_IUS-F14202.wav,female,-5,Leaky_NLMS,0.6189,1.477,5.96,-5.01
club,rock,female_08_IUS-F14202.wav,female,-5,Soft_VAD_Leaky,0.6223,1.486,5.35,-4.09
club,rock,female_09_IUS-F16202.wav,female,-5,Unprocessed,0.5306,1.366,0.00,0.00
club,rock,female_09_IUS-F16202.wav,female,-5,FIR_BP,0.5076,1.293,3.08,-4.98
club,rock,female_09_IUS-F16202.wav,female,-5,Parametric_Notch,0.5272,1.356,0.17,-0.26
club,rock,female_09_IUS-F16202.wav,female,-5,Base_NLMS,0.6511,1.378,7.14,-7.20
club,rock,female_09_IUS-F16202.wav,female,-5,Leaky_NLMS,0.5740,1.390,5.94,-5.35
club,rock,female_09_IUS-F16202.wav,female,-5,Soft_VAD_Leaky,0.5773,1.406,5.46,-4.44
club,rock,female_10_IUS-F18202.wav,female,-5,Unprocessed,0.4994,1.416,0.00,0.00
club,rock,female_10_IUS-F18202.wav,female,-5,FIR_BP,0.4857,1.337,1.01,-4.48
club,rock,female_10_IUS-F18202.wav,female,-5,Parametric_Notch,0.5007,1.413,0.23,-0.24
club,rock,female_10_IUS-F18202.wav,female,-5,Base_NLMS,0.6282,1.397,6.79,-6.74
club,rock,female_10_IUS-F18202.wav,female,-5,Leaky_NLMS,0.5534,1.447,5.50,-4.94
club,rock,female_10_IUS-F18202.wav,female,-5,Soft_VAD_Leaky,0.5449,1.469,4.94,-3.92
club,rock,male_01_IUS-M00201.wav,male,0,Unprocessed,0.6032,1.510,-0.00,0.00
club,rock,male_01_IUS-M00201.wav,male,0,FIR_BP,0.5838,1.370,-1.67,-3.64
club,rock,male_01_IUS-M00201.wav,male,0,Parametric_Notch,0.5996,1.520,0.11,-0.23
club,rock,male_01_IUS-M00201.wav,male,0,Base_NLMS,0.6568,1.383,2.64,-6.04
club,rock,male_01_IUS-M00201.wav,male,0,Leaky_NLMS,0.6272,1.442,3.25,-4.67
club,rock,male_01_IUS-M00201.wav,male,0,Soft_VAD_Leaky,0.6321,1.525,3.99,-2.96
club,rock,male_02_IUS-M02201.wav,male,0,Unprocessed,0.6601,1.621,0.00,0.00
club,rock,male_02_IUS-M02201.wav,male,0,FIR_BP,0.6349,1.349,-2.24,-4.36
club,rock,male_02_IUS-M02201.wav,male,0,Parametric_Notch,0.6585,1.618,-0.04,-0.30
club,rock,male_02_IUS-M02201.wav,male,0,Base_NLMS,0.6970,1.431,2.20,-6.22
club,rock,male_02_IUS-M02201.wav,male,0,Leaky_NLMS,0.6689,1.493,2.76,-4.78
club,rock,male_02_IUS-M02201.wav,male,0,Soft_VAD_Leaky,0.6698,1.576,3.36,-3.43
club,rock,male_03_IUS-M04201.wav,male,0,Unprocessed,0.5261,1.574,-0.00,0.00
club,rock,male_03_IUS-M04201.wav,male,0,FIR_BP,0.4935,1.351,-1.99,-4.21
club,rock,male_03_IUS-M04201.wav,male,0,Parametric_Notch,0.5190,1.565,0.00,-0.28
club,rock,male_03_IUS-M04201.wav,male,0,Base_NLMS,0.5835,1.406,1.86,-5.98
club,rock,male_03_IUS-M04201.wav,male,0,Leaky_NLMS,0.5617,1.469,2.52,-4.73
club,rock,male_03_IUS-M04201.wav,male,0,Soft_VAD_Leaky,0.5643,1.565,3.13,-3.03
club,rock,male_04_IUS-M06201.wav,male,0,Unprocessed,0.6755,1.599,0.00,0.00
club,rock,male_04_IUS-M06201.wav,male,0,FIR_BP,0.6424,1.320,-1.84,-4.54
club,rock,male_04_IUS-M06201.wav,male,0,Parametric_Notch,0.6742,1.596,0.03,-0.29
club,rock,male_04_IUS-M06201.wav,male,0,Base_NLMS,0.7446,1.446,2.13,-6.07
club,rock,male_04_IUS-M06201.wav,male,0,Leaky_NLMS,0.6994,1.493,2.53,-4.71
club,rock,male_04_IUS-M06201.wav,male,0,Soft_VAD_Leaky,0.7016,1.585,3.23,-3.13
club,rock,male_05_IUS-M08201.wav,male,0,Unprocessed,0.5883,1.546,-0.00,0.00
club,rock,male_05_IUS-M08201.wav,male,0,FIR_BP,0.5801,1.460,-2.12,-3.02
club,rock,male_05_IUS-M08201.wav,male,0,Parametric_Notch,0.5869,1.555,0.15,-0.21
club,rock,male_05_IUS-M08201.wav,male,0,Base_NLMS,0.6937,1.482,2.82,-5.79
club,rock,male_05_IUS-M08201.wav,male,0,Leaky_NLMS,0.6493,1.541,3.41,-4.50
club,rock,male_05_IUS-M08201.wav,male,0,Soft_VAD_Leaky,0.6500,1.648,4.41,-2.78
club,rock,male_06_IUS-M10201.wav,male,0,Unprocessed,0.6300,1.619,0.00,0.00
club,rock,male_06_IUS-M10201.wav,male,0,FIR_BP,0.6105,1.488,-2.65,-2.83
club,rock,male_06_IUS-M10201.wav,male,0,Parametric_Notch,0.6258,1.632,0.05,-0.25
club,rock,male_06_IUS-M10201.wav,male,0,Base_NLMS,0.7414,1.528,2.84,-5.35
club,rock,male_06_IUS-M10201.wav,male,0,Leaky_NLMS,0.6932,1.602,3.50,-4.19
club,rock,male_06_IUS-M10201.wav,male,0,Soft_VAD_Leaky,0.6913,1.724,4.12,-2.63
club,rock,male_07_IUS-M12201.wav,male,0,Unprocessed,0.6425,1.567,0.00,0.00
club,rock,male_07_IUS-M12201.wav,male,0,FIR_BP,0.6132,1.406,-1.79,-3.11
club,rock,male_07_IUS-M12201.wav,male,0,Parametric_Notch,0.6415,1.569,0.04,-0.24
club,rock,male_07_IUS-M12201.wav,male,0,Base_NLMS,0.7478,1.505,3.15,-5.30
club,rock,male_07_IUS-M12201.wav,male,0,Leaky_NLMS,0.6812,1.537,3.28,-4.20
club,rock,male_07_IUS-M12201.wav,male,0,Soft_VAD_Leaky,0.6800,1.680,4.30,-2.34
club,rock,male_08_IUS-M14201.wav,male,0,Unprocessed,0.5581,1.539,-0.00,0.00
club,rock,male_08_IUS-M14201.wav,male,0,FIR_BP,0.5409,1.466,-2.38,-2.98
club,rock,male_08_IUS-M14201.wav,male,0,Parametric_Notch,0.5557,1.551,0.12,-0.23
club,rock,male_08_IUS-M14201.wav,male,0,Base_NLMS,0.6143,1.381,2.32,-6.22
club,rock,male_08_IUS-M14201.wav,male,0,Leaky_NLMS,0.5734,1.480,3.51,-4.82
club,rock,male_08_IUS-M14201.wav,male,0,Soft_VAD_Leaky,0.5748,1.560,4.09,-3.17
club,rock,male_09_IUS-M16201.wav,male,0,Unprocessed,0.5645,1.569,0.00,0.00
club,rock,male_09_IUS-M16201.wav,male,0,FIR_BP,0.5451,1.411,-1.84,-3.56
club,rock,male_09_IUS-M16201.wav,male,0,Parametric_Notch,0.5607,1.576,0.11,-0.24
club,rock,male_09_IUS-M16201.wav,male,0,Base_NLMS,0.6448,1.480,3.09,-5.72
club,rock,male_09_IUS-M16201.wav,male,0,Leaky_NLMS,0.6247,1.537,3.41,-4.47
club,rock,male_09_IUS-M16201.wav,male,0,Soft_VAD_Leaky,0.6209,1.640,4.20,-2.86
club,rock,male_10_IUS-M18201.wav,male,0,Unprocessed,0.6189,1.620,0.00,0.00
club,rock,male_10_IUS-M18201.wav,male,0,FIR_BP,0.6080,1.444,-2.23,-2.96
club,rock,male_10_IUS-M18201.wav,male,0,Parametric_Notch,0.6172,1.630,0.06,-0.24
club,rock,male_10_IUS-M18201.wav,male,0,Base_NLMS,0.6989,1.488,2.90,-5.61
club,rock,male_10_IUS-M18201.wav,male,0,Leaky_NLMS,0.6536,1.560,3.24,-4.25
club,rock,male_10_IUS-M18201.wav,male,0,Soft_VAD_Leaky,0.6460,1.637,3.91,-2.87
club,rock,female_01_IUS-F00202.wav,female,0,Unprocessed,0.4940,1.520,0.00,0.00
club,rock,female_01_IUS-F00202.wav,female,0,FIR_BP,0.4786,1.358,-1.07,-3.85
club,rock,female_01_IUS-F00202.wav,female,0,Parametric_Notch,0.4907,1.509,0.18,-0.21
club,rock,female_01_IUS-F00202.wav,female,0,Base_NLMS,0.5405,1.394,3.71,-6.45
club,rock,female_01_IUS-F00202.wav,female,0,Leaky_NLMS,0.5141,1.471,3.96,-5.02
club,rock,female_01_IUS-F00202.wav,female,0,Soft_VAD_Leaky,0.5264,1.572,4.55,-3.44
club,rock,female_02_IUS-F02202.wav,female,0,Unprocessed,0.5685,1.522,0.00,0.00
club,rock,female_02_IUS-F02202.wav,female,0,FIR_BP,0.5459,1.288,-1.32,-4.22
club,rock,female_02_IUS-F02202.wav,female,0,Parametric_Notch,0.5696,1.512,0.17,-0.21
club,rock,female_02_IUS-F02202.wav,female,0,Base_NLMS,0.6401,1.378,2.38,-6.71
club,rock,female_02_IUS-F02202.wav,female,0,Leaky_NLMS,0.6130,1.403,2.67,-5.24
club,rock,female_02_IUS-F02202.wav,female,0,Soft_VAD_Leaky,0.6166,1.508,3.78,-3.51
club,rock,female_03_IUS-F04202.wav,female,0,Unprocessed,0.6302,1.607,0.00,0.00
club,rock,female_03_IUS-F04202.wav,female,0,FIR_BP,0.6129,1.313,-2.32,-3.85
club,rock,female_03_IUS-F04202.wav,female,0,Parametric_Notch,0.6277,1.567,0.07,-0.24
club,rock,female_03_IUS-F04202.wav,female,0,Base_NLMS,0.6825,1.434,2.38,-5.96
club,rock,female_03_IUS-F04202.wav,female,0,Leaky_NLMS,0.6712,1.507,3.16,-4.75
club,rock,female_03_IUS-F04202.wav,female,0,Soft_VAD_Leaky,0.6851,1.626,4.05,-3.05
club,rock,female_04_IUS-F06202.wav,female,0,Unprocessed,0.6841,1.592,0.00,0.00
club,rock,female_04_IUS-F06202.wav,female,0,FIR_BP,0.6604,1.282,-1.65,-4.97
club,rock,female_04_IUS-F06202.wav,female,0,Parametric_Notch,0.6837,1.570,0.09,-0.24
club,rock,female_04_IUS-F06202.wav,female,0,Base_NLMS,0.7126,1.439,2.36,-6.15
club,rock,female_04_IUS-F06202.wav,female,0,Leaky_NLMS,0.6841,1.472,2.49,-4.89
club,rock,female_04_IUS-F06202.wav,female,0,Soft_VAD_Leaky,0.6868,1.527,2.89,-3.63
club,rock,female_05_IUS-F08202.wav,female,0,Unprocessed,0.6786,1.575,0.00,0.00
club,rock,female_05_IUS-F08202.wav,female,0,FIR_BP,0.6678,1.434,-1.69,-3.24
club,rock,female_05_IUS-F08202.wav,female,0,Parametric_Notch,0.6774,1.565,0.11,-0.18
club,rock,female_05_IUS-F08202.wav,female,0,Base_NLMS,0.7370,1.492,3.01,-6.04
club,rock,female_05_IUS-F08202.wav,female,0,Leaky_NLMS,0.7165,1.564,3.68,-4.71
club,rock,female_05_IUS-F08202.wav,female,0,Soft_VAD_Leaky,0.7192,1.657,4.51,-3.20
club,rock,female_06_IUS-F10202.wav,female,0,Unprocessed,0.6710,1.629,0.00,0.00
club,rock,female_06_IUS-F10202.wav,female,0,FIR_BP,0.6433,1.378,-2.91,-3.33
club,rock,female_06_IUS-F10202.wav,female,0,Parametric_Notch,0.6709,1.625,0.10,-0.20
club,rock,female_06_IUS-F10202.wav,female,0,Base_NLMS,0.7137,1.464,2.24,-5.62
club,rock,female_06_IUS-F10202.wav,female,0,Leaky_NLMS,0.7037,1.580,3.35,-4.31
club,rock,female_06_IUS-F10202.wav,female,0,Soft_VAD_Leaky,0.7106,1.711,3.97,-2.57
club,rock,female_07_IUS-F12202.wav,female,0,Unprocessed,0.5934,1.525,0.00,0.00
club,rock,female_07_IUS-F12202.wav,female,0,FIR_BP,0.5634,1.346,-1.86,-3.62
club,rock,female_07_IUS-F12202.wav,female,0,Parametric_Notch,0.5905,1.513,0.15,-0.19
club,rock,female_07_IUS-F12202.wav,female,0,Base_NLMS,0.6395,1.395,2.45,-6.55
club,rock,female_07_IUS-F12202.wav,female,0,Leaky_NLMS,0.6200,1.431,3.19,-5.26
club,rock,female_07_IUS-F12202.wav,female,0,Soft_VAD_Leaky,0.6305,1.575,4.48,-2.95
club,rock,female_08_IUS-F14202.wav,female,0,Unprocessed,0.6991,1.606,-0.00,0.00
club,rock,female_08_IUS-F14202.wav,female,0,FIR_BP,0.6670,1.453,-3.01,-2.93
club,rock,female_08_IUS-F14202.wav,female,0,Parametric_Notch,0.6973,1.593,0.13,-0.20
club,rock,female_08_IUS-F14202.wav,female,0,Base_NLMS,0.7492,1.524,3.53,-5.29
club,rock,female_08_IUS-F14202.wav,female,0,Leaky_NLMS,0.7247,1.614,3.96,-4.23
club,rock,female_08_IUS-F14202.wav,female,0,Soft_VAD_Leaky,0.7316,1.703,4.36,-2.75
club,rock,female_09_IUS-F16202.wav,female,0,Unprocessed,0.6457,1.527,0.00,0.00
club,rock,female_09_IUS-F16202.wav,female,0,FIR_BP,0.6176,1.360,-0.33,-3.59
club,rock,female_09_IUS-F16202.wav,female,0,Parametric_Notch,0.6431,1.507,0.00,-0.24
club,rock,female_09_IUS-F16202.wav,female,0,Base_NLMS,0.7200,1.461,3.13,-5.77
club,rock,female_09_IUS-F16202.wav,female,0,Leaky_NLMS,0.6780,1.497,3.60,-4.52
club,rock,female_09_IUS-F16202.wav,female,0,Soft_VAD_Leaky,0.6858,1.559,4.08,-3.25
club,rock,female_10_IUS-F18202.wav,female,0,Unprocessed,0.6464,1.609,0.00,0.00
club,rock,female_10_IUS-F18202.wav,female,0,FIR_BP,0.6262,1.403,-2.98,-3.17
club,rock,female_10_IUS-F18202.wav,female,0,Parametric_Notch,0.6462,1.603,0.12,-0.20
club,rock,female_10_IUS-F18202.wav,female,0,Base_NLMS,0.7064,1.481,2.82,-5.44
club,rock,female_10_IUS-F18202.wav,female,0,Leaky_NLMS,0.6872,1.569,3.31,-4.28
club,rock,female_10_IUS-F18202.wav,female,0,Soft_VAD_Leaky,0.6880,1.656,3.88,-2.72
club,rock,male_01_IUS-M00201.wav,male,5,Unprocessed,0.7216,1.796,0.00,0.00
club,rock,male_01_IUS-M00201.wav,male,5,FIR_BP,0.6888,1.450,-6.15,-2.58
club,rock,male_01_IUS-M00201.wav,male,5,Parametric_Notch,0.7150,1.811,-0.22,-0.20
club,rock,male_01_IUS-M00201.wav,male,5,Base_NLMS,0.6907,1.411,-2.59,-5.91
club,rock,male_01_IUS-M00201.wav,male,5,Leaky_NLMS,0.7211,1.525,-1.15,-4.91
club,rock,male_01_IUS-M00201.wav,male,5,Soft_VAD_Leaky,0.7468,1.746,1.56,-2.45
club,rock,male_02_IUS-M02201.wav,male,5,Unprocessed,0.7700,1.983,0.00,0.00
club,rock,male_02_IUS-M02201.wav,male,5,FIR_BP,0.7306,1.412,-6.82,-3.54
club,rock,male_02_IUS-M02201.wav,male,5,Parametric_Notch,0.7627,1.957,-0.67,-0.32
club,rock,male_02_IUS-M02201.wav,male,5,Base_NLMS,0.7317,1.470,-3.08,-6.04
club,rock,male_02_IUS-M02201.wav,male,5,Leaky_NLMS,0.7497,1.577,-1.71,-4.89
club,rock,male_02_IUS-M02201.wav,male,5,Soft_VAD_Leaky,0.7648,1.756,0.15,-2.86
club,rock,male_03_IUS-M04201.wav,male,5,Unprocessed,0.6776,1.916,0.00,0.00
club,rock,male_03_IUS-M04201.wav,male,5,FIR_BP,0.6340,1.427,-6.54,-3.34
club,rock,male_03_IUS-M04201.wav,male,5,Parametric_Notch,0.6658,1.886,-0.55,-0.29
club,rock,male_03_IUS-M04201.wav,male,5,Base_NLMS,0.6398,1.431,-3.32,-5.82
club,rock,male_03_IUS-M04201.wav,male,5,Leaky_NLMS,0.6773,1.540,-2.04,-4.89
club,rock,male_03_IUS-M04201.wav,male,5,Soft_VAD_Leaky,0.6929,1.778,0.12,-2.29
club,rock,male_04_IUS-M06201.wav,male,5,Unprocessed,0.7985,1.944,0.00,0.00
club,rock,male_04_IUS-M06201.wav,male,5,FIR_BP,0.7541,1.378,-6.34,-3.90
club,rock,male_04_IUS-M06201.wav,male,5,Parametric_Notch,0.7971,1.925,-0.50,-0.31
club,rock,male_04_IUS-M06201.wav,male,5,Base_NLMS,0.7756,1.503,-2.88,-5.71
club,rock,male_04_IUS-M06201.wav,male,5,Leaky_NLMS,0.7827,1.612,-1.67,-4.62
club,rock,male_04_IUS-M06201.wav,male,5,Soft_VAD_Leaky,0.7978,1.795,0.12,-2.53
club,rock,male_05_IUS-M08201.wav,male,5,Unprocessed,0.7337,1.854,0.00,0.00
club,rock,male_05_IUS-M08201.wav,male,5,FIR_BP,0.7077,1.541,-6.68,-1.75
club,rock,male_05_IUS-M08201.wav,male,5,Parametric_Notch,0.7289,1.861,-0.16,-0.17
club,rock,male_05_IUS-M08201.wav,male,5,Base_NLMS,0.7425,1.539,-2.35,-5.42
club,rock,male_05_IUS-M08201.wav,male,5,Leaky_NLMS,0.7694,1.679,-0.94,-4.36
club,rock,male_05_IUS-M08201.wav,male,5,Soft_VAD_Leaky,0.7819,1.970,2.74,-1.78
club,rock,male_06_IUS-M10201.wav,male,5,Unprocessed,0.7542,2.001,0.00,0.00
club,rock,male_06_IUS-M10201.wav,male,5,FIR_BP,0.7198,1.565,-7.25,-1.73
club,rock,male_06_IUS-M10201.wav,male,5,Parametric_Notch,0.7462,2.012,-0.41,-0.23
club,rock,male_06_IUS-M10201.wav,male,5,Base_NLMS,0.7728,1.580,-2.38,-4.94
club,rock,male_06_IUS-M10201.wav,male,5,Leaky_NLMS,0.7920,1.741,-0.84,-3.97
club,rock,male_06_IUS-M10201.wav,male,5,Soft_VAD_Leaky,0.8040,2.113,2.52,-1.58
club,rock,male_07_IUS-M12201.wav,male,5,Unprocessed,0.7624,1.909,-0.00,0.00
club,rock,male_07_IUS-M12201.wav,male,5,FIR_BP,0.7170,1.471,-6.27,-1.93
club,rock,male_07_IUS-M12201.wav,male,5,Parametric_Notch,0.7586,1.903,-0.39,-0.22
club,rock,male_07_IUS-M12201.wav,male,5,Base_NLMS,0.7806,1.566,-1.95,-4.64
club,rock,male_07_IUS-M12201.wav,male,5,Leaky_NLMS,0.7776,1.675,-0.73,-3.87
club,rock,male_07_IUS-M12201.wav,male,5,Soft_VAD_Leaky,0.7907,2.022,3.03,-1.35
club,rock,male_08_IUS-M14201.wav,male,5,Unprocessed,0.6659,1.852,0.00,0.00
club,rock,male_08_IUS-M14201.wav,male,5,FIR_BP,0.6424,1.570,-6.95,-1.80
club,rock,male_08_IUS-M14201.wav,male,5,Parametric_Notch,0.6615,1.869,-0.22,-0.21
club,rock,male_08_IUS-M14201.wav,male,5,Base_NLMS,0.6473,1.398,-2.89,-6.33
club,rock,male_08_IUS-M14201.wav,male,5,Leaky_NLMS,0.6731,1.554,-1.25,-5.17
club,rock,male_08_IUS-M14201.wav,male,5,Soft_VAD_Leaky,0.6917,1.877,2.39,-2.10
club,rock,male_09_IUS-M16201.wav,male,5,Unprocessed,0.6968,1.914,0.00,0.00
club,rock,male_09_IUS-M16201.wav,male,5,FIR_BP,0.6589,1.489,-6.39,-2.48
club,rock,male_09_IUS-M16201.wav,male,5,Parametric_Notch,0.6913,1.921,-0.26,-0.21
club,rock,male_09_IUS-M16201.wav,male,5,Base_NLMS,0.6748,1.526,-2.11,-5.32
club,rock,male_09_IUS-M16201.wav,male,5,Leaky_NLMS,0.7226,1.666,-0.77,-4.30
club,rock,male_09_IUS-M16201.wav,male,5,Soft_VAD_Leaky,0.7331,1.927,2.18,-2.00
club,rock,male_10_IUS-M18201.wav,male,5,Unprocessed,0.7248,1.987,0.00,0.00
club,rock,male_10_IUS-M18201.wav,male,5,FIR_BP,0.7014,1.511,-6.74,-1.89
club,rock,male_10_IUS-M18201.wav,male,5,Parametric_Notch,0.7202,1.991,-0.36,-0.21
club,rock,male_10_IUS-M18201.wav,male,5,Base_NLMS,0.7300,1.552,-2.41,-5.27
club,rock,male_10_IUS-M18201.wav,male,5,Leaky_NLMS,0.7448,1.705,-1.07,-4.19
club,rock,male_10_IUS-M18201.wav,male,5,Soft_VAD_Leaky,0.7516,1.960,2.02,-1.95
club,rock,female_01_IUS-F00202.wav,female,5,Unprocessed,0.5891,1.842,0.00,0.00
club,rock,female_01_IUS-F00202.wav,female,5,FIR_BP,0.5669,1.410,-5.56,-2.58
club,rock,female_01_IUS-F00202.wav,female,5,Parametric_Notch,0.5861,1.811,-0.02,-0.17
club,rock,female_01_IUS-F00202.wav,female,5,Base_NLMS,0.5700,1.411,-1.50,-6.09
club,rock,female_01_IUS-F00202.wav,female,5,Leaky_NLMS,0.5790,1.528,-0.31,-5.08
club,rock,female_01_IUS-F00202.wav,female,5,Soft_VAD_Leaky,0.6113,1.860,2.80,-2.18
club,rock,female_02_IUS-F02202.wav,female,5,Unprocessed,0.7056,1.809,0.00,0.00
club,rock,female_02_IUS-F02202.wav,female,5,FIR_BP,0.6797,1.344,-5.76,-3.34
club,rock,female_02_IUS-F02202.wav,female,5,Parametric_Notch,0.7063,1.786,-0.06,-0.17
club,rock,female_02_IUS-F02202.wav,female,5,Base_NLMS,0.6909,1.412,-2.68,-6.38
club,rock,female_02_IUS-F02202.wav,female,5,Leaky_NLMS,0.7106,1.476,-1.66,-5.35
club,rock,female_02_IUS-F02202.wav,female,5,Soft_VAD_Leaky,0.7285,1.744,1.59,-2.73
club,rock,female_03_IUS-F04202.wav,female,5,Unprocessed,0.7607,1.968,0.00,0.00
club,rock,female_03_IUS-F04202.wav,female,5,FIR_BP,0.7368,1.361,-6.94,-2.74
club,rock,female_03_IUS-F04202.wav,female,5,Parametric_Notch,0.7595,1.882,-0.34,-0.23
club,rock,female_03_IUS-F04202.wav,female,5,Base_NLMS,0.7145,1.429,-2.93,-5.66
club,rock,female_03_IUS-F04202.wav,female,5,Leaky_NLMS,0.7480,1.562,-1.51,-4.84
club,rock,female_03_IUS-F04202.wav,female,5,Soft_VAD_Leaky,0.7935,1.941,2.11,-2.04
club,rock,female_04_IUS-F06202.wav,female,5,Unprocessed,0.7990,1.939,0.00,0.00
club,rock,female_04_IUS-F06202.wav,female,5,FIR_BP,0.7735,1.330,-6.13,-4.39
club,rock,female_04_IUS-F06202.wav,female,5,Parametric_Notch,0.7977,1.888,-0.27,-0.22
club,rock,female_04_IUS-F06202.wav,female,5,Base_NLMS,0.7474,1.486,-2.61,-5.58
club,rock,female_04_IUS-F06202.wav,female,5,Leaky_NLMS,0.7611,1.564,-1.66,-4.76
club,rock,female_04_IUS-F06202.wav,female,5,Soft_VAD_Leaky,0.7851,1.751,0.23,-2.79
club,rock,female_05_IUS-F08202.wav,female,5,Unprocessed,0.7891,1.912,0.00,0.00
club,rock,female_05_IUS-F08202.wav,female,5,FIR_BP,0.7705,1.504,-6.24,-2.00
club,rock,female_05_IUS-F08202.wav,female,5,Parametric_Notch,0.7880,1.885,-0.20,-0.14
club,rock,female_05_IUS-F08202.wav,female,5,Base_NLMS,0.7594,1.497,-2.26,-5.74
club,rock,female_05_IUS-F08202.wav,female,5,Leaky_NLMS,0.7820,1.639,-0.77,-4.72
club,rock,female_05_IUS-F08202.wav,female,5,Soft_VAD_Leaky,0.8105,1.972,2.74,-2.11
club,rock,female_06_IUS-F10202.wav,female,5,Unprocessed,0.8075,2.032,0.00,0.00
club,rock,female_06_IUS-F10202.wav,female,5,FIR_BP,0.7817,1.433,-7.55,-2.27
club,rock,female_06_IUS-F10202.wav,female,5,Parametric_Notch,0.8078,2.014,-0.26,-0.16
club,rock,female_06_IUS-F10202.wav,female,5,Base_NLMS,0.7436,1.492,-2.85,-5.38
club,rock,female_06_IUS-F10202.wav,female,5,Leaky_NLMS,0.7901,1.691,-0.96,-4.26
club,rock,female_06_IUS-F10202.wav,female,5,Soft_VAD_Leaky,0.8239,2.069,2.13,-1.54
club,rock,female_07_IUS-F12202.wav,female,5,Unprocessed,0.7270,1.829,0.00,0.00
club,rock,female_07_IUS-F12202.wav,female,5,FIR_BP,0.6908,1.415,-6.42,-2.45
club,rock,female_07_IUS-F12202.wav,female,5,Parametric_Notch,0.7240,1.799,-0.11,-0.15
club,rock,female_07_IUS-F12202.wav,female,5,Base_NLMS,0.6762,1.413,-2.69,-6.43
club,rock,female_07_IUS-F12202.wav,female,5,Leaky_NLMS,0.7088,1.491,-1.36,-5.47
club,rock,female_07_IUS-F12202.wav,female,5,Soft_VAD_Leaky,0.7355,1.818,2.48,-1.90
club,rock,female_08_IUS-F14202.wav,female,5,Unprocessed,0.7956,1.973,0.00,0.00
club,rock,female_08_IUS-F14202.wav,female,5,FIR_BP,0.7631,1.515,-7.64,-1.77
club,rock,female_08_IUS-F14202.wav,female,5,Parametric_Notch,0.7931,1.936,-0.18,-0.15
club,rock,female_08_IUS-F14202.wav,female,5,Base_NLMS,0.7791,1.528,-1.93,-5.17
club,rock,female_08_IUS-F14202.wav,female,5,Leaky_NLMS,0.7997,1.700,-0.45,-4.38
club,rock,female_08_IUS-F14202.wav,female,5,Soft_VAD_Leaky,0.8271,2.041,2.65,-1.74
club,rock,female_09_IUS-F16202.wav,female,5,Unprocessed,0.7583,1.825,0.00,0.00
club,rock,female_09_IUS-F16202.wav,female,5,FIR_BP,0.7265,1.433,-4.67,-2.30
club,rock,female_09_IUS-F16202.wav,female,5,Parametric_Notch,0.7567,1.781,-0.47,-0.23
club,rock,female_09_IUS-F16202.wav,female,5,Base_NLMS,0.7570,1.518,-1.96,-5.25
club,rock,female_09_IUS-F16202.wav,female,5,Leaky_NLMS,0.7642,1.607,-0.72,-4.37
club,rock,female_09_IUS-F16202.wav,female,5,Soft_VAD_Leaky,0.7806,1.800,1.44,-2.29
club,rock,female_10_IUS-F18202.wav,female,5,Unprocessed,0.7782,1.961,0.00,0.00
club,rock,female_10_IUS-F18202.wav,female,5,FIR_BP,0.7472,1.457,-7.60,-2.13
club,rock,female_10_IUS-F18202.wav,female,5,Parametric_Notch,0.7756,1.937,-0.20,-0.16
club,rock,female_10_IUS-F18202.wav,female,5,Base_NLMS,0.7487,1.537,-2.33,-5.13
club,rock,female_10_IUS-F18202.wav,female,5,Leaky_NLMS,0.7780,1.681,-0.95,-4.25
club,rock,female_10_IUS-F18202.wav,female,5,Soft_VAD_Leaky,0.7979,1.949,1.96,-1.87
club,rock,male_01_IUS-M00201.wav,male,10,Unprocessed,0.8275,2.282,0.00,0.00
club,rock,male_01_IUS-M00201.wav,male,10,FIR_BP,0.7817,1.501,-10.00,-1.96
club,rock,male_01_IUS-M00201.wav,male,10,Parametric_Notch,0.8157,2.288,-1.13,-0.19
club,rock,male_01_IUS-M00201.wav,male,10,Base_NLMS,0.7094,1.404,-7.98,-6.70
club,rock,male_01_IUS-M00201.wav,male,10,Leaky_NLMS,0.7734,1.559,-6.47,-5.77
club,rock,male_01_IUS-M00201.wav,male,10,Soft_VAD_Leaky,0.8150,1.923,-2.94,-2.44
club,rock,male_02_IUS-M02201.wav,male,10,Unprocessed,0.8629,2.591,0.00,0.00
club,rock,male_02_IUS-M02201.wav,male,10,FIR_BP,0.8132,1.457,-10.00,-3.05
club,rock,male_02_IUS-M02201.wav,male,10,Parametric_Notch,0.8502,2.484,-2.19,-0.33
club,rock,male_02_IUS-M02201.wav,male,10,Base_NLMS,0.7382,1.453,-8.48,-6.59
club,rock,male_02_IUS-M02201.wav,male,10,Leaky_NLMS,0.7982,1.613,-6.98,-5.57
club,rock,male_02_IUS-M02201.wav,male,10,Soft_VAD_Leaky,0.8298,1.922,-3.94,-2.59
club,rock,male_03_IUS-M04201.wav,male,10,Unprocessed,0.8190,2.478,0.00,0.00
club,rock,male_03_IUS-M04201.wav,male,10,FIR_BP,0.7606,1.482,-10.00,-2.91
club,rock,male_03_IUS-M04201.wav,male,10,Parametric_Notch,0.8023,2.385,-1.95,-0.29
club,rock,male_03_IUS-M04201.wav,male,10,Base_NLMS,0.6819,1.425,-8.62,-6.39
club,rock,male_03_IUS-M04201.wav,male,10,Leaky_NLMS,0.7570,1.579,-7.25,-5.48
club,rock,male_03_IUS-M04201.wav,male,10,Soft_VAD_Leaky,0.8072,2.036,-3.39,-1.82
club,rock,male_04_IUS-M06201.wav,male,10,Unprocessed,0.8887,2.526,0.00,0.00
club,rock,male_04_IUS-M06201.wav,male,10,FIR_BP,0.8337,1.425,-10.00,-3.53
club,rock,male_04_IUS-M06201.wav,male,10,Parametric_Notch,0.8856,2.445,-1.87,-0.32
club,rock,male_04_IUS-M06201.wav,male,10,Base_NLMS,0.7866,1.520,-8.17,-6.05
club,rock,male_04_IUS-M06201.wav,male,10,Leaky_NLMS,0.8268,1.697,-6.71,-5.01
club,rock,male_04_IUS-M06201.wav,male,10,Soft_VAD_Leaky,0.8644,2.017,-3.85,-2.31
club,rock,male_05_IUS-M08201.wav,male,10,Unprocessed,0.8507,2.373,0.00,0.00
club,rock,male_05_IUS-M08201.wav,male,10,FIR_BP,0.7991,1.577,-10.00,-0.96
club,rock,male_05_IUS-M08201.wav,male,10,Parametric_Notch,0.8412,2.344,-1.03,-0.15
club,rock,male_05_IUS-M08201.wav,male,10,Base_NLMS,0.7671,1.554,-7.65,-5.70
club,rock,male_05_IUS-M08201.wav,male,10,Leaky_NLMS,0.8334,1.780,-6.05,-4.65
club,rock,male_05_IUS-M08201.wav,male,10,Soft_VAD_Leaky,0.8770,2.462,0.95,-1.04
club,rock,male_06_IUS-M10201.wav,male,10,Unprocessed,0.8690,2.618,0.00,0.00
club,rock,male_06_IUS-M10201.wav,male,10,FIR_BP,0.8160,1.597,-10.00,-0.98
club,rock,male_06_IUS-M10201.wav,male,10,Parametric_Notch,0.8578,2.600,-1.61,-0.22
club,rock,male_06_IUS-M10201.wav,male,10,Base_NLMS,0.7952,1.581,-7.79,-5.25
club,rock,male_06_IUS-M10201.wav,male,10,Leaky_NLMS,0.8556,1.824,-6.05,-4.25
club,rock,male_06_IUS-M10201.wav,male,10,Soft_VAD_Leaky,0.8820,2.622,0.58,-1.00
club,rock,male_07_IUS-M12201.wav,male,10,Unprocessed,0.8614,2.466,0.00,0.00
club,rock,male_07_IUS-M12201.wav,male,10,FIR_BP,0.7995,1.502,-10.00,-1.09
club,rock,male_07_IUS-M12201.wav,male,10,Parametric_Notch,0.8541,2.414,-1.53,-0.21
club,rock,male_07_IUS-M12201.wav,male,10,Base_NLMS,0.7904,1.565,-7.35,-4.72
club,rock,male_07_IUS-M12201.wav,male,10,Leaky_NLMS,0.8273,1.753,-5.78,-4.05
club,rock,male_07_IUS-M12201.wav,male,10,Soft_VAD_Leaky,0.8672,2.416,0.53,-0.73
club,rock,male_08_IUS-M14201.wav,male,10,Unprocessed,0.7884,2.403,0.00,0.00
club,rock,male_08_IUS-M14201.wav,male,10,FIR_BP,0.7538,1.631,-10.00,-1.08
club,rock,male_08_IUS-M14201.wav,male,10,Parametric_Notch,0.7798,2.405,-1.17,-0.16
club,rock,male_08_IUS-M14201.wav,male,10,Base_NLMS,0.6745,1.397,-8.18,-7.06
club,rock,male_08_IUS-M14201.wav,male,10,Leaky_NLMS,0.7583,1.600,-6.67,-5.90
club,rock,male_08_IUS-M14201.wav,male,10,Soft_VAD_Leaky,0.8016,2.350,0.07,-1.51
club,rock,male_09_IUS-M16201.wav,male,10,Unprocessed,0.8078,2.489,0.00,0.00
club,rock,male_09_IUS-M16201.wav,male,10,FIR_BP,0.7541,1.530,-10.00,-1.68
club,rock,male_09_IUS-M16201.wav,male,10,Parametric_Notch,0.7993,2.468,-1.25,-0.16
club,rock,male_09_IUS-M16201.wav,male,10,Base_NLMS,0.6923,1.525,-7.56,-5.75
club,rock,male_09_IUS-M16201.wav,male,10,Leaky_NLMS,0.7806,1.742,-5.97,-4.71
club,rock,male_09_IUS-M16201.wav,male,10,Soft_VAD_Leaky,0.8192,2.273,-1.14,-1.52
club,rock,male_10_IUS-M18201.wav,male,10,Unprocessed,0.8341,2.582,0.00,0.00
club,rock,male_10_IUS-M18201.wav,male,10,FIR_BP,0.7943,1.548,-10.00,-1.05
club,rock,male_10_IUS-M18201.wav,male,10,Parametric_Notch,0.8251,2.535,-1.46,-0.20
club,rock,male_10_IUS-M18201.wav,male,10,Base_NLMS,0.7441,1.565,-7.88,-5.65
club,rock,male_10_IUS-M18201.wav,male,10,Leaky_NLMS,0.8134,1.799,-6.30,-4.62
club,rock,male_10_IUS-M18201.wav,male,10,Soft_VAD_Leaky,0.8497,2.455,-0.30,-1.31
club,rock,female_01_IUS-F00202.wav,female,10,Unprocessed,0.6777,2.371,0.00,0.00
club,rock,female_01_IUS-F00202.wav,female,10,FIR_BP,0.6449,1.440,-10.00,-1.02
club,rock,female_01_IUS-F00202.wav,female,10,Parametric_Notch,0.6748,2.278,-0.61,-0.14
club,rock,female_01_IUS-F00202.wav,female,10,Base_NLMS,0.5813,1.388,-6.88,-6.41
club,rock,female_01_IUS-F00202.wav,female,10,Leaky_NLMS,0.6184,1.534,-5.61,-5.76
club,rock,female_01_IUS-F00202.wav,female,10,Soft_VAD_Leaky,0.6839,2.286,0.26,-1.03
club,rock,female_02_IUS-F02202.wav,female,10,Unprocessed,0.8173,2.311,0.00,0.00
club,rock,female_02_IUS-F02202.wav,female,10,FIR_BP,0.7833,1.387,-10.00,-2.48
club,rock,female_02_IUS-F02202.wav,female,10,Parametric_Notch,0.8173,2.245,-0.71,-0.12
club,rock,female_02_IUS-F02202.wav,female,10,Base_NLMS,0.7154,1.406,-8.02,-7.01
club,rock,female_02_IUS-F02202.wav,female,10,Leaky_NLMS,0.7637,1.505,-6.88,-6.18
club,rock,female_02_IUS-F02202.wav,female,10,Soft_VAD_Leaky,0.8151,2.114,-1.38,-2.24
club,rock,female_03_IUS-F04202.wav,female,10,Unprocessed,0.8668,2.558,0.00,0.00
club,rock,female_03_IUS-F04202.wav,female,10,FIR_BP,0.8331,1.391,-10.00,-1.93
club,rock,female_03_IUS-F04202.wav,female,10,Parametric_Notch,0.8666,2.358,-1.42,-0.21
club,rock,female_03_IUS-F04202.wav,female,10,Base_NLMS,0.7241,1.393,-8.27,-6.09
club,rock,female_03_IUS-F04202.wav,female,10,Leaky_NLMS,0.7768,1.540,-6.92,-5.52
club,rock,female_03_IUS-F04202.wav,female,10,Soft_VAD_Leaky,0.8667,2.268,-0.99,-1.45
club,rock,female_04_IUS-F06202.wav,female,10,Unprocessed,0.8850,2.527,-0.00,0.00
club,rock,female_04_IUS-F06202.wav,female,10,FIR_BP,0.8473,1.367,-10.00,-3.77
club,rock,female_04_IUS-F06202.wav,female,10,Parametric_Notch,0.8822,2.394,-1.23,-0.20
club,rock,female_04_IUS-F06202.wav,female,10,Base_NLMS,0.7536,1.462,-7.97,-5.93
club,rock,female_04_IUS-F06202.wav,female,10,Leaky_NLMS,0.7994,1.566,-6.82,-5.31
club,rock,female_04_IUS-F06202.wav,female,10,Soft_VAD_Leaky,0.8484,1.946,-3.71,-2.46
club,rock,female_05_IUS-F08202.wav,female,10,Unprocessed,0.8711,2.455,0.00,0.00
club,rock,female_05_IUS-F08202.wav,female,10,FIR_BP,0.8411,1.542,-10.00,-1.23
club,rock,female_05_IUS-F08202.wav,female,10,Parametric_Notch,0.8698,2.373,-1.04,-0.11
club,rock,female_05_IUS-F08202.wav,female,10,Base_NLMS,0.7575,1.458,-7.73,-6.22
club,rock,female_05_IUS-F08202.wav,female,10,Leaky_NLMS,0.8089,1.642,-6.19,-5.33
club,rock,female_05_IUS-F08202.wav,female,10,Soft_VAD_Leaky,0.8702,2.392,0.17,-1.43
club,rock,female_06_IUS-F10202.wav,female,10,Unprocessed,0.9021,2.674,0.00,0.00
club,rock,female_06_IUS-F10202.wav,female,10,FIR_BP,0.8714,1.462,-10.00,-1.42
club,rock,female_06_IUS-F10202.wav,female,10,Parametric_Notch,0.9021,2.597,-1.23,-0.13
club,rock,female_06_IUS-F10202.wav,female,10,Base_NLMS,0.7495,1.480,-8.16,-5.91
club,rock,female_06_IUS-F10202.wav,female,10,Leaky_NLMS,0.8216,1.706,-6.27,-4.76
club,rock,female_06_IUS-F10202.wav,female,10,Soft_VAD_Leaky,0.8795,2.342,-0.95,-1.07
club,rock,female_07_IUS-F12202.wav,female,10,Unprocessed,0.8307,2.352,0.00,0.00
club,rock,female_07_IUS-F12202.wav,female,10,FIR_BP,0.7855,1.466,-10.00,-1.40
club,rock,female_07_IUS-F12202.wav,female,10,Parametric_Notch,0.8279,2.268,-0.82,-0.12
club,rock,female_07_IUS-F12202.wav,female,10,Base_NLMS,0.6998,1.407,-7.97,-6.97
club,rock,female_07_IUS-F12202.wav,female,10,Leaky_NLMS,0.7520,1.511,-6.62,-6.15
club,rock,female_07_IUS-F12202.wav,female,10,Soft_VAD_Leaky,0.8127,2.052,-0.42,-1.20
club,rock,female_08_IUS-F14202.wav,female,10,Unprocessed,0.8832,2.566,0.00,0.00
club,rock,female_08_IUS-F14202.wav,female,10,FIR_BP,0.8489,1.547,-10.00,-1.00
club,rock,female_08_IUS-F14202.wav,female,10,Parametric_Notch,0.8809,2.458,-1.05,-0.13
club,rock,female_08_IUS-F14202.wav,female,10,Base_NLMS,0.7902,1.501,-7.45,-5.72
club,rock,female_08_IUS-F14202.wav,female,10,Leaky_NLMS,0.8408,1.705,-5.97,-5.10
club,rock,female_08_IUS-F14202.wav,female,10,Soft_VAD_Leaky,0.8971,2.524,0.14,-1.20
club,rock,female_09_IUS-F16202.wav,female,10,Unprocessed,0.8522,2.354,0.00,0.00
club,rock,female_09_IUS-F16202.wav,female,10,FIR_BP,0.8126,1.488,-9.43,-1.32
club,rock,female_09_IUS-F16202.wav,female,10,Parametric_Notch,0.8512,2.236,-1.68,-0.21
club,rock,female_09_IUS-F16202.wav,female,10,Base_NLMS,0.7772,1.538,-7.33,-5.38
club,rock,female_09_IUS-F16202.wav,female,10,Leaky_NLMS,0.8203,1.681,-5.99,-4.80
club,rock,female_09_IUS-F16202.wav,female,10,Soft_VAD_Leaky,0.8491,2.088,-2.49,-1.82
club,rock,female_10_IUS-F18202.wav,female,10,Unprocessed,0.8822,2.577,0.00,0.00
club,rock,female_10_IUS-F18202.wav,female,10,FIR_BP,0.8405,1.485,-10.00,-1.43
club,rock,female_10_IUS-F18202.wav,female,10,Parametric_Notch,0.8795,2.487,-1.07,-0.14
club,rock,female_10_IUS-F18202.wav,female,10,Base_NLMS,0.7652,1.537,-7.71,-5.54
club,rock,female_10_IUS-F18202.wav,female,10,Leaky_NLMS,0.8233,1.720,-6.21,-4.74
club,rock,female_10_IUS-F18202.wav,female,10,Soft_VAD_Leaky,0.8776,2.344,-0.81,-1.36
arena,techno,male_01_IUS-M00201.wav,male,-15,Unprocessed,0.4529,1.278,0.00,0.00
arena,techno,male_01_IUS-M00201.wav,male,-15,FIR_BP,0.4375,1.279,10.21,-11.36
arena,techno,male_01_IUS-M00201.wav,male,-15,Parametric_Notch,0.4560,1.291,0.77,-0.76
arena,techno,male_01_IUS-M00201.wav,male,-15,Base_NLMS,0.5644,1.276,14.11,-13.74
arena,techno,male_01_IUS-M00201.wav,male,-15,Leaky_NLMS,0.4736,1.365,10.58,-10.04
arena,techno,male_01_IUS-M00201.wav,male,-15,Soft_VAD_Leaky,0.4723,1.369,10.34,-9.79
arena,techno,male_02_IUS-M02201.wav,male,-15,Unprocessed,0.4304,1.267,0.00,0.00
arena,techno,male_02_IUS-M02201.wav,male,-15,FIR_BP,0.4212,1.226,9.99,-11.53
arena,techno,male_02_IUS-M02201.wav,male,-15,Parametric_Notch,0.4251,1.275,0.79,-0.78
arena,techno,male_02_IUS-M02201.wav,male,-15,Base_NLMS,0.5020,1.280,13.75,-13.14
arena,techno,male_02_IUS-M02201.wav,male,-15,Leaky_NLMS,0.4353,1.319,10.42,-9.95
arena,techno,male_02_IUS-M02201.wav,male,-15,Soft_VAD_Leaky,0.4316,1.321,10.12,-9.66
arena,techno,male_03_IUS-M04201.wav,male,-15,Unprocessed,0.4501,1.299,0.00,0.00
arena,techno,male_03_IUS-M04201.wav,male,-15,FIR_BP,0.4289,1.249,9.87,-11.14
arena,techno,male_03_IUS-M04201.wav,male,-15,Parametric_Notch,0.4544,1.313,0.79,-0.76
arena,techno,male_03_IUS-M04201.wav,male,-15,Base_NLMS,0.5548,1.259,12.99,-13.21
arena,techno,male_03_IUS-M04201.wav,male,-15,Leaky_NLMS,0.4592,1.324,10.11,-9.80
arena,techno,male_03_IUS-M04201.wav,male,-15,Soft_VAD_Leaky,0.4596,1.339,9.79,-9.41
arena,techno,male_04_IUS-M06201.wav,male,-15,Unprocessed,0.4672,1.268,0.00,0.00
arena,techno,male_04_IUS-M06201.wav,male,-15,FIR_BP,0.4627,1.224,10.46,-11.69
arena,techno,male_04_IUS-M06201.wav,male,-15,Parametric_Notch,0.4742,1.277,0.76,-0.76
arena,techno,male_04_IUS-M06201.wav,male,-15,Base_NLMS,0.6033,1.282,14.14,-13.63
arena,techno,male_04_IUS-M06201.wav,male,-15,Leaky_NLMS,0.4938,1.340,10.46,-10.05
arena,techno,male_04_IUS-M06201.wav,male,-15,Soft_VAD_Leaky,0.4906,1.350,9.95,-9.51
arena,techno,male_05_IUS-M08201.wav,male,-15,Unprocessed,0.3944,1.256,0.00,0.00
arena,techno,male_05_IUS-M08201.wav,male,-15,FIR_BP,0.3902,1.278,10.13,-11.24
arena,techno,male_05_IUS-M08201.wav,male,-15,Parametric_Notch,0.3949,1.267,0.78,-0.77
arena,techno,male_05_IUS-M08201.wav,male,-15,Base_NLMS,0.5176,1.274,13.97,-13.27
arena,techno,male_05_IUS-M08201.wav,male,-15,Leaky_NLMS,0.4014,1.329,10.44,-9.79
arena,techno,male_05_IUS-M08201.wav,male,-15,Soft_VAD_Leaky,0.4030,1.338,9.96,-9.34
arena,techno,male_06_IUS-M10201.wav,male,-15,Unprocessed,0.4417,1.242,0.00,0.00
arena,techno,male_06_IUS-M10201.wav,male,-15,FIR_BP,0.4491,1.274,9.52,-10.92
arena,techno,male_06_IUS-M10201.wav,male,-15,Parametric_Notch,0.4437,1.253,0.78,-0.77
arena,techno,male_06_IUS-M10201.wav,male,-15,Base_NLMS,0.5584,1.275,13.01,-12.68
arena,techno,male_06_IUS-M10201.wav,male,-15,Leaky_NLMS,0.4528,1.334,10.39,-9.66
arena,techno,male_06_IUS-M10201.wav,male,-15,Soft_VAD_Leaky,0.4484,1.343,10.01,-9.25
arena,techno,male_07_IUS-M12201.wav,male,-15,Unprocessed,0.4376,1.243,-0.00,0.00
arena,techno,male_07_IUS-M12201.wav,male,-15,FIR_BP,0.4310,1.279,10.25,-11.37
arena,techno,male_07_IUS-M12201.wav,male,-15,Parametric_Notch,0.4366,1.255,0.77,-0.80
arena,techno,male_07_IUS-M12201.wav,male,-15,Base_NLMS,0.5421,1.335,14.44,-13.45
arena,techno,male_07_IUS-M12201.wav,male,-15,Leaky_NLMS,0.4567,1.374,10.60,-10.00
arena,techno,male_07_IUS-M12201.wav,male,-15,Soft_VAD_Leaky,0.4547,1.385,10.14,-9.53
arena,techno,male_08_IUS-M14201.wav,male,-15,Unprocessed,0.3528,1.253,0.00,0.00
arena,techno,male_08_IUS-M14201.wav,male,-15,FIR_BP,0.3518,1.251,10.15,-11.21
arena,techno,male_08_IUS-M14201.wav,male,-15,Parametric_Notch,0.3548,1.262,0.80,-0.79
arena,techno,male_08_IUS-M14201.wav,male,-15,Base_NLMS,0.4360,1.254,14.01,-12.95
arena,techno,male_08_IUS-M14201.wav,male,-15,Leaky_NLMS,0.3648,1.288,10.45,-9.74
arena,techno,male_08_IUS-M14201.wav,male,-15,Soft_VAD_Leaky,0.3635,1.291,10.06,-9.38
arena,techno,male_09_IUS-M16201.wav,male,-15,Unprocessed,0.3893,1.253,0.00,0.00
arena,techno,male_09_IUS-M16201.wav,male,-15,FIR_BP,0.3818,1.245,10.28,-11.45
arena,techno,male_09_IUS-M16201.wav,male,-15,Parametric_Notch,0.3905,1.263,0.79,-0.77
arena,techno,male_09_IUS-M16201.wav,male,-15,Base_NLMS,0.5192,1.274,14.06,-13.20
arena,techno,male_09_IUS-M16201.wav,male,-15,Leaky_NLMS,0.4173,1.318,10.40,-9.90
arena,techno,male_09_IUS-M16201.wav,male,-15,Soft_VAD_Leaky,0.4202,1.325,10.04,-9.51
arena,techno,male_10_IUS-M18201.wav,male,-15,Unprocessed,0.4604,1.248,0.00,0.00
arena,techno,male_10_IUS-M18201.wav,male,-15,FIR_BP,0.4491,1.260,10.05,-11.16
arena,techno,male_10_IUS-M18201.wav,male,-15,Parametric_Notch,0.4613,1.259,0.78,-0.80
arena,techno,male_10_IUS-M18201.wav,male,-15,Base_NLMS,0.5570,1.282,14.32,-13.49
arena,techno,male_10_IUS-M18201.wav,male,-15,Leaky_NLMS,0.4695,1.330,10.54,-9.98
arena,techno,male_10_IUS-M18201.wav,male,-15,Soft_VAD_Leaky,0.4699,1.338,9.82,-9.35
arena,techno,female_01_IUS-F00202.wav,female,-15,Unprocessed,0.3197,1.205,0.00,0.00
arena,techno,female_01_IUS-F00202.wav,female,-15,FIR_BP,0.3188,1.237,10.55,-11.64
arena,techno,female_01_IUS-F00202.wav,female,-15,Parametric_Notch,0.3176,1.216,0.82,-0.79
arena,techno,female_01_IUS-F00202.wav,female,-15,Base_NLMS,0.4170,1.277,13.44,-13.09
arena,techno,female_01_IUS-F00202.wav,female,-15,Leaky_NLMS,0.3317,1.317,10.27,-9.82
arena,techno,female_01_IUS-F00202.wav,female,-15,Soft_VAD_Leaky,0.3325,1.321,9.98,-9.50
arena,techno,female_02_IUS-F02202.wav,female,-15,Unprocessed,0.3345,1.255,0.00,0.00
arena,techno,female_02_IUS-F02202.wav,female,-15,FIR_BP,0.3400,1.196,10.69,-11.60
arena,techno,female_02_IUS-F02202.wav,female,-15,Parametric_Notch,0.3370,1.263,0.80,-0.77
arena,techno,female_02_IUS-F02202.wav,female,-15,Base_NLMS,0.4674,1.251,13.43,-12.97
arena,techno,female_02_IUS-F02202.wav,female,-15,Leaky_NLMS,0.3594,1.289,10.18,-9.76
arena,techno,female_02_IUS-F02202.wav,female,-15,Soft_VAD_Leaky,0.3567,1.292,9.85,-9.41
arena,techno,female_03_IUS-F04202.wav,female,-15,Unprocessed,0.4177,1.238,0.00,0.00
arena,techno,female_03_IUS-F04202.wav,female,-15,FIR_BP,0.4202,1.216,10.02,-11.55
arena,techno,female_03_IUS-F04202.wav,female,-15,Parametric_Notch,0.4162,1.250,0.84,-0.83
arena,techno,female_03_IUS-F04202.wav,female,-15,Base_NLMS,0.5143,1.279,12.93,-12.47
arena,techno,female_03_IUS-F04202.wav,female,-15,Leaky_NLMS,0.4294,1.314,10.01,-9.60
arena,techno,female_03_IUS-F04202.wav,female,-15,Soft_VAD_Leaky,0.4299,1.325,9.49,-9.04
arena,techno,female_04_IUS-F06202.wav,female,-15,Unprocessed,0.4331,1.247,0.00,0.00
arena,techno,female_04_IUS-F06202.wav,female,-15,FIR_BP,0.4207,1.192,10.25,-11.72
arena,techno,female_04_IUS-F06202.wav,female,-15,Parametric_Notch,0.4353,1.255,0.77,-0.75
arena,techno,female_04_IUS-F06202.wav,female,-15,Base_NLMS,0.5677,1.279,13.45,-12.89
arena,techno,female_04_IUS-F06202.wav,female,-15,Leaky_NLMS,0.4553,1.306,10.12,-9.70
arena,techno,female_04_IUS-F06202.wav,female,-15,Soft_VAD_Leaky,0.4555,1.318,9.79,-9.31
arena,techno,female_05_IUS-F08202.wav,female,-15,Unprocessed,0.4814,1.232,0.00,0.00
arena,techno,female_05_IUS-F08202.wav,female,-15,FIR_BP,0.4699,1.243,10.31,-11.37
arena,techno,female_05_IUS-F08202.wav,female,-15,Parametric_Notch,0.4870,1.243,0.86,-0.85
arena,techno,female_05_IUS-F08202.wav,female,-15,Base_NLMS,0.5703,1.290,13.36,-12.26
arena,techno,female_05_IUS-F08202.wav,female,-15,Leaky_NLMS,0.4857,1.305,10.21,-9.49
arena,techno,female_05_IUS-F08202.wav,female,-15,Soft_VAD_Leaky,0.4823,1.311,9.77,-9.02
arena,techno,female_06_IUS-F10202.wav,female,-15,Unprocessed,0.4870,1.223,0.00,0.00
arena,techno,female_06_IUS-F10202.wav,female,-15,FIR_BP,0.4740,1.230,9.75,-11.38
arena,techno,female_06_IUS-F10202.wav,female,-15,Parametric_Notch,0.4888,1.233,0.80,-0.77
arena,techno,female_06_IUS-F10202.wav,female,-15,Base_NLMS,0.6222,1.293,13.45,-12.45
arena,techno,female_06_IUS-F10202.wav,female,-15,Leaky_NLMS,0.5029,1.323,10.26,-9.54
arena,techno,female_06_IUS-F10202.wav,female,-15,Soft_VAD_Leaky,0.5034,1.334,9.61,-8.89
arena,techno,female_07_IUS-F12202.wav,female,-15,Unprocessed,0.3654,1.218,0.00,0.00
arena,techno,female_07_IUS-F12202.wav,female,-15,FIR_BP,0.3420,1.214,10.28,-11.56
arena,techno,female_07_IUS-F12202.wav,female,-15,Parametric_Notch,0.3676,1.228,0.83,-0.81
arena,techno,female_07_IUS-F12202.wav,female,-15,Base_NLMS,0.4864,1.250,13.02,-12.67
arena,techno,female_07_IUS-F12202.wav,female,-15,Leaky_NLMS,0.3731,1.274,10.23,-9.73
arena,techno,female_07_IUS-F12202.wav,female,-15,Soft_VAD_Leaky,0.3725,1.292,9.83,-9.22
arena,techno,female_08_IUS-F14202.wav,female,-15,Unprocessed,0.4563,1.213,0.00,0.00
arena,techno,female_08_IUS-F14202.wav,female,-15,FIR_BP,0.4328,1.238,9.90,-11.27
arena,techno,female_08_IUS-F14202.wav,female,-15,Parametric_Notch,0.4601,1.222,0.79,-0.77
arena,techno,female_08_IUS-F14202.wav,female,-15,Base_NLMS,0.5330,1.272,13.79,-12.85
arena,techno,female_08_IUS-F14202.wav,female,-15,Leaky_NLMS,0.4647,1.285,10.38,-9.86
arena,techno,female_08_IUS-F14202.wav,female,-15,Soft_VAD_Leaky,0.4652,1.294,10.03,-9.42
arena,techno,female_09_IUS-F16202.wav,female,-15,Unprocessed,0.4850,1.227,0.00,0.00
arena,techno,female_09_IUS-F16202.wav,female,-15,FIR_BP,0.4720,1.214,11.03,-11.58
arena,techno,female_09_IUS-F16202.wav,female,-15,Parametric_Notch,0.4808,1.236,0.84,-0.83
arena,techno,female_09_IUS-F16202.wav,female,-15,Base_NLMS,0.5959,1.271,13.25,-12.43
arena,techno,female_09_IUS-F16202.wav,female,-15,Leaky_NLMS,0.4948,1.282,10.16,-9.64
arena,techno,female_09_IUS-F16202.wav,female,-15,Soft_VAD_Leaky,0.4931,1.288,9.70,-9.16
arena,techno,female_10_IUS-F18202.wav,female,-15,Unprocessed,0.4801,1.248,0.00,0.00
arena,techno,female_10_IUS-F18202.wav,female,-15,FIR_BP,0.4668,1.241,9.59,-11.19
arena,techno,female_10_IUS-F18202.wav,female,-15,Parametric_Notch,0.4797,1.258,0.77,-0.75
arena,techno,female_10_IUS-F18202.wav,female,-15,Base_NLMS,0.5757,1.313,14.48,-13.18
arena,techno,female_10_IUS-F18202.wav,female,-15,Leaky_NLMS,0.4884,1.334,10.55,-9.85
arena,techno,female_10_IUS-F18202.wav,female,-15,Soft_VAD_Leaky,0.4876,1.338,9.98,-9.32
arena,techno,male_01_IUS-M00201.wav,male,-10,Unprocessed,0.5858,1.353,0.00,0.00
arena,techno,male_01_IUS-M00201.wav,male,-10,FIR_BP,0.5622,1.328,7.57,-9.90
arena,techno,male_01_IUS-M00201.wav,male,-10,Parametric_Notch,0.5878,1.372,0.75,-0.73
arena,techno,male_01_IUS-M00201.wav,male,-10,Base_NLMS,0.6781,1.348,12.15,-12.00
arena,techno,male_01_IUS-M00201.wav,male,-10,Leaky_NLMS,0.6066,1.467,10.11,-8.99
arena,techno,male_01_IUS-M00201.wav,male,-10,Soft_VAD_Leaky,0.6085,1.483,9.84,-8.56
arena,techno,male_02_IUS-M02201.wav,male,-10,Unprocessed,0.5440,1.347,0.00,0.00
arena,techno,male_02_IUS-M02201.wav,male,-10,FIR_BP,0.5309,1.268,7.24,-10.25
arena,techno,male_02_IUS-M02201.wav,male,-10,Parametric_Notch,0.5415,1.360,0.77,-0.75
arena,techno,male_02_IUS-M02201.wav,male,-10,Base_NLMS,0.6122,1.363,12.10,-11.28
arena,techno,male_02_IUS-M02201.wav,male,-10,Leaky_NLMS,0.5536,1.413,9.93,-8.82
arena,techno,male_02_IUS-M02201.wav,male,-10,Soft_VAD_Leaky,0.5488,1.421,9.62,-8.48
arena,techno,male_03_IUS-M04201.wav,male,-10,Unprocessed,0.5636,1.391,0.00,0.00
arena,techno,male_03_IUS-M04201.wav,male,-10,FIR_BP,0.5412,1.295,7.14,-9.73
arena,techno,male_03_IUS-M04201.wav,male,-10,Parametric_Notch,0.5663,1.412,0.78,-0.72
arena,techno,male_03_IUS-M04201.wav,male,-10,Base_NLMS,0.6694,1.322,10.80,-11.64
arena,techno,male_03_IUS-M04201.wav,male,-10,Leaky_NLMS,0.5800,1.402,9.28,-8.82
arena,techno,male_03_IUS-M04201.wav,male,-10,Soft_VAD_Leaky,0.5815,1.437,8.97,-8.17
arena,techno,male_04_IUS-M06201.wav,male,-10,Unprocessed,0.5985,1.351,0.00,0.00
arena,techno,male_04_IUS-M06201.wav,male,-10,FIR_BP,0.5869,1.262,7.74,-10.58
arena,techno,male_04_IUS-M06201.wav,male,-10,Parametric_Notch,0.6035,1.364,0.74,-0.73
arena,techno,male_04_IUS-M06201.wav,male,-10,Base_NLMS,0.7130,1.374,12.07,-11.65
arena,techno,male_04_IUS-M06201.wav,male,-10,Leaky_NLMS,0.6285,1.445,9.83,-8.93
arena,techno,male_04_IUS-M06201.wav,male,-10,Soft_VAD_Leaky,0.6271,1.470,9.43,-8.30
arena,techno,male_05_IUS-M08201.wav,male,-10,Unprocessed,0.5166,1.333,0.00,0.00
arena,techno,male_05_IUS-M08201.wav,male,-10,FIR_BP,0.5082,1.341,7.41,-9.55
arena,techno,male_05_IUS-M08201.wav,male,-10,Parametric_Notch,0.5184,1.351,0.77,-0.73
arena,techno,male_05_IUS-M08201.wav,male,-10,Base_NLMS,0.6504,1.356,12.21,-11.40
arena,techno,male_05_IUS-M08201.wav,male,-10,Leaky_NLMS,0.5334,1.434,10.06,-8.65
arena,techno,male_05_IUS-M08201.wav,male,-10,Soft_VAD_Leaky,0.5321,1.454,9.57,-8.02
arena,techno,male_06_IUS-M10201.wav,male,-10,Unprocessed,0.5601,1.331,0.00,0.00
arena,techno,male_06_IUS-M10201.wav,male,-10,FIR_BP,0.5681,1.343,6.56,-9.09
arena,techno,male_06_IUS-M10201.wav,male,-10,Parametric_Notch,0.5627,1.349,0.77,-0.73
arena,techno,male_06_IUS-M10201.wav,male,-10,Base_NLMS,0.6774,1.362,11.26,-10.86
arena,techno,male_06_IUS-M10201.wav,male,-10,Leaky_NLMS,0.5827,1.459,9.95,-8.32
arena,techno,male_06_IUS-M10201.wav,male,-10,Soft_VAD_Leaky,0.5773,1.485,9.57,-7.78
arena,techno,male_07_IUS-M12201.wav,male,-10,Unprocessed,0.5838,1.327,0.00,0.00
arena,techno,male_07_IUS-M12201.wav,male,-10,FIR_BP,0.5692,1.341,7.51,-9.63
arena,techno,male_07_IUS-M12201.wav,male,-10,Parametric_Notch,0.5849,1.348,0.76,-0.72
arena,techno,male_07_IUS-M12201.wav,male,-10,Base_NLMS,0.6758,1.431,12.36,-11.16
arena,techno,male_07_IUS-M12201.wav,male,-10,Leaky_NLMS,0.6037,1.514,10.12,-8.71
arena,techno,male_07_IUS-M12201.wav,male,-10,Soft_VAD_Leaky,0.6030,1.552,9.63,-8.00
arena,techno,male_08_IUS-M14201.wav,male,-10,Unprocessed,0.4395,1.331,0.00,0.00
arena,techno,male_08_IUS-M14201.wav,male,-10,FIR_BP,0.4345,1.316,7.35,-9.54
arena,techno,male_08_IUS-M14201.wav,male,-10,Parametric_Notch,0.4417,1.346,0.80,-0.75
arena,techno,male_08_IUS-M14201.wav,male,-10,Base_NLMS,0.5414,1.324,12.59,-11.01
arena,techno,male_08_IUS-M14201.wav,male,-10,Leaky_NLMS,0.4584,1.380,10.16,-8.60
arena,techno,male_08_IUS-M14201.wav,male,-10,Soft_VAD_Leaky,0.4568,1.389,9.70,-8.12
arena,techno,male_09_IUS-M16201.wav,male,-10,Unprocessed,0.4923,1.329,0.00,0.00
arena,techno,male_09_IUS-M16201.wav,male,-10,FIR_BP,0.4820,1.296,7.59,-9.86
arena,techno,male_09_IUS-M16201.wav,male,-10,Parametric_Notch,0.4922,1.344,0.78,-0.70
arena,techno,male_09_IUS-M16201.wav,male,-10,Base_NLMS,0.6170,1.356,12.42,-11.20
arena,techno,male_09_IUS-M16201.wav,male,-10,Leaky_NLMS,0.5210,1.416,9.97,-8.69
arena,techno,male_09_IUS-M16201.wav,male,-10,Soft_VAD_Leaky,0.5225,1.435,9.64,-8.15
arena,techno,male_10_IUS-M18201.wav,male,-10,Unprocessed,0.5749,1.324,0.00,0.00
arena,techno,male_10_IUS-M18201.wav,male,-10,FIR_BP,0.5586,1.315,7.30,-9.40
arena,techno,male_10_IUS-M18201.wav,male,-10,Parametric_Notch,0.5770,1.342,0.78,-0.76
arena,techno,male_10_IUS-M18201.wav,male,-10,Base_NLMS,0.6677,1.374,12.56,-11.33
arena,techno,male_10_IUS-M18201.wav,male,-10,Leaky_NLMS,0.5920,1.436,10.08,-8.68
arena,techno,male_10_IUS-M18201.wav,male,-10,Soft_VAD_Leaky,0.5890,1.458,9.41,-7.94
arena,techno,female_01_IUS-F00202.wav,female,-10,Unprocessed,0.4282,1.266,0.00,0.00
arena,techno,female_01_IUS-F00202.wav,female,-10,FIR_BP,0.4272,1.286,8.00,-10.22
arena,techno,female_01_IUS-F00202.wav,female,-10,Parametric_Notch,0.4267,1.285,0.81,-0.76
arena,techno,female_01_IUS-F00202.wav,female,-10,Base_NLMS,0.5241,1.363,11.91,-11.66
arena,techno,female_01_IUS-F00202.wav,female,-10,Leaky_NLMS,0.4458,1.431,9.85,-8.91
arena,techno,female_01_IUS-F00202.wav,female,-10,Soft_VAD_Leaky,0.4466,1.448,9.58,-8.44
arena,techno,female_02_IUS-F02202.wav,female,-10,Unprocessed,0.4640,1.326,0.00,0.00
arena,techno,female_02_IUS-F02202.wav,female,-10,FIR_BP,0.4569,1.228,8.14,-10.34
arena,techno,female_02_IUS-F02202.wav,female,-10,Parametric_Notch,0.4680,1.340,0.80,-0.73
arena,techno,female_02_IUS-F02202.wav,female,-10,Base_NLMS,0.5660,1.320,11.66,-11.34
arena,techno,female_02_IUS-F02202.wav,female,-10,Leaky_NLMS,0.4927,1.367,9.61,-8.82
arena,techno,female_02_IUS-F02202.wav,female,-10,Soft_VAD_Leaky,0.4902,1.380,9.25,-8.25
arena,techno,female_03_IUS-F04202.wav,female,-10,Unprocessed,0.5638,1.317,0.00,0.00
arena,techno,female_03_IUS-F04202.wav,female,-10,FIR_BP,0.5531,1.254,7.07,-10.01
arena,techno,female_03_IUS-F04202.wav,female,-10,Parametric_Notch,0.5636,1.338,0.83,-0.78
arena,techno,female_03_IUS-F04202.wav,female,-10,Base_NLMS,0.6438,1.362,11.31,-10.69
arena,techno,female_03_IUS-F04202.wav,female,-10,Leaky_NLMS,0.5814,1.418,9.48,-8.45
arena,techno,female_03_IUS-F04202.wav,female,-10,Soft_VAD_Leaky,0.5816,1.444,9.03,-7.82
arena,techno,female_04_IUS-F06202.wav,female,-10,Unprocessed,0.5695,1.323,0.00,0.00
arena,techno,female_04_IUS-F06202.wav,female,-10,FIR_BP,0.5557,1.223,7.58,-10.65
arena,techno,female_04_IUS-F06202.wav,female,-10,Parametric_Notch,0.5703,1.338,0.76,-0.71
arena,techno,female_04_IUS-F06202.wav,female,-10,Base_NLMS,0.6715,1.369,11.68,-11.02
arena,techno,female_04_IUS-F06202.wav,female,-10,Leaky_NLMS,0.5974,1.404,9.52,-8.58
arena,techno,female_04_IUS-F06202.wav,female,-10,Soft_VAD_Leaky,0.5987,1.428,9.23,-8.09
arena,techno,female_05_IUS-F08202.wav,female,-10,Unprocessed,0.5945,1.306,0.00,0.00
arena,techno,female_05_IUS-F08202.wav,female,-10,FIR_BP,0.5786,1.300,7.49,-9.61
arena,techno,female_05_IUS-F08202.wav,female,-10,Parametric_Notch,0.6007,1.327,0.86,-0.80
arena,techno,female_05_IUS-F08202.wav,female,-10,Base_NLMS,0.6843,1.381,11.94,-10.32
arena,techno,female_05_IUS-F08202.wav,female,-10,Leaky_NLMS,0.6062,1.403,9.84,-8.33
arena,techno,female_05_IUS-F08202.wav,female,-10,Soft_VAD_Leaky,0.6036,1.422,9.37,-7.71
arena,techno,female_06_IUS-F10202.wav,female,-10,Unprocessed,0.6002,1.303,0.00,0.00
arena,techno,female_06_IUS-F10202.wav,female,-10,FIR_BP,0.5888,1.279,6.68,-9.72
arena,techno,female_06_IUS-F10202.wav,female,-10,Parametric_Notch,0.6023,1.322,0.80,-0.73
arena,techno,female_06_IUS-F10202.wav,female,-10,Base_NLMS,0.7057,1.376,11.62,-10.48
arena,techno,female_06_IUS-F10202.wav,female,-10,Leaky_NLMS,0.6227,1.445,9.87,-8.29
arena,techno,female_06_IUS-F10202.wav,female,-10,Soft_VAD_Leaky,0.6224,1.478,9.16,-7.49
arena,techno,female_07_IUS-F12202.wav,female,-10,Unprocessed,0.4822,1.287,0.00,0.00
arena,techno,female_07_IUS-F12202.wav,female,-10,FIR_BP,0.4563,1.261,7.45,-9.97
arena,techno,female_07_IUS-F12202.wav,female,-10,Parametric_Notch,0.4851,1.305,0.83,-0.77
arena,techno,female_07_IUS-F12202.wav,female,-10,Base_NLMS,0.5879,1.315,11.11,-11.10
arena,techno,female_07_IUS-F12202.wav,female,-10,Leaky_NLMS,0.4962,1.354,9.77,-8.76
arena,techno,female_07_IUS-F12202.wav,female,-10,Soft_VAD_Leaky,0.4954,1.399,9.41,-7.92
arena,techno,female_08_IUS-F14202.wav,female,-10,Unprocessed,0.5643,1.279,0.00,0.00
arena,techno,female_08_IUS-F14202.wav,female,-10,FIR_BP,0.5354,1.296,7.03,-9.69
arena,techno,female_08_IUS-F14202.wav,female,-10,Parametric_Notch,0.5672,1.295,0.79,-0.74
arena,techno,female_08_IUS-F14202.wav,female,-10,Base_NLMS,0.6618,1.370,12.73,-10.80
arena,techno,female_08_IUS-F14202.wav,female,-10,Leaky_NLMS,0.5788,1.379,10.07,-8.66
arena,techno,female_08_IUS-F14202.wav,female,-10,Soft_VAD_Leaky,0.5796,1.402,9.74,-8.18
arena,techno,female_09_IUS-F16202.wav,female,-10,Unprocessed,0.5859,1.296,0.00,0.00
arena,techno,female_09_IUS-F16202.wav,female,-10,FIR_BP,0.5685,1.261,8.83,-10.04
arena,techno,female_09_IUS-F16202.wav,female,-10,Parametric_Notch,0.5813,1.312,0.83,-0.79
arena,techno,female_09_IUS-F16202.wav,female,-10,Base_NLMS,0.6895,1.358,11.81,-10.57
arena,techno,female_09_IUS-F16202.wav,female,-10,Leaky_NLMS,0.6026,1.372,9.79,-8.57
arena,techno,female_09_IUS-F16202.wav,female,-10,Soft_VAD_Leaky,0.6014,1.385,9.26,-7.94
arena,techno,female_10_IUS-F18202.wav,female,-10,Unprocessed,0.5987,1.329,0.00,0.00
arena,techno,female_10_IUS-F18202.wav,female,-10,FIR_BP,0.5853,1.293,6.52,-9.55
arena,techno,female_10_IUS-F18202.wav,female,-10,Parametric_Notch,0.5990,1.348,0.76,-0.74
arena,techno,female_10_IUS-F18202.wav,female,-10,Base_NLMS,0.6791,1.423,12.89,-10.89
arena,techno,female_10_IUS-F18202.wav,female,-10,Leaky_NLMS,0.6118,1.452,10.14,-8.54
arena,techno,female_10_IUS-F18202.wav,female,-10,Soft_VAD_Leaky,0.6097,1.467,9.54,-7.92
arena,techno,male_01_IUS-M00201.wav,male,-5,Unprocessed,0.7287,1.535,0.00,0.00
arena,techno,male_01_IUS-M00201.wav,male,-5,FIR_BP,0.6996,1.399,3.71,-7.47
arena,techno,male_01_IUS-M00201.wav,male,-5,Parametric_Notch,0.7279,1.565,0.71,-0.65
arena,techno,male_01_IUS-M00201.wav,male,-5,Base_NLMS,0.7390,1.422,8.24,-9.72
arena,techno,male_01_IUS-M00201.wav,male,-5,Leaky_NLMS,0.7383,1.625,8.55,-7.39
arena,techno,male_01_IUS-M00201.wav,male,-5,Soft_VAD_Leaky,0.7443,1.675,8.70,-6.79
arena,techno,male_02_IUS-M02201.wav,male,-5,Unprocessed,0.6671,1.532,0.00,0.00
arena,techno,male_02_IUS-M02201.wav,male,-5,FIR_BP,0.6471,1.328,3.30,-8.07
arena,techno,male_02_IUS-M02201.wav,male,-5,Parametric_Notch,0.6664,1.551,0.73,-0.66
arena,techno,male_02_IUS-M02201.wav,male,-5,Base_NLMS,0.6840,1.455,8.50,-8.91
arena,techno,male_02_IUS-M02201.wav,male,-5,Leaky_NLMS,0.6740,1.558,8.41,-7.12
arena,techno,male_02_IUS-M02201.wav,male,-5,Soft_VAD_Leaky,0.6714,1.592,8.36,-6.48
arena,techno,male_03_IUS-M04201.wav,male,-5,Unprocessed,0.7038,1.602,0.00,0.00
arena,techno,male_03_IUS-M04201.wav,male,-5,FIR_BP,0.6742,1.361,3.23,-7.52
arena,techno,male_03_IUS-M04201.wav,male,-5,Parametric_Notch,0.7049,1.640,0.74,-0.62
arena,techno,male_03_IUS-M04201.wav,male,-5,Base_NLMS,0.7343,1.392,6.90,-9.47
arena,techno,male_03_IUS-M04201.wav,male,-5,Leaky_NLMS,0.7169,1.517,7.25,-7.35
arena,techno,male_03_IUS-M04201.wav,male,-5,Soft_VAD_Leaky,0.7194,1.602,7.38,-6.35
arena,techno,male_04_IUS-M06201.wav,male,-5,Unprocessed,0.7475,1.551,0.00,0.00
arena,techno,male_04_IUS-M06201.wav,male,-5,FIR_BP,0.7236,1.320,3.75,-8.47
arena,techno,male_04_IUS-M06201.wav,male,-5,Parametric_Notch,0.7466,1.568,0.68,-0.66
arena,techno,male_04_IUS-M06201.wav,male,-5,Base_NLMS,0.7847,1.488,8.10,-9.06
arena,techno,male_04_IUS-M06201.wav,male,-5,Leaky_NLMS,0.7672,1.615,8.01,-7.18
arena,techno,male_04_IUS-M06201.wav,male,-5,Soft_VAD_Leaky,0.7663,1.672,8.04,-6.48
arena,techno,male_05_IUS-M08201.wav,male,-5,Unprocessed,0.6558,1.501,0.00,0.00
arena,techno,male_05_IUS-M08201.wav,male,-5,FIR_BP,0.6410,1.422,3.47,-6.84
arena,techno,male_05_IUS-M08201.wav,male,-5,Parametric_Notch,0.6583,1.534,0.75,-0.64
arena,techno,male_05_IUS-M08201.wav,male,-5,Base_NLMS,0.7365,1.461,8.73,-8.97
arena,techno,male_05_IUS-M08201.wav,male,-5,Leaky_NLMS,0.6821,1.605,8.76,-6.83
arena,techno,male_05_IUS-M08201.wav,male,-5,Soft_VAD_Leaky,0.6800,1.666,8.86,-5.87
arena,techno,male_06_IUS-M10201.wav,male,-5,Unprocessed,0.6976,1.532,0.00,0.00
arena,techno,male_06_IUS-M10201.wav,male,-5,FIR_BP,0.6939,1.427,2.52,-6.40
arena,techno,male_06_IUS-M10201.wav,male,-5,Parametric_Notch,0.6989,1.564,0.74,-0.63
arena,techno,male_06_IUS-M10201.wav,male,-5,Base_NLMS,0.7504,1.476,7.91,-8.42
arena,techno,male_06_IUS-M10201.wav,male,-5,Leaky_NLMS,0.7182,1.660,8.68,-6.35
arena,techno,male_06_IUS-M10201.wav,male,-5,Soft_VAD_Leaky,0.7180,1.748,8.53,-5.37
arena,techno,male_07_IUS-M12201.wav,male,-5,Unprocessed,0.7238,1.523,0.00,0.00
arena,techno,male_07_IUS-M12201.wav,male,-5,FIR_BP,0.7009,1.407,3.55,-6.94
arena,techno,male_07_IUS-M12201.wav,male,-5,Parametric_Notch,0.7270,1.562,0.73,-0.64
arena,techno,male_07_IUS-M12201.wav,male,-5,Base_NLMS,0.7547,1.530,8.38,-8.52
arena,techno,male_07_IUS-M12201.wav,male,-5,Leaky_NLMS,0.7395,1.714,8.60,-6.85
arena,techno,male_07_IUS-M12201.wav,male,-5,Soft_VAD_Leaky,0.7422,1.842,8.48,-5.48
arena,techno,male_08_IUS-M14201.wav,male,-5,Unprocessed,0.5492,1.499,0.00,0.00
arena,techno,male_08_IUS-M14201.wav,male,-5,FIR_BP,0.5400,1.412,3.33,-6.88
arena,techno,male_08_IUS-M14201.wav,male,-5,Parametric_Notch,0.5522,1.524,0.79,-0.65
arena,techno,male_08_IUS-M14201.wav,male,-5,Base_NLMS,0.6185,1.394,9.08,-8.76
arena,techno,male_08_IUS-M14201.wav,male,-5,Leaky_NLMS,0.5713,1.518,9.09,-6.99
arena,techno,male_08_IUS-M14201.wav,male,-5,Soft_VAD_Leaky,0.5718,1.559,8.88,-6.20
arena,techno,male_09_IUS-M16201.wav,male,-5,Unprocessed,0.6124,1.495,0.00,0.00
arena,techno,male_09_IUS-M16201.wav,male,-5,FIR_BP,0.5984,1.365,3.66,-7.35
arena,techno,male_09_IUS-M16201.wav,male,-5,Parametric_Notch,0.6100,1.521,0.75,-0.66
arena,techno,male_09_IUS-M16201.wav,male,-5,Base_NLMS,0.6677,1.453,8.90,-8.66
arena,techno,male_09_IUS-M16201.wav,male,-5,Leaky_NLMS,0.6336,1.568,8.61,-6.96
arena,techno,male_09_IUS-M16201.wav,male,-5,Soft_VAD_Leaky,0.6368,1.638,8.97,-6.03
arena,techno,male_10_IUS-M18201.wav,male,-5,Unprocessed,0.7054,1.500,0.00,0.00
arena,techno,male_10_IUS-M18201.wav,male,-5,FIR_BP,0.6849,1.391,3.37,-6.70
arena,techno,male_10_IUS-M18201.wav,male,-5,Parametric_Notch,0.7067,1.533,0.77,-0.62
arena,techno,male_10_IUS-M18201.wav,male,-5,Base_NLMS,0.7326,1.484,8.91,-8.69
arena,techno,male_10_IUS-M18201.wav,male,-5,Leaky_NLMS,0.7206,1.608,8.63,-6.79
arena,techno,male_10_IUS-M18201.wav,male,-5,Soft_VAD_Leaky,0.7182,1.673,8.62,-5.84
arena,techno,female_01_IUS-F00202.wav,female,-5,Unprocessed,0.5432,1.414,0.00,0.00
arena,techno,female_01_IUS-F00202.wav,female,-5,FIR_BP,0.5368,1.345,4.21,-7.81
arena,techno,female_01_IUS-F00202.wav,female,-5,Parametric_Notch,0.5425,1.453,0.80,-0.68
arena,techno,female_01_IUS-F00202.wav,female,-5,Base_NLMS,0.5823,1.432,8.62,-9.70
arena,techno,female_01_IUS-F00202.wav,female,-5,Leaky_NLMS,0.5537,1.600,8.60,-7.47
arena,techno,female_01_IUS-F00202.wav,female,-5,Soft_VAD_Leaky,0.5560,1.680,8.68,-6.49
arena,techno,female_02_IUS-F02202.wav,female,-5,Unprocessed,0.6138,1.492,0.00,0.00
arena,techno,female_02_IUS-F02202.wav,female,-5,FIR_BP,0.5911,1.276,4.30,-8.17
arena,techno,female_02_IUS-F02202.wav,female,-5,Parametric_Notch,0.6193,1.519,0.78,-0.64
arena,techno,female_02_IUS-F02202.wav,female,-5,Base_NLMS,0.6291,1.385,7.92,-9.26
arena,techno,female_02_IUS-F02202.wav,female,-5,Leaky_NLMS,0.6316,1.483,7.96,-7.40
arena,techno,female_02_IUS-F02202.wav,female,-5,Soft_VAD_Leaky,0.6344,1.542,8.23,-6.40
arena,techno,female_03_IUS-F04202.wav,female,-5,Unprocessed,0.7077,1.507,0.00,0.00
arena,techno,female_03_IUS-F04202.wav,female,-5,FIR_BP,0.6840,1.305,2.98,-7.58
arena,techno,female_03_IUS-F04202.wav,female,-5,Parametric_Notch,0.7095,1.549,0.81,-0.67
arena,techno,female_03_IUS-F04202.wav,female,-5,Base_NLMS,0.7168,1.427,7.75,-8.45
arena,techno,female_03_IUS-F04202.wav,female,-5,Leaky_NLMS,0.7163,1.569,8.05,-6.77
arena,techno,female_03_IUS-F04202.wav,female,-5,Soft_VAD_Leaky,0.7198,1.658,8.12,-5.86
arena,techno,female_04_IUS-F06202.wav,female,-5,Unprocessed,0.7181,1.508,0.00,0.00
arena,techno,female_04_IUS-F06202.wav,female,-5,FIR_BP,0.6912,1.268,3.70,-8.73
arena,techno,female_04_IUS-F06202.wav,female,-5,Parametric_Notch,0.7176,1.539,0.73,-0.61
arena,techno,female_04_IUS-F06202.wav,female,-5,Base_NLMS,0.7363,1.457,7.99,-8.65
arena,techno,female_04_IUS-F06202.wav,female,-5,Leaky_NLMS,0.7306,1.556,7.93,-6.86
arena,techno,female_04_IUS-F06202.wav,female,-5,Soft_VAD_Leaky,0.7358,1.626,8.11,-6.09
arena,techno,female_05_IUS-F08202.wav,female,-5,Unprocessed,0.7170,1.474,0.00,0.00
arena,techno,female_05_IUS-F08202.wav,female,-5,FIR_BP,0.7007,1.377,3.49,-6.94
arena,techno,female_05_IUS-F08202.wav,female,-5,Parametric_Notch,0.7240,1.513,0.85,-0.69
arena,techno,female_05_IUS-F08202.wav,female,-5,Base_NLMS,0.7624,1.474,8.74,-7.91
arena,techno,female_05_IUS-F08202.wav,female,-5,Leaky_NLMS,0.7261,1.546,8.61,-6.63
arena,techno,female_05_IUS-F08202.wav,female,-5,Soft_VAD_Leaky,0.7270,1.623,8.67,-5.73
arena,techno,female_06_IUS-F10202.wav,female,-5,Unprocessed,0.7241,1.493,0.00,0.00
arena,techno,female_06_IUS-F10202.wav,female,-5,FIR_BP,0.7147,1.337,2.53,-7.14
arena,techno,female_06_IUS-F10202.wav,female,-5,Parametric_Notch,0.7274,1.532,0.78,-0.62
arena,techno,female_06_IUS-F10202.wav,female,-5,Base_NLMS,0.7479,1.439,7.81,-8.27
arena,techno,female_06_IUS-F10202.wav,female,-5,Leaky_NLMS,0.7460,1.622,8.61,-6.52
arena,techno,female_06_IUS-F10202.wav,female,-5,Soft_VAD_Leaky,0.7455,1.728,8.33,-5.40
arena,techno,female_07_IUS-F12202.wav,female,-5,Unprocessed,0.6173,1.447,-0.00,0.00
arena,techno,female_07_IUS-F12202.wav,female,-5,FIR_BP,0.5887,1.328,3.44,-7.40
arena,techno,female_07_IUS-F12202.wav,female,-5,Parametric_Notch,0.6202,1.481,0.82,-0.67
arena,techno,female_07_IUS-F12202.wav,female,-5,Base_NLMS,0.6457,1.376,7.51,-9.07
arena,techno,female_07_IUS-F12202.wav,female,-5,Leaky_NLMS,0.6210,1.460,8.19,-7.36
arena,techno,female_07_IUS-F12202.wav,female,-5,Soft_VAD_Leaky,0.6232,1.591,8.61,-5.87
arena,techno,female_08_IUS-F14202.wav,female,-5,Unprocessed,0.6909,1.428,0.00,0.00
arena,techno,female_08_IUS-F14202.wav,female,-5,FIR_BP,0.6557,1.371,3.00,-7.11
arena,techno,female_08_IUS-F14202.wav,female,-5,Parametric_Notch,0.6932,1.458,0.78,-0.64
arena,techno,female_08_IUS-F14202.wav,female,-5,Base_NLMS,0.7620,1.492,10.41,-8.12
arena,techno,female_08_IUS-F14202.wav,female,-5,Leaky_NLMS,0.7054,1.534,9.22,-6.74
arena,techno,female_08_IUS-F14202.wav,female,-5,Soft_VAD_Leaky,0.7090,1.602,9.20,-6.11
arena,techno,female_09_IUS-F16202.wav,female,-5,Unprocessed,0.7011,1.449,0.00,0.00
arena,techno,female_09_IUS-F16202.wav,female,-5,FIR_BP,0.6762,1.328,5.28,-7.56
arena,techno,female_09_IUS-F16202.wav,female,-5,Parametric_Notch,0.6974,1.478,0.79,-0.70
arena,techno,female_09_IUS-F16202.wav,female,-5,Base_NLMS,0.7534,1.459,8.75,-8.24
arena,techno,female_09_IUS-F16202.wav,female,-5,Leaky_NLMS,0.7108,1.514,8.58,-6.93
arena,techno,female_09_IUS-F16202.wav,female,-5,Soft_VAD_Leaky,0.7124,1.561,8.41,-6.05
arena,techno,female_10_IUS-F18202.wav,female,-5,Unprocessed,0.7337,1.515,0.00,0.00
arena,techno,female_10_IUS-F18202.wav,female,-5,FIR_BP,0.7150,1.359,2.37,-6.97
arena,techno,female_10_IUS-F18202.wav,female,-5,Parametric_Notch,0.7355,1.553,0.73,-0.64
arena,techno,female_10_IUS-F18202.wav,female,-5,Base_NLMS,0.7372,1.528,9.22,-8.07
arena,techno,female_10_IUS-F18202.wav,female,-5,Leaky_NLMS,0.7411,1.636,8.86,-6.64
arena,techno,female_10_IUS-F18202.wav,female,-5,Soft_VAD_Leaky,0.7404,1.692,8.63,-5.77
arena,techno,male_01_IUS-M00201.wav,male,0,Unprocessed,0.8510,1.961,-0.00,0.00
arena,techno,male_01_IUS-M00201.wav,male,0,FIR_BP,0.8135,1.465,-0.85,-4.90
arena,techno,male_01_IUS-M00201.wav,male,0,Parametric_Notch,0.8444,1.976,0.59,-0.50
arena,techno,male_01_IUS-M00201.wav,male,0,Base_NLMS,0.7704,1.465,3.06,-8.00
arena,techno,male_01_IUS-M00201.wav,male,0,Leaky_NLMS,0.8352,1.767,4.86,-6.05
arena,techno,male_01_IUS-M00201.wav,male,0,Soft_VAD_Leaky,0.8520,1.979,6.39,-4.72
arena,techno,male_02_IUS-M02201.wav,male,0,Unprocessed,0.7854,1.944,-0.00,0.00
arena,techno,male_02_IUS-M02201.wav,male,0,FIR_BP,0.7543,1.397,-1.29,-5.64
arena,techno,male_02_IUS-M02201.wav,male,0,Parametric_Notch,0.7843,1.944,0.60,-0.52
arena,techno,male_02_IUS-M02201.wav,male,0,Base_NLMS,0.7203,1.490,3.24,-7.21
arena,techno,male_02_IUS-M02201.wav,male,0,Leaky_NLMS,0.7746,1.693,4.81,-5.67
arena,techno,male_02_IUS-M02201.wav,male,0,Soft_VAD_Leaky,0.7782,1.823,5.73,-4.53
arena,techno,male_03_IUS-M04201.wav,male,0,Unprocessed,0.8313,2.056,0.00,0.00
arena,techno,male_03_IUS-M04201.wav,male,0,FIR_BP,0.7891,1.433,-1.33,-5.24
arena,techno,male_03_IUS-M04201.wav,male,0,Parametric_Notch,0.8306,2.106,0.64,-0.45
arena,techno,male_03_IUS-M04201.wav,male,0,Base_NLMS,0.7569,1.431,1.94,-7.82
arena,techno,male_03_IUS-M04201.wav,male,0,Leaky_NLMS,0.8241,1.640,3.46,-6.03
arena,techno,male_03_IUS-M04201.wav,male,0,Soft_VAD_Leaky,0.8327,1.837,4.47,-4.51
arena,techno,male_04_IUS-M06201.wav,male,0,Unprocessed,0.8702,2.007,0.00,0.00
arena,techno,male_04_IUS-M06201.wav,male,0,FIR_BP,0.8304,1.383,-0.92,-6.14
arena,techno,male_04_IUS-M06201.wav,male,0,Parametric_Notch,0.8660,1.988,0.51,-0.52
arena,techno,male_04_IUS-M06201.wav,male,0,Base_NLMS,0.8245,1.557,3.09,-7.06
arena,techno,male_04_IUS-M06201.wav,male,0,Leaky_NLMS,0.8653,1.794,4.32,-5.58
arena,techno,male_04_IUS-M06201.wav,male,0,Soft_VAD_Leaky,0.8708,1.929,5.08,-4.64
arena,techno,male_05_IUS-M08201.wav,male,0,Unprocessed,0.7872,1.871,0.00,0.00
arena,techno,male_05_IUS-M08201.wav,male,0,FIR_BP,0.7637,1.501,-1.13,-4.07
arena,techno,male_05_IUS-M08201.wav,male,0,Parametric_Notch,0.7874,1.914,0.67,-0.47
arena,techno,male_05_IUS-M08201.wav,male,0,Base_NLMS,0.7799,1.547,3.72,-6.99
arena,techno,male_05_IUS-M08201.wav,male,0,Leaky_NLMS,0.8103,1.827,5.48,-5.22
arena,techno,male_05_IUS-M08201.wav,male,0,Soft_VAD_Leaky,0.8119,2.030,7.59,-3.57
arena,techno,male_06_IUS-M10201.wav,male,0,Unprocessed,0.8262,1.988,0.00,0.00
arena,techno,male_06_IUS-M10201.wav,male,0,FIR_BP,0.7967,1.495,-2.10,-3.79
arena,techno,male_06_IUS-M10201.wav,male,0,Parametric_Notch,0.8225,2.006,0.65,-0.46
arena,techno,male_06_IUS-M10201.wav,male,0,Base_NLMS,0.7924,1.558,3.08,-6.45
arena,techno,male_06_IUS-M10201.wav,male,0,Leaky_NLMS,0.8278,1.886,5.45,-4.75
arena,techno,male_06_IUS-M10201.wav,male,0,Soft_VAD_Leaky,0.8342,2.159,6.92,-3.19
arena,techno,male_07_IUS-M12201.wav,male,0,Unprocessed,0.8358,1.983,0.00,0.00
arena,techno,male_07_IUS-M12201.wav,male,0,FIR_BP,0.7997,1.457,-1.08,-4.17
arena,techno,male_07_IUS-M12201.wav,male,0,Parametric_Notch,0.8357,2.016,0.63,-0.48
arena,techno,male_07_IUS-M12201.wav,male,0,Base_NLMS,0.7966,1.601,3.23,-6.51
arena,techno,male_07_IUS-M12201.wav,male,0,Leaky_NLMS,0.8316,1.897,4.87,-5.26
arena,techno,male_07_IUS-M12201.wav,male,0,Soft_VAD_Leaky,0.8454,2.276,7.16,-3.17
arena,techno,male_08_IUS-M14201.wav,male,0,Unprocessed,0.6815,1.848,0.00,0.00
arena,techno,male_08_IUS-M14201.wav,male,0,FIR_BP,0.6626,1.515,-1.33,-4.04
arena,techno,male_08_IUS-M14201.wav,male,0,Parametric_Notch,0.6854,1.882,0.76,-0.46
arena,techno,male_08_IUS-M14201.wav,male,0,Base_NLMS,0.6633,1.424,3.68,-7.22
arena,techno,male_08_IUS-M14201.wav,male,0,Leaky_NLMS,0.6921,1.654,5.55,-5.67
arena,techno,male_08_IUS-M14201.wav,male,0,Soft_VAD_Leaky,0.7010,1.834,7.04,-4.23
arena,techno,male_09_IUS-M16201.wav,male,0,Unprocessed,0.7381,1.861,0.00,0.00
arena,techno,male_09_IUS-M16201.wav,male,0,FIR_BP,0.7121,1.433,-0.95,-4.64
arena,techno,male_09_IUS-M16201.wav,male,0,Parametric_Notch,0.7306,1.882,0.66,-0.50
arena,techno,male_09_IUS-M16201.wav,male,0,Base_NLMS,0.7002,1.521,3.85,-6.66
arena,techno,male_09_IUS-M16201.wav,male,0,Leaky_NLMS,0.7398,1.748,5.34,-5.39
arena,techno,male_09_IUS-M16201.wav,male,0,Soft_VAD_Leaky,0.7509,1.984,7.57,-3.78
arena,techno,male_10_IUS-M18201.wav,male,0,Unprocessed,0.8241,1.898,0.00,0.00
arena,techno,male_10_IUS-M18201.wav,male,0,FIR_BP,0.7886,1.466,-1.22,-3.90
arena,techno,male_10_IUS-M18201.wav,male,0,Parametric_Notch,0.8240,1.942,0.72,-0.45
arena,techno,male_10_IUS-M18201.wav,male,0,Base_NLMS,0.7693,1.555,3.78,-6.77
arena,techno,male_10_IUS-M18201.wav,male,0,Leaky_NLMS,0.8188,1.799,5.14,-5.21
arena,techno,male_10_IUS-M18201.wav,male,0,Soft_VAD_Leaky,0.8242,1.999,6.76,-3.74
arena,techno,female_01_IUS-F00202.wav,female,0,Unprocessed,0.6396,1.781,0.00,0.00
arena,techno,female_01_IUS-F00202.wav,female,0,FIR_BP,0.6231,1.397,-0.32,-5.09
arena,techno,female_01_IUS-F00202.wav,female,0,Parametric_Notch,0.6395,1.862,0.76,-0.51
arena,techno,female_01_IUS-F00202.wav,female,0,Base_NLMS,0.6008,1.434,3.73,-8.06
arena,techno,female_01_IUS-F00202.wav,female,0,Leaky_NLMS,0.6289,1.732,5.47,-6.24
arena,techno,female_01_IUS-F00202.wav,female,0,Soft_VAD_Leaky,0.6418,2.033,7.25,-4.29
arena,techno,female_02_IUS-F02202.wav,female,0,Unprocessed,0.7439,1.860,-0.00,0.00
arena,techno,female_02_IUS-F02202.wav,female,0,FIR_BP,0.7116,1.331,-0.29,-5.72
arena,techno,female_02_IUS-F02202.wav,female,0,Parametric_Notch,0.7476,1.901,0.72,-0.43
arena,techno,female_02_IUS-F02202.wav,female,0,Base_NLMS,0.6814,1.415,2.78,-7.76
arena,techno,female_02_IUS-F02202.wav,female,0,Leaky_NLMS,0.7307,1.578,4.29,-6.27
arena,techno,female_02_IUS-F02202.wav,female,0,Soft_VAD_Leaky,0.7435,1.754,5.69,-4.67
arena,techno,female_03_IUS-F04202.wav,female,0,Unprocessed,0.8223,1.946,-0.00,0.00
arena,techno,female_03_IUS-F04202.wav,female,0,FIR_BP,0.7915,1.353,-1.69,-5.08
arena,techno,female_03_IUS-F04202.wav,female,0,Parametric_Notch,0.8254,2.018,0.75,-0.46
arena,techno,female_03_IUS-F04202.wav,female,0,Base_NLMS,0.7393,1.436,2.58,-6.85
arena,techno,female_03_IUS-F04202.wav,female,0,Leaky_NLMS,0.7957,1.683,4.64,-5.44
arena,techno,female_03_IUS-F04202.wav,female,0,Soft_VAD_Leaky,0.8152,1.970,6.30,-3.81
arena,techno,female_04_IUS-F06202.wav,female,0,Unprocessed,0.8461,1.933,0.00,0.00
arena,techno,female_04_IUS-F06202.wav,female,0,FIR_BP,0.8001,1.320,-0.87,-6.46
arena,techno,female_04_IUS-F06202.wav,female,0,Parametric_Notch,0.8447,1.985,0.64,-0.44
arena,techno,female_04_IUS-F06202.wav,female,0,Base_NLMS,0.7805,1.484,2.81,-6.91
arena,techno,female_04_IUS-F06202.wav,female,0,Leaky_NLMS,0.8228,1.681,4.42,-5.51
arena,techno,female_04_IUS-F06202.wav,female,0,Soft_VAD_Leaky,0.8328,1.828,5.41,-4.43
arena,techno,female_05_IUS-F08202.wav,female,0,Unprocessed,0.8214,1.849,0.00,0.00
arena,techno,female_05_IUS-F08202.wav,female,0,FIR_BP,0.8013,1.453,-1.14,-4.23
arena,techno,female_05_IUS-F08202.wav,female,0,Parametric_Notch,0.8285,1.913,0.81,-0.48
arena,techno,female_05_IUS-F08202.wav,female,0,Base_NLMS,0.7847,1.502,3.84,-6.10
arena,techno,female_05_IUS-F08202.wav,female,0,Leaky_NLMS,0.8111,1.690,5.42,-5.17
arena,techno,female_05_IUS-F08202.wav,female,0,Soft_VAD_Leaky,0.8223,1.945,7.13,-3.63
arena,techno,female_06_IUS-F10202.wav,female,0,Unprocessed,0.8426,1.944,-0.00,0.00
arena,techno,female_06_IUS-F10202.wav,female,0,FIR_BP,0.8222,1.389,-2.16,-4.51
arena,techno,female_06_IUS-F10202.wav,female,0,Parametric_Notch,0.8460,2.011,0.74,-0.42
arena,techno,female_06_IUS-F10202.wav,female,0,Base_NLMS,0.7711,1.460,2.59,-6.83
arena,techno,female_06_IUS-F10202.wav,female,0,Leaky_NLMS,0.8373,1.763,5.23,-5.13
arena,techno,female_06_IUS-F10202.wav,female,0,Soft_VAD_Leaky,0.8492,2.066,6.75,-3.30
arena,techno,female_07_IUS-F12202.wav,female,0,Unprocessed,0.7439,1.808,0.00,0.00
arena,techno,female_07_IUS-F12202.wav,female,0,FIR_BP,0.7122,1.397,-1.20,-4.69
arena,techno,female_07_IUS-F12202.wav,female,0,Parametric_Notch,0.7455,1.864,0.79,-0.47
arena,techno,female_07_IUS-F12202.wav,female,0,Base_NLMS,0.6714,1.393,2.73,-7.51
arena,techno,female_07_IUS-F12202.wav,female,0,Leaky_NLMS,0.7207,1.547,4.52,-6.21
arena,techno,female_07_IUS-F12202.wav,female,0,Soft_VAD_Leaky,0.7385,1.905,7.35,-3.70
arena,techno,female_08_IUS-F14202.wav,female,0,Unprocessed,0.8204,1.770,0.00,0.00
arena,techno,female_08_IUS-F14202.wav,female,0,FIR_BP,0.7752,1.447,-1.64,-4.27
arena,techno,female_08_IUS-F14202.wav,female,0,Parametric_Notch,0.8225,1.823,0.75,-0.46
arena,techno,female_08_IUS-F14202.wav,female,0,Base_NLMS,0.8093,1.543,5.81,-5.97
arena,techno,female_08_IUS-F14202.wav,female,0,Leaky_NLMS,0.8256,1.732,6.97,-4.88
arena,techno,female_08_IUS-F14202.wav,female,0,Soft_VAD_Leaky,0.8317,1.937,8.04,-3.84
arena,techno,female_09_IUS-F16202.wav,female,0,Unprocessed,0.8015,1.783,0.00,0.00
arena,techno,female_09_IUS-F16202.wav,female,0,FIR_BP,0.7694,1.404,0.87,-4.86
arena,techno,female_09_IUS-F16202.wav,female,0,Parametric_Notch,0.7995,1.830,0.69,-0.53
arena,techno,female_09_IUS-F16202.wav,female,0,Base_NLMS,0.7835,1.522,4.01,-6.34
arena,techno,female_09_IUS-F16202.wav,female,0,Leaky_NLMS,0.7957,1.677,5.35,-5.41
arena,techno,female_09_IUS-F16202.wav,female,0,Soft_VAD_Leaky,0.8025,1.826,6.44,-4.03
arena,techno,female_10_IUS-F18202.wav,female,0,Unprocessed,0.8517,1.924,0.00,0.00
arena,techno,female_10_IUS-F18202.wav,female,0,FIR_BP,0.8194,1.419,-2.33,-4.21
arena,techno,female_10_IUS-F18202.wav,female,0,Parametric_Notch,0.8551,1.988,0.65,-0.42
arena,techno,female_10_IUS-F18202.wav,female,0,Base_NLMS,0.7677,1.570,3.83,-6.03
arena,techno,female_10_IUS-F18202.wav,female,0,Leaky_NLMS,0.8392,1.824,5.55,-5.01
arena,techno,female_10_IUS-F18202.wav,female,0,Soft_VAD_Leaky,0.8490,2.021,6.90,-3.58
arena,techno,male_01_IUS-M00201.wav,male,5,Unprocessed,0.9338,2.716,0.00,0.00
arena,techno,male_01_IUS-M00201.wav,male,5,FIR_BP,0.8862,1.505,-5.69,-2.55
arena,techno,male_01_IUS-M00201.wav,male,5,Parametric_Notch,0.9204,2.550,0.24,-0.34
arena,techno,male_01_IUS-M00201.wav,male,5,Base_NLMS,0.7803,1.459,-2.38,-7.47
arena,techno,male_01_IUS-M00201.wav,male,5,Leaky_NLMS,0.8775,1.771,-0.41,-5.70
arena,techno,male_01_IUS-M00201.wav,male,5,Soft_VAD_Leaky,0.9155,2.220,2.36,-3.54
arena,techno,male_02_IUS-M02201.wav,male,5,Unprocessed,0.8837,2.653,0.00,0.00
arena,techno,male_02_IUS-M02201.wav,male,5,FIR_BP,0.8384,1.447,-6.14,-3.90
arena,techno,male_02_IUS-M02201.wav,male,5,Parametric_Notch,0.8810,2.530,0.19,-0.36
arena,techno,male_02_IUS-M02201.wav,male,5,Base_NLMS,0.7399,1.460,-2.45,-6.86
arena,techno,male_02_IUS-M02201.wav,male,5,Leaky_NLMS,0.8419,1.723,-0.54,-5.38
arena,techno,male_02_IUS-M02201.wav,male,5,Soft_VAD_Leaky,0.8600,1.992,1.17,-3.64
arena,techno,male_03_IUS-M04201.wav,male,5,Unprocessed,0.9187,2.785,0.00,0.00
arena,techno,male_03_IUS-M04201.wav,male,5,FIR_BP,0.8612,1.485,-6.17,-3.62
arena,techno,male_03_IUS-M04201.wav,male,5,Parametric_Notch,0.9163,2.795,0.35,-0.28
arena,techno,male_03_IUS-M04201.wav,male,5,Base_NLMS,0.7612,1.423,-3.36,-7.30
arena,techno,male_03_IUS-M04201.wav,male,5,Leaky_NLMS,0.8731,1.695,-1.59,-5.65
arena,techno,male_03_IUS-M04201.wav,male,5,Soft_VAD_Leaky,0.8942,2.046,0.28,-3.47
arena,techno,male_04_IUS-M06201.wav,male,5,Unprocessed,0.9467,2.784,0.00,0.00
arena,techno,male_04_IUS-M06201.wav,male,5,FIR_BP,0.8905,1.428,-5.84,-4.10
arena,techno,male_04_IUS-M06201.wav,male,5,Parametric_Notch,0.9411,2.585,0.01,-0.38
arena,techno,male_04_IUS-M06201.wav,male,5,Base_NLMS,0.8321,1.540,-2.39,-6.34
arena,techno,male_04_IUS-M06201.wav,male,5,Leaky_NLMS,0.9089,1.854,-0.67,-4.94
arena,techno,male_04_IUS-M06201.wav,male,5,Soft_VAD_Leaky,0.9300,2.164,1.07,-3.17
arena,techno,male_05_IUS-M08201.wav,male,5,Unprocessed,0.8897,2.535,0.00,0.00
arena,techno,male_05_IUS-M08201.wav,male,5,FIR_BP,0.8466,1.550,-6.00,-1.78
arena,techno,male_05_IUS-M08201.wav,male,5,Parametric_Notch,0.8837,2.497,0.46,-0.29
arena,techno,male_05_IUS-M08201.wav,male,5,Base_NLMS,0.8012,1.584,-1.81,-6.15
arena,techno,male_05_IUS-M08201.wav,male,5,Leaky_NLMS,0.8835,1.990,0.41,-4.57
arena,techno,male_05_IUS-M08201.wav,male,5,Soft_VAD_Leaky,0.9003,2.534,5.38,-2.02
arena,techno,male_06_IUS-M10201.wav,male,5,Unprocessed,0.9174,2.750,0.00,0.00
arena,techno,male_06_IUS-M10201.wav,male,5,FIR_BP,0.8658,1.531,-6.96,-1.64
arena,techno,male_06_IUS-M10201.wav,male,5,Parametric_Notch,0.9082,2.611,0.36,-0.29
arena,techno,male_06_IUS-M10201.wav,male,5,Base_NLMS,0.8184,1.562,-2.37,-5.67
arena,techno,male_06_IUS-M10201.wav,male,5,Leaky_NLMS,0.8952,1.997,0.18,-4.20
arena,techno,male_06_IUS-M10201.wav,male,5,Soft_VAD_Leaky,0.9115,2.624,4.59,-1.86
arena,techno,male_07_IUS-M12201.wav,male,5,Unprocessed,0.9193,2.783,-0.00,0.00
arena,techno,male_07_IUS-M12201.wav,male,5,FIR_BP,0.8658,1.482,-5.96,-1.58
arena,techno,male_07_IUS-M12201.wav,male,5,Parametric_Notch,0.9110,2.605,0.32,-0.31
arena,techno,male_07_IUS-M12201.wav,male,5,Base_NLMS,0.8105,1.596,-2.17,-5.55
arena,techno,male_07_IUS-M12201.wav,male,5,Leaky_NLMS,0.8811,1.923,-0.30,-4.52
arena,techno,male_07_IUS-M12201.wav,male,5,Soft_VAD_Leaky,0.9109,2.581,4.55,-1.77
arena,techno,male_08_IUS-M14201.wav,male,5,Unprocessed,0.8069,2.443,0.00,0.00
arena,techno,male_08_IUS-M14201.wav,male,5,FIR_BP,0.7742,1.590,-6.23,-1.81
arena,techno,male_08_IUS-M14201.wav,male,5,Parametric_Notch,0.8092,2.462,0.64,-0.26
arena,techno,male_08_IUS-M14201.wav,male,5,Base_NLMS,0.6918,1.412,-2.09,-6.98
arena,techno,male_08_IUS-M14201.wav,male,5,Leaky_NLMS,0.7876,1.716,-0.09,-5.50
arena,techno,male_08_IUS-M14201.wav,male,5,Soft_VAD_Leaky,0.8132,2.319,4.53,-2.53
arena,techno,male_09_IUS-M16201.wav,male,5,Unprocessed,0.8508,2.521,0.00,0.00
arena,techno,male_09_IUS-M16201.wav,male,5,FIR_BP,0.8003,1.478,-5.82,-2.28
arena,techno,male_09_IUS-M16201.wav,male,5,Parametric_Notch,0.8380,2.428,0.37,-0.29
arena,techno,male_09_IUS-M16201.wav,male,5,Base_NLMS,0.7273,1.521,-1.78,-5.84
arena,techno,male_09_IUS-M16201.wav,male,5,Leaky_NLMS,0.8178,1.840,0.21,-4.67
arena,techno,male_09_IUS-M16201.wav,male,5,Soft_VAD_Leaky,0.8460,2.406,4.81,-2.15
arena,techno,male_10_IUS-M18201.wav,male,5,Unprocessed,0.9071,2.589,0.00,0.00
arena,techno,male_10_IUS-M18201.wav,male,5,FIR_BP,0.8575,1.515,-6.08,-1.54
arena,techno,male_10_IUS-M18201.wav,male,5,Parametric_Notch,0.9056,2.577,0.55,-0.26
arena,techno,male_10_IUS-M18201.wav,male,5,Base_NLMS,0.7985,1.562,-1.83,-6.04
arena,techno,male_10_IUS-M18201.wav,male,5,Leaky_NLMS,0.8729,1.894,0.02,-4.54
arena,techno,male_10_IUS-M18201.wav,male,5,Soft_VAD_Leaky,0.8911,2.341,3.63,-2.38
arena,techno,female_01_IUS-F00202.wav,female,5,Unprocessed,0.7108,2.521,0.00,0.00
arena,techno,female_01_IUS-F00202.wav,female,5,FIR_BP,0.6793,1.429,-5.15,-2.46
arena,techno,female_01_IUS-F00202.wav,female,5,Parametric_Notch,0.7097,2.627,0.63,-0.31
arena,techno,female_01_IUS-F00202.wav,female,5,Base_NLMS,0.6048,1.394,-1.74,-7.50
arena,techno,female_01_IUS-F00202.wav,female,5,Leaky_NLMS,0.6614,1.713,0.32,-6.00
arena,techno,female_01_IUS-F00202.wav,female,5,Soft_VAD_Leaky,0.7022,2.456,4.87,-2.75
arena,techno,female_02_IUS-F02202.wav,female,5,Unprocessed,0.8408,2.489,0.00,0.00
arena,techno,female_02_IUS-F02202.wav,female,5,FIR_BP,0.8043,1.371,-5.16,-3.16
arena,techno,female_02_IUS-F02202.wav,female,5,Parametric_Notch,0.8425,2.521,0.52,-0.27
arena,techno,female_02_IUS-F02202.wav,female,5,Base_NLMS,0.7171,1.399,-2.55,-7.46
arena,techno,female_02_IUS-F02202.wav,female,5,Leaky_NLMS,0.7841,1.582,-0.93,-6.13
arena,techno,female_02_IUS-F02202.wav,female,5,Soft_VAD_Leaky,0.8178,2.002,2.86,-3.18
arena,techno,female_03_IUS-F04202.wav,female,5,Unprocessed,0.8994,2.710,0.00,0.00
arena,techno,female_03_IUS-F04202.wav,female,5,FIR_BP,0.8636,1.384,-6.58,-3.21
arena,techno,female_03_IUS-F04202.wav,female,5,Parametric_Notch,0.9023,2.780,0.59,-0.25
arena,techno,female_03_IUS-F04202.wav,female,5,Base_NLMS,0.7469,1.390,-2.94,-6.55
arena,techno,female_03_IUS-F04202.wav,female,5,Leaky_NLMS,0.8202,1.654,-0.76,-5.33
arena,techno,female_03_IUS-F04202.wav,female,5,Soft_VAD_Leaky,0.8738,2.277,3.13,-2.45
arena,techno,female_04_IUS-F06202.wav,female,5,Unprocessed,0.9249,2.664,-0.00,0.00
arena,techno,female_04_IUS-F06202.wav,female,5,FIR_BP,0.8702,1.360,-5.72,-4.45
arena,techno,female_04_IUS-F06202.wav,female,5,Parametric_Notch,0.9222,2.711,0.37,-0.26
arena,techno,female_04_IUS-F06202.wav,female,5,Base_NLMS,0.8030,1.433,-2.70,-6.42
arena,techno,female_04_IUS-F06202.wav,female,5,Leaky_NLMS,0.8548,1.651,-0.95,-5.21
arena,techno,female_04_IUS-F06202.wav,female,5,Soft_VAD_Leaky,0.8894,1.985,1.26,-3.32
arena,techno,female_05_IUS-F08202.wav,female,5,Unprocessed,0.8974,2.499,0.00,0.00
arena,techno,female_05_IUS-F08202.wav,female,5,FIR_BP,0.8659,1.503,-6.02,-2.13
arena,techno,female_05_IUS-F08202.wav,female,5,Parametric_Notch,0.9037,2.564,0.69,-0.26
arena,techno,female_05_IUS-F08202.wav,female,5,Base_NLMS,0.7764,1.466,-1.93,-5.76
arena,techno,female_05_IUS-F08202.wav,female,5,Leaky_NLMS,0.8471,1.736,0.08,-4.89
arena,techno,female_05_IUS-F08202.wav,female,5,Soft_VAD_Leaky,0.8868,2.393,4.50,-2.26
arena,techno,female_06_IUS-F10202.wav,female,5,Unprocessed,0.9273,2.725,0.00,0.00
arena,techno,female_06_IUS-F10202.wav,female,5,FIR_BP,0.8899,1.420,-7.06,-2.22
arena,techno,female_06_IUS-F10202.wav,female,5,Parametric_Notch,0.9291,2.784,0.60,-0.23
arena,techno,female_06_IUS-F10202.wav,female,5,Base_NLMS,0.7779,1.437,-2.84,-6.51
arena,techno,female_06_IUS-F10202.wav,female,5,Leaky_NLMS,0.8743,1.758,-0.14,-4.80
arena,techno,female_06_IUS-F10202.wav,female,5,Soft_VAD_Leaky,0.9053,2.284,3.72,-2.04
arena,techno,female_07_IUS-F12202.wav,female,5,Unprocessed,0.8486,2.456,-0.00,0.00
arena,techno,female_07_IUS-F12202.wav,female,5,FIR_BP,0.8090,1.445,-6.08,-1.64
arena,techno,female_07_IUS-F12202.wav,female,5,Parametric_Notch,0.8473,2.510,0.70,-0.25
arena,techno,female_07_IUS-F12202.wav,female,5,Base_NLMS,0.6939,1.373,-2.59,-7.20
arena,techno,female_07_IUS-F12202.wav,female,5,Leaky_NLMS,0.7860,1.562,-0.67,-6.06
arena,techno,female_07_IUS-F12202.wav,female,5,Soft_VAD_Leaky,0.8349,2.246,4.82,-2.08
arena,techno,female_08_IUS-F14202.wav,female,5,Unprocessed,0.9169,2.410,0.00,0.00
arena,techno,female_08_IUS-F14202.wav,female,5,FIR_BP,0.8636,1.500,-6.52,-1.93
arena,techno,female_08_IUS-F14202.wav,female,5,Parametric_Notch,0.9187,2.465,0.66,-0.26
arena,techno,female_08_IUS-F14202.wav,female,5,Base_NLMS,0.8216,1.509,-0.31,-5.39
arena,techno,female_08_IUS-F14202.wav,female,5,Leaky_NLMS,0.8971,1.848,1.97,-4.37
arena,techno,female_08_IUS-F14202.wav,female,5,Soft_VAD_Leaky,0.9212,2.422,5.82,-2.24
arena,techno,female_09_IUS-F16202.wav,female,5,Unprocessed,0.8794,2.374,0.00,0.00
arena,techno,female_09_IUS-F16202.wav,female,5,FIR_BP,0.8412,1.462,-3.94,-2.04
arena,techno,female_09_IUS-F16202.wav,female,5,Parametric_Notch,0.8791,2.423,0.39,-0.35
arena,techno,female_09_IUS-F16202.wav,female,5,Base_NLMS,0.7935,1.521,-1.48,-5.61
arena,techno,female_09_IUS-F16202.wav,female,5,Leaky_NLMS,0.8487,1.766,0.22,-4.82
arena,techno,female_09_IUS-F16202.wav,female,5,Soft_VAD_Leaky,0.8698,2.142,2.92,-2.65
arena,techno,female_10_IUS-F18202.wav,female,5,Unprocessed,0.9285,2.607,0.00,0.00
arena,techno,female_10_IUS-F18202.wav,female,5,FIR_BP,0.8836,1.456,-7.23,-2.09
arena,techno,female_10_IUS-F18202.wav,female,5,Parametric_Notch,0.9308,2.675,0.44,-0.24
arena,techno,female_10_IUS-F18202.wav,female,5,Base_NLMS,0.7893,1.549,-1.93,-5.47
arena,techno,female_10_IUS-F18202.wav,female,5,Leaky_NLMS,0.8779,1.864,0.16,-4.54
arena,techno,female_10_IUS-F18202.wav,female,5,Soft_VAD_Leaky,0.8996,2.234,3.71,-2.22
arena,techno,male_01_IUS-M00201.wav,male,10,Unprocessed,0.9769,3.546,0.00,0.00
arena,techno,male_01_IUS-M00201.wav,male,10,FIR_BP,0.9229,1.522,-10.00,-0.92
arena,techno,male_01_IUS-M00201.wav,male,10,Parametric_Notch,0.9593,2.980,-0.71,-0.24
arena,techno,male_01_IUS-M00201.wav,male,10,Base_NLMS,0.7733,1.419,-7.77,-7.84
arena,techno,male_01_IUS-M00201.wav,male,10,Leaky_NLMS,0.8784,1.689,-6.02,-6.24
arena,techno,male_01_IUS-M00201.wav,male,10,Soft_VAD_Leaky,0.9413,2.273,-2.49,-2.77
arena,techno,male_02_IUS-M02201.wav,male,10,Unprocessed,0.9501,3.438,0.00,0.00
arena,techno,male_02_IUS-M02201.wav,male,10,FIR_BP,0.8928,1.473,-10.00,-2.49
arena,techno,male_02_IUS-M02201.wav,male,10,Parametric_Notch,0.9455,3.076,-0.88,-0.26
arena,techno,male_02_IUS-M02201.wav,male,10,Base_NLMS,0.7503,1.410,-7.97,-7.24
arena,techno,male_02_IUS-M02201.wav,male,10,Leaky_NLMS,0.8726,1.672,-6.27,-5.93
arena,techno,male_02_IUS-M02201.wav,male,10,Soft_VAD_Leaky,0.8956,1.961,-3.56,-2.92
arena,techno,male_03_IUS-M04201.wav,male,10,Unprocessed,0.9666,3.540,0.00,0.00
arena,techno,male_03_IUS-M04201.wav,male,10,FIR_BP,0.8989,1.512,-10.00,-2.55
arena,techno,male_03_IUS-M04201.wav,male,10,Parametric_Notch,0.9637,3.468,-0.46,-0.18
arena,techno,male_03_IUS-M04201.wav,male,10,Base_NLMS,0.7612,1.393,-8.62,-7.53
arena,techno,male_03_IUS-M04201.wav,male,10,Leaky_NLMS,0.8809,1.677,-7.00,-6.01
arena,techno,male_03_IUS-M04201.wav,male,10,Soft_VAD_Leaky,0.9246,2.218,-3.94,-2.62
arena,techno,male_04_IUS-M06201.wav,male,10,Unprocessed,0.9821,3.591,0.00,0.00
arena,techno,male_04_IUS-M06201.wav,male,10,FIR_BP,0.9185,1.449,-10.00,-2.24
arena,techno,male_04_IUS-M06201.wav,male,10,Parametric_Notch,0.9754,3.097,-1.26,-0.30
arena,techno,male_04_IUS-M06201.wav,male,10,Base_NLMS,0.8227,1.497,-7.82,-6.51
arena,techno,male_04_IUS-M06201.wav,male,10,Leaky_NLMS,0.9083,1.804,-6.09,-5.12
arena,techno,male_04_IUS-M06201.wav,male,10,Soft_VAD_Leaky,0.9500,2.225,-3.61,-2.10
arena,techno,male_05_IUS-M08201.wav,male,10,Unprocessed,0.9521,3.317,0.00,0.00
arena,techno,male_05_IUS-M08201.wav,male,10,FIR_BP,0.8913,1.570,-10.00,0.23
arena,techno,male_05_IUS-M08201.wav,male,10,Parametric_Notch,0.9435,3.069,-0.15,-0.17
arena,techno,male_05_IUS-M08201.wav,male,10,Base_NLMS,0.8091,1.571,-7.28,-6.27
arena,techno,male_05_IUS-M08201.wav,male,10,Leaky_NLMS,0.9042,1.992,-5.20,-4.76
arena,techno,male_05_IUS-M08201.wav,male,10,Soft_VAD_Leaky,0.9465,3.018,2.17,-1.07
arena,techno,male_06_IUS-M10201.wav,male,10,Unprocessed,0.9699,3.530,0.00,0.00
arena,techno,male_06_IUS-M10201.wav,male,10,FIR_BP,0.9073,1.545,-10.00,-0.30
arena,techno,male_06_IUS-M10201.wav,male,10,Parametric_Notch,0.9587,3.089,-0.46,-0.19
arena,techno,male_06_IUS-M10201.wav,male,10,Base_NLMS,0.8346,1.532,-7.81,-5.76
arena,techno,male_06_IUS-M10201.wav,male,10,Leaky_NLMS,0.9224,1.955,-5.58,-4.41
arena,techno,male_06_IUS-M10201.wav,male,10,Soft_VAD_Leaky,0.9574,2.998,1.54,-1.05
arena,techno,male_07_IUS-M12201.wav,male,10,Unprocessed,0.9704,3.619,0.00,0.00
arena,techno,male_07_IUS-M12201.wav,male,10,FIR_BP,0.9041,1.490,-10.00,0.18
arena,techno,male_07_IUS-M12201.wav,male,10,Parametric_Notch,0.9571,2.988,-0.55,-0.21
arena,techno,male_07_IUS-M12201.wav,male,10,Base_NLMS,0.8124,1.546,-7.50,-5.40
arena,techno,male_07_IUS-M12201.wav,male,10,Leaky_NLMS,0.8971,1.848,-5.72,-4.35
arena,techno,male_07_IUS-M12201.wav,male,10,Soft_VAD_Leaky,0.9443,2.557,0.45,-0.64
arena,techno,male_08_IUS-M14201.wav,male,10,Unprocessed,0.9006,3.171,0.00,0.00
arena,techno,male_08_IUS-M14201.wav,male,10,FIR_BP,0.8543,1.626,-10.00,-0.12
arena,techno,male_08_IUS-M14201.wav,male,10,Parametric_Notch,0.9014,3.150,0.28,-0.14
arena,techno,male_08_IUS-M14201.wav,male,10,Base_NLMS,0.7154,1.389,-7.66,-7.59
arena,techno,male_08_IUS-M14201.wav,male,10,Leaky_NLMS,0.8516,1.707,-5.93,-6.11
arena,techno,male_08_IUS-M14201.wav,male,10,Soft_VAD_Leaky,0.8981,2.876,1.31,-1.62
arena,techno,male_09_IUS-M16201.wav,male,10,Unprocessed,0.9246,3.303,0.00,0.00
arena,techno,male_09_IUS-M16201.wav,male,10,FIR_BP,0.8580,1.499,-10.00,-0.70
arena,techno,male_09_IUS-M16201.wav,male,10,Parametric_Notch,0.9104,2.928,-0.45,-0.15
arena,techno,male_09_IUS-M16201.wav,male,10,Base_NLMS,0.7400,1.478,-7.28,-6.16
arena,techno,male_09_IUS-M16201.wav,male,10,Leaky_NLMS,0.8541,1.797,-5.44,-4.89
arena,techno,male_09_IUS-M16201.wav,male,10,Soft_VAD_Leaky,0.8988,2.466,-0.19,-1.44
arena,techno,male_10_IUS-M18201.wav,male,10,Unprocessed,0.9584,3.358,0.00,0.00
arena,techno,male_10_IUS-M18201.wav,male,10,FIR_BP,0.8999,1.538,-10.00,-0.23
arena,techno,male_10_IUS-M18201.wav,male,10,Parametric_Notch,0.9560,3.230,0.04,-0.15
arena,techno,male_10_IUS-M18201.wav,male,10,Base_NLMS,0.8187,1.522,-7.36,-6.22
arena,techno,male_10_IUS-M18201.wav,male,10,Leaky_NLMS,0.8976,1.878,-5.53,-4.54
arena,techno,male_10_IUS-M18201.wav,male,10,Soft_VAD_Leaky,0.9363,2.658,-0.05,-1.33
arena,techno,female_01_IUS-F00202.wav,female,10,Unprocessed,0.7598,3.408,0.00,0.00
arena,techno,female_01_IUS-F00202.wav,female,10,FIR_BP,0.7151,1.443,-10.00,0.18
arena,techno,female_01_IUS-F00202.wav,female,10,Parametric_Notch,0.7573,3.471,0.28,-0.17
arena,techno,female_01_IUS-F00202.wav,female,10,Base_NLMS,0.6058,1.341,-7.07,-7.64
arena,techno,female_01_IUS-F00202.wav,female,10,Leaky_NLMS,0.6639,1.598,-5.38,-6.55
arena,techno,female_01_IUS-F00202.wav,female,10,Soft_VAD_Leaky,0.7490,2.947,1.25,-1.11
arena,techno,female_02_IUS-F02202.wav,female,10,Unprocessed,0.9086,3.226,0.00,0.00
arena,techno,female_02_IUS-F02202.wav,female,10,FIR_BP,0.8660,1.392,-10.00,-1.54
arena,techno,female_02_IUS-F02202.wav,female,10,Parametric_Notch,0.9097,3.238,-0.04,-0.15
arena,techno,female_02_IUS-F02202.wav,female,10,Base_NLMS,0.7264,1.356,-7.83,-7.85
arena,techno,female_02_IUS-F02202.wav,female,10,Leaky_NLMS,0.8052,1.530,-6.46,-6.77
arena,techno,female_02_IUS-F02202.wav,female,10,Soft_VAD_Leaky,0.8644,2.075,-1.93,-2.88
arena,techno,female_03_IUS-F04202.wav,female,10,Unprocessed,0.9464,3.522,0.00,0.00
arena,techno,female_03_IUS-F04202.wav,female,10,FIR_BP,0.9043,1.399,-10.00,-1.77
arena,techno,female_03_IUS-F04202.wav,female,10,Parametric_Notch,0.9484,3.557,0.12,-0.13
arena,techno,female_03_IUS-F04202.wav,female,10,Base_NLMS,0.7424,1.332,-8.33,-6.99
arena,techno,female_03_IUS-F04202.wav,female,10,Leaky_NLMS,0.8123,1.545,-6.65,-6.02
arena,techno,female_03_IUS-F04202.wav,female,10,Soft_VAD_Leaky,0.8978,2.226,-1.60,-2.00
arena,techno,female_04_IUS-F06202.wav,female,10,Unprocessed,0.9649,3.457,0.00,0.00
arena,techno,female_04_IUS-F06202.wav,female,10,FIR_BP,0.9074,1.381,-10.00,-2.46
arena,techno,female_04_IUS-F06202.wav,female,10,Parametric_Notch,0.9611,3.464,-0.36,-0.13
arena,techno,female_04_IUS-F06202.wav,female,10,Base_NLMS,0.7929,1.362,-8.06,-6.50
arena,techno,female_04_IUS-F06202.wav,female,10,Leaky_NLMS,0.8467,1.535,-6.69,-5.72
arena,techno,female_04_IUS-F06202.wav,female,10,Soft_VAD_Leaky,0.9073,1.947,-3.60,-2.68
arena,techno,female_05_IUS-F08202.wav,female,10,Unprocessed,0.9489,3.267,0.00,0.00
arena,techno,female_05_IUS-F08202.wav,female,10,FIR_BP,0.9031,1.527,-10.00,-0.52
arena,techno,female_05_IUS-F08202.wav,female,10,Parametric_Notch,0.9529,3.307,0.33,-0.13
arena,techno,female_05_IUS-F08202.wav,female,10,Base_NLMS,0.7659,1.409,-7.59,-6.23
arena,techno,female_05_IUS-F08202.wav,female,10,Leaky_NLMS,0.8496,1.683,-5.82,-5.46
arena,techno,female_05_IUS-F08202.wav,female,10,Soft_VAD_Leaky,0.9258,2.721,0.14,-1.39
arena,techno,female_06_IUS-F10202.wav,female,10,Unprocessed,0.9720,3.524,0.00,0.00
arena,techno,female_06_IUS-F10202.wav,female,10,FIR_BP,0.9245,1.433,-10.00,-0.49
arena,techno,female_06_IUS-F10202.wav,female,10,Parametric_Notch,0.9728,3.544,0.19,-0.11
arena,techno,female_06_IUS-F10202.wav,female,10,Base_NLMS,0.7615,1.390,-8.13,-6.84
arena,techno,female_06_IUS-F10202.wav,female,10,Leaky_NLMS,0.8686,1.667,-5.88,-5.22
arena,techno,female_06_IUS-F10202.wav,female,10,Soft_VAD_Leaky,0.9271,2.323,-0.26,-1.31
arena,techno,female_07_IUS-F12202.wav,female,10,Unprocessed,0.9244,3.232,0.00,0.00
arena,techno,female_07_IUS-F12202.wav,female,10,FIR_BP,0.8704,1.468,-10.00,-0.06
arena,techno,female_07_IUS-F12202.wav,female,10,Parametric_Notch,0.9202,3.254,0.43,-0.12
arena,techno,female_07_IUS-F12202.wav,female,10,Base_NLMS,0.7153,1.339,-7.90,-7.70
arena,techno,female_07_IUS-F12202.wav,female,10,Leaky_NLMS,0.8123,1.516,-6.27,-6.70
arena,techno,female_07_IUS-F12202.wav,female,10,Soft_VAD_Leaky,0.8856,2.235,0.26,-0.85
arena,techno,female_08_IUS-F14202.wav,female,10,Unprocessed,0.9666,3.205,0.00,0.00
arena,techno,female_08_IUS-F14202.wav,female,10,FIR_BP,0.9126,1.524,-10.00,-0.04
arena,techno,female_08_IUS-F14202.wav,female,10,Parametric_Notch,0.9675,3.233,0.39,-0.09
arena,techno,female_08_IUS-F14202.wav,female,10,Base_NLMS,0.8254,1.454,-6.22,-5.83
arena,techno,female_08_IUS-F14202.wav,female,10,Leaky_NLMS,0.9103,1.801,-4.29,-4.97
arena,techno,female_08_IUS-F14202.wav,female,10,Soft_VAD_Leaky,0.9577,2.850,1.91,-1.13
arena,techno,female_09_IUS-F16202.wav,female,10,Unprocessed,0.9360,3.113,0.00,0.00
arena,techno,female_09_IUS-F16202.wav,female,10,FIR_BP,0.8893,1.493,-8.87,-0.39
arena,techno,female_09_IUS-F16202.wav,female,10,Parametric_Notch,0.9362,3.135,-0.43,-0.23
arena,techno,female_09_IUS-F16202.wav,female,10,Base_NLMS,0.7945,1.485,-7.04,-5.76
arena,techno,female_09_IUS-F16202.wav,female,10,Leaky_NLMS,0.8719,1.744,-5.51,-5.09
arena,techno,female_09_IUS-F16202.wav,female,10,Soft_VAD_Leaky,0.9160,2.388,-1.65,-1.55
arena,techno,female_10_IUS-F18202.wav,female,10,Unprocessed,0.9693,3.374,0.00,0.00
arena,techno,female_10_IUS-F18202.wav,female,10,FIR_BP,0.9162,1.473,-10.00,-0.72
arena,techno,female_10_IUS-F18202.wav,female,10,Parametric_Notch,0.9695,3.419,-0.13,-0.14
arena,techno,female_10_IUS-F18202.wav,female,10,Base_NLMS,0.7957,1.482,-7.54,-5.82
arena,techno,female_10_IUS-F18202.wav,female,10,Leaky_NLMS,0.8730,1.769,-5.74,-4.92
arena,techno,female_10_IUS-F18202.wav,female,10,Soft_VAD_Leaky,0.9234,2.370,-0.51,-1.24
arena,jazz,male_01_IUS-M00201.wav,male,-15,Unprocessed,0.3663,1.245,0.00,0.00
arena,jazz,male_01_IUS-M00201.wav,male,-15,FIR_BP,0.3484,1.186,2.91,-3.15
arena,jazz,male_01_IUS-M00201.wav,male,-15,Parametric_Notch,0.3688,1.242,1.55,-1.51
arena,jazz,male_01_IUS-M00201.wav,male,-15,Base_NLMS,0.4794,1.249,12.82,-12.00
arena,jazz,male_01_IUS-M00201.wav,male,-15,Leaky_NLMS,0.3880,1.259,8.43,-8.06
arena,jazz,male_01_IUS-M00201.wav,male,-15,Soft_VAD_Leaky,0.3853,1.260,7.81,-7.45
arena,jazz,male_02_IUS-M02201.wav,male,-15,Unprocessed,0.4268,1.250,0.00,0.00
arena,jazz,male_02_IUS-M02201.wav,male,-15,FIR_BP,0.4072,1.181,2.85,-3.15
arena,jazz,male_02_IUS-M02201.wav,male,-15,Parametric_Notch,0.4267,1.245,1.42,-1.39
arena,jazz,male_02_IUS-M02201.wav,male,-15,Base_NLMS,0.5277,1.266,12.98,-12.11
arena,jazz,male_02_IUS-M02201.wav,male,-15,Leaky_NLMS,0.4565,1.280,8.35,-7.99
arena,jazz,male_02_IUS-M02201.wav,male,-15,Soft_VAD_Leaky,0.4583,1.282,7.72,-7.36
arena,jazz,male_03_IUS-M04201.wav,male,-15,Unprocessed,0.3196,1.242,0.00,0.00
arena,jazz,male_03_IUS-M04201.wav,male,-15,FIR_BP,0.2926,1.179,2.85,-3.14
arena,jazz,male_03_IUS-M04201.wav,male,-15,Parametric_Notch,0.3197,1.237,1.33,-1.29
arena,jazz,male_03_IUS-M04201.wav,male,-15,Base_NLMS,0.4129,1.246,12.37,-11.89
arena,jazz,male_03_IUS-M04201.wav,male,-15,Leaky_NLMS,0.3212,1.254,8.08,-7.84
arena,jazz,male_03_IUS-M04201.wav,male,-15,Soft_VAD_Leaky,0.3148,1.258,7.24,-6.96
arena,jazz,male_04_IUS-M06201.wav,male,-15,Unprocessed,0.3666,1.231,0.00,0.00
arena,jazz,male_04_IUS-M06201.wav,male,-15,FIR_BP,0.3483,1.167,2.92,-3.24
arena,jazz,male_04_IUS-M06201.wav,male,-15,Parametric_Notch,0.3619,1.228,1.53,-1.49
arena,jazz,male_04_IUS-M06201.wav,male,-15,Base_NLMS,0.4728,1.252,12.52,-11.94
arena,jazz,male_04_IUS-M06201.wav,male,-15,Leaky_NLMS,0.3834,1.263,8.40,-8.02
arena,jazz,male_04_IUS-M06201.wav,male,-15,Soft_VAD_Leaky,0.3736,1.261,7.63,-7.29
arena,jazz,male_05_IUS-M08201.wav,male,-15,Unprocessed,0.3766,1.257,0.00,0.00
arena,jazz,male_05_IUS-M08201.wav,male,-15,FIR_BP,0.3641,1.215,2.92,-3.17
arena,jazz,male_05_IUS-M08201.wav,male,-15,Parametric_Notch,0.3738,1.254,1.28,-1.27
arena,jazz,male_05_IUS-M08201.wav,male,-15,Base_NLMS,0.4608,1.268,12.74,-12.23
arena,jazz,male_05_IUS-M08201.wav,male,-15,Leaky_NLMS,0.3833,1.269,8.04,-7.79
arena,jazz,male_05_IUS-M08201.wav,male,-15,Soft_VAD_Leaky,0.3820,1.275,7.36,-7.04
arena,jazz,male_06_IUS-M10201.wav,male,-15,Unprocessed,0.4414,1.252,0.00,0.00
arena,jazz,male_06_IUS-M10201.wav,male,-15,FIR_BP,0.4311,1.210,2.73,-3.13
arena,jazz,male_06_IUS-M10201.wav,male,-15,Parametric_Notch,0.4380,1.254,1.29,-1.25
arena,jazz,male_06_IUS-M10201.wav,male,-15,Base_NLMS,0.5277,1.295,12.53,-11.87
arena,jazz,male_06_IUS-M10201.wav,male,-15,Leaky_NLMS,0.4593,1.297,8.06,-7.78
arena,jazz,male_06_IUS-M10201.wav,male,-15,Soft_VAD_Leaky,0.4570,1.304,7.30,-6.99
arena,jazz,male_07_IUS-M12201.wav,male,-15,Unprocessed,0.4273,1.229,-0.00,0.00
arena,jazz,male_07_IUS-M12201.wav,male,-15,FIR_BP,0.4072,1.186,2.93,-3.24
arena,jazz,male_07_IUS-M12201.wav,male,-15,Parametric_Notch,0.4256,1.232,1.58,-1.59
arena,jazz,male_07_IUS-M12201.wav,male,-15,Base_NLMS,0.5231,1.274,12.54,-12.06
arena,jazz,male_07_IUS-M12201.wav,male,-15,Leaky_NLMS,0.4444,1.265,8.35,-8.16
arena,jazz,male_07_IUS-M12201.wav,male,-15,Soft_VAD_Leaky,0.4387,1.276,7.61,-7.32
arena,jazz,male_08_IUS-M14201.wav,male,-15,Unprocessed,0.3040,1.253,0.00,0.00
arena,jazz,male_08_IUS-M14201.wav,male,-15,FIR_BP,0.2960,1.214,2.84,-3.09
arena,jazz,male_08_IUS-M14201.wav,male,-15,Parametric_Notch,0.3022,1.249,1.30,-1.28
arena,jazz,male_08_IUS-M14201.wav,male,-15,Base_NLMS,0.3711,1.248,12.92,-12.15
arena,jazz,male_08_IUS-M14201.wav,male,-15,Leaky_NLMS,0.3077,1.252,8.10,-7.82
arena,jazz,male_08_IUS-M14201.wav,male,-15,Soft_VAD_Leaky,0.3061,1.256,7.36,-7.07
arena,jazz,male_09_IUS-M16201.wav,male,-15,Unprocessed,0.3573,1.237,0.00,0.00
arena,jazz,male_09_IUS-M16201.wav,male,-15,FIR_BP,0.3418,1.188,2.78,-3.15
arena,jazz,male_09_IUS-M16201.wav,male,-15,Parametric_Notch,0.3598,1.235,1.27,-1.26
arena,jazz,male_09_IUS-M16201.wav,male,-15,Base_NLMS,0.4515,1.253,12.86,-12.19
arena,jazz,male_09_IUS-M16201.wav,male,-15,Leaky_NLMS,0.3811,1.254,8.09,-7.79
arena,jazz,male_09_IUS-M16201.wav,male,-15,Soft_VAD_Leaky,0.3822,1.260,7.38,-7.07
arena,jazz,male_10_IUS-M18201.wav,male,-15,Unprocessed,0.4502,1.268,0.00,0.00
arena,jazz,male_10_IUS-M18201.wav,male,-15,FIR_BP,0.4387,1.210,2.83,-3.12
arena,jazz,male_10_IUS-M18201.wav,male,-15,Parametric_Notch,0.4473,1.266,1.50,-1.49
arena,jazz,male_10_IUS-M18201.wav,male,-15,Base_NLMS,0.5181,1.264,12.74,-12.20
arena,jazz,male_10_IUS-M18201.wav,male,-15,Leaky_NLMS,0.4680,1.282,8.32,-8.09
arena,jazz,male_10_IUS-M18201.wav,male,-15,Soft_VAD_Leaky,0.4658,1.291,7.58,-7.29
arena,jazz,female_01_IUS-F00202.wav,female,-15,Unprocessed,0.2948,1.206,0.00,0.00
arena,jazz,female_01_IUS-F00202.wav,female,-15,FIR_BP,0.2824,1.167,2.22,-2.43
arena,jazz,female_01_IUS-F00202.wav,female,-15,Parametric_Notch,0.2927,1.210,0.72,-0.72
arena,jazz,female_01_IUS-F00202.wav,female,-15,Base_NLMS,0.3688,1.298,12.44,-11.92
arena,jazz,female_01_IUS-F00202.wav,female,-15,Leaky_NLMS,0.3126,1.270,7.81,-7.60
arena,jazz,female_01_IUS-F00202.wav,female,-15,Soft_VAD_Leaky,0.3138,1.268,7.23,-7.03
arena,jazz,female_02_IUS-F02202.wav,female,-15,Unprocessed,0.3959,1.218,0.00,0.00
arena,jazz,female_02_IUS-F02202.wav,female,-15,FIR_BP,0.3682,1.160,2.34,-2.63
arena,jazz,female_02_IUS-F02202.wav,female,-15,Parametric_Notch,0.3945,1.216,0.84,-0.84
arena,jazz,female_02_IUS-F02202.wav,female,-15,Base_NLMS,0.5032,1.256,12.61,-11.71
arena,jazz,female_02_IUS-F02202.wav,female,-15,Leaky_NLMS,0.4281,1.253,7.89,-7.53
arena,jazz,female_02_IUS-F02202.wav,female,-15,Soft_VAD_Leaky,0.4250,1.250,7.24,-6.92
arena,jazz,female_03_IUS-F04202.wav,female,-15,Unprocessed,0.4195,1.219,0.00,0.00
arena,jazz,female_03_IUS-F04202.wav,female,-15,FIR_BP,0.4071,1.162,1.98,-2.31
arena,jazz,female_03_IUS-F04202.wav,female,-15,Parametric_Notch,0.4159,1.220,0.69,-0.67
arena,jazz,female_03_IUS-F04202.wav,female,-15,Base_NLMS,0.5417,1.255,11.89,-11.57
arena,jazz,female_03_IUS-F04202.wav,female,-15,Leaky_NLMS,0.4549,1.260,7.75,-7.52
arena,jazz,female_03_IUS-F04202.wav,female,-15,Soft_VAD_Leaky,0.4506,1.256,7.04,-6.80
arena,jazz,female_04_IUS-F06202.wav,female,-15,Unprocessed,0.4633,1.225,0.00,0.00
arena,jazz,female_04_IUS-F06202.wav,female,-15,FIR_BP,0.4293,1.159,2.36,-2.68
arena,jazz,female_04_IUS-F06202.wav,female,-15,Parametric_Notch,0.4601,1.224,0.88,-0.86
arena,jazz,female_04_IUS-F06202.wav,female,-15,Base_NLMS,0.5420,1.272,12.29,-11.78
arena,jazz,female_04_IUS-F06202.wav,female,-15,Leaky_NLMS,0.4834,1.272,7.91,-7.59
arena,jazz,female_04_IUS-F06202.wav,female,-15,Soft_VAD_Leaky,0.4759,1.271,7.24,-6.93
arena,jazz,female_05_IUS-F08202.wav,female,-15,Unprocessed,0.4432,1.232,0.00,0.00
arena,jazz,female_05_IUS-F08202.wav,female,-15,FIR_BP,0.4365,1.192,1.95,-2.17
arena,jazz,female_05_IUS-F08202.wav,female,-15,Parametric_Notch,0.4399,1.232,0.67,-0.65
arena,jazz,female_05_IUS-F08202.wav,female,-15,Base_NLMS,0.5546,1.281,12.21,-11.51
arena,jazz,female_05_IUS-F08202.wav,female,-15,Leaky_NLMS,0.4680,1.274,7.86,-7.53
arena,jazz,female_05_IUS-F08202.wav,female,-15,Soft_VAD_Leaky,0.4680,1.272,7.16,-6.84
arena,jazz,female_06_IUS-F10202.wav,female,-15,Unprocessed,0.4080,1.210,0.00,0.00
arena,jazz,female_06_IUS-F10202.wav,female,-15,FIR_BP,0.3923,1.166,2.25,-2.59
arena,jazz,female_06_IUS-F10202.wav,female,-15,Parametric_Notch,0.4112,1.212,0.84,-0.83
arena,jazz,female_06_IUS-F10202.wav,female,-15,Base_NLMS,0.5557,1.286,12.47,-11.58
arena,jazz,female_06_IUS-F10202.wav,female,-15,Leaky_NLMS,0.4622,1.272,7.84,-7.46
arena,jazz,female_06_IUS-F10202.wav,female,-15,Soft_VAD_Leaky,0.4547,1.272,7.14,-6.76
arena,jazz,female_07_IUS-F12202.wav,female,-15,Unprocessed,0.4272,1.196,0.00,0.00
arena,jazz,female_07_IUS-F12202.wav,female,-15,FIR_BP,0.4092,1.159,2.08,-2.35
arena,jazz,female_07_IUS-F12202.wav,female,-15,Parametric_Notch,0.4266,1.196,0.71,-0.69
arena,jazz,female_07_IUS-F12202.wav,female,-15,Base_NLMS,0.5018,1.233,11.92,-11.61
arena,jazz,female_07_IUS-F12202.wav,female,-15,Leaky_NLMS,0.4233,1.221,7.76,-7.55
arena,jazz,female_07_IUS-F12202.wav,female,-15,Soft_VAD_Leaky,0.4287,1.229,7.07,-6.78
arena,jazz,female_08_IUS-F14202.wav,female,-15,Unprocessed,0.4769,1.225,0.00,0.00
arena,jazz,female_08_IUS-F14202.wav,female,-15,FIR_BP,0.4515,1.193,2.87,-3.19
arena,jazz,female_08_IUS-F14202.wav,female,-15,Parametric_Notch,0.4724,1.227,1.20,-1.18
arena,jazz,female_08_IUS-F14202.wav,female,-15,Base_NLMS,0.5520,1.285,13.10,-12.29
arena,jazz,female_08_IUS-F14202.wav,female,-15,Leaky_NLMS,0.4782,1.271,8.10,-7.77
arena,jazz,female_08_IUS-F14202.wav,female,-15,Soft_VAD_Leaky,0.4774,1.268,7.40,-7.09
arena,jazz,female_09_IUS-F16202.wav,female,-15,Unprocessed,0.4554,1.198,0.00,0.00
arena,jazz,female_09_IUS-F16202.wav,female,-15,FIR_BP,0.4253,1.162,2.18,-2.32
arena,jazz,female_09_IUS-F16202.wav,female,-15,Parametric_Notch,0.4576,1.197,0.69,-0.68
arena,jazz,female_09_IUS-F16202.wav,female,-15,Base_NLMS,0.5825,1.244,12.24,-11.53
arena,jazz,female_09_IUS-F16202.wav,female,-15,Leaky_NLMS,0.5061,1.235,7.82,-7.52
arena,jazz,female_09_IUS-F16202.wav,female,-15,Soft_VAD_Leaky,0.5042,1.235,7.10,-6.81
arena,jazz,female_10_IUS-F18202.wav,female,-15,Unprocessed,0.4230,1.246,0.00,0.00
arena,jazz,female_10_IUS-F18202.wav,female,-15,FIR_BP,0.4257,1.193,2.76,-3.19
arena,jazz,female_10_IUS-F18202.wav,female,-15,Parametric_Notch,0.4204,1.244,1.52,-1.50
arena,jazz,female_10_IUS-F18202.wav,female,-15,Base_NLMS,0.5631,1.297,12.80,-11.79
arena,jazz,female_10_IUS-F18202.wav,female,-15,Leaky_NLMS,0.4716,1.278,8.36,-8.01
arena,jazz,female_10_IUS-F18202.wav,female,-15,Soft_VAD_Leaky,0.4724,1.285,7.59,-7.25
arena,jazz,male_01_IUS-M00201.wav,male,-10,Unprocessed,0.4622,1.289,0.00,0.00
arena,jazz,male_01_IUS-M00201.wav,male,-10,FIR_BP,0.4282,1.208,2.28,-3.06
arena,jazz,male_01_IUS-M00201.wav,male,-10,Parametric_Notch,0.4629,1.285,1.55,-1.42
arena,jazz,male_01_IUS-M00201.wav,male,-10,Base_NLMS,0.6135,1.326,11.98,-10.42
arena,jazz,male_01_IUS-M00201.wav,male,-10,Leaky_NLMS,0.5058,1.321,8.22,-7.33
arena,jazz,male_01_IUS-M00201.wav,male,-10,Soft_VAD_Leaky,0.5004,1.321,7.52,-6.62
arena,jazz,male_02_IUS-M02201.wav,male,-10,Unprocessed,0.5153,1.292,0.00,0.00
arena,jazz,male_02_IUS-M02201.wav,male,-10,FIR_BP,0.4812,1.198,2.16,-3.12
arena,jazz,male_02_IUS-M02201.wav,male,-10,Parametric_Notch,0.5138,1.287,1.42,-1.31
arena,jazz,male_02_IUS-M02201.wav,male,-10,Base_NLMS,0.6437,1.348,12.09,-10.48
arena,jazz,male_02_IUS-M02201.wav,male,-10,Leaky_NLMS,0.5570,1.344,8.17,-7.26
arena,jazz,male_02_IUS-M02201.wav,male,-10,Soft_VAD_Leaky,0.5579,1.344,7.52,-6.56
arena,jazz,male_03_IUS-M04201.wav,male,-10,Unprocessed,0.4324,1.287,0.00,0.00
arena,jazz,male_03_IUS-M04201.wav,male,-10,FIR_BP,0.3948,1.199,2.18,-3.14
arena,jazz,male_03_IUS-M04201.wav,male,-10,Parametric_Notch,0.4310,1.280,1.33,-1.21
arena,jazz,male_03_IUS-M04201.wav,male,-10,Base_NLMS,0.5632,1.307,10.51,-10.30
arena,jazz,male_03_IUS-M04201.wav,male,-10,Leaky_NLMS,0.4543,1.300,7.64,-7.23
arena,jazz,male_03_IUS-M04201.wav,male,-10,Soft_VAD_Leaky,0.4459,1.306,6.90,-6.29
arena,jazz,male_04_IUS-M06201.wav,male,-10,Unprocessed,0.4906,1.278,0.00,0.00
arena,jazz,male_04_IUS-M06201.wav,male,-10,FIR_BP,0.4501,1.185,2.29,-3.26
arena,jazz,male_04_IUS-M06201.wav,male,-10,Parametric_Notch,0.4877,1.275,1.53,-1.44
arena,jazz,male_04_IUS-M06201.wav,male,-10,Base_NLMS,0.6201,1.319,11.16,-10.42
arena,jazz,male_04_IUS-M06201.wav,male,-10,Leaky_NLMS,0.5297,1.326,8.15,-7.26
arena,jazz,male_04_IUS-M06201.wav,male,-10,Soft_VAD_Leaky,0.5192,1.324,7.38,-6.50
arena,jazz,male_05_IUS-M08201.wav,male,-10,Unprocessed,0.4767,1.304,0.00,0.00
arena,jazz,male_05_IUS-M08201.wav,male,-10,FIR_BP,0.4529,1.244,2.28,-3.05
arena,jazz,male_05_IUS-M08201.wav,male,-10,Parametric_Notch,0.4729,1.302,1.28,-1.20
arena,jazz,male_05_IUS-M08201.wav,male,-10,Base_NLMS,0.6301,1.351,11.52,-10.73
arena,jazz,male_05_IUS-M08201.wav,male,-10,Leaky_NLMS,0.4989,1.335,7.73,-7.13
arena,jazz,male_05_IUS-M08201.wav,male,-10,Soft_VAD_Leaky,0.4972,1.343,7.16,-6.31
arena,jazz,male_06_IUS-M10201.wav,male,-10,Unprocessed,0.5629,1.311,0.00,0.00
arena,jazz,male_06_IUS-M10201.wav,male,-10,FIR_BP,0.5345,1.244,1.92,-2.98
arena,jazz,male_06_IUS-M10201.wav,male,-10,Parametric_Notch,0.5592,1.314,1.29,-1.20
arena,jazz,male_06_IUS-M10201.wav,male,-10,Base_NLMS,0.6804,1.395,11.26,-10.06
arena,jazz,male_06_IUS-M10201.wav,male,-10,Leaky_NLMS,0.5968,1.386,7.79,-6.99
arena,jazz,male_06_IUS-M10201.wav,male,-10,Soft_VAD_Leaky,0.5910,1.396,7.05,-6.15
arena,jazz,male_07_IUS-M12201.wav,male,-10,Unprocessed,0.5330,1.281,0.00,0.00
arena,jazz,male_07_IUS-M12201.wav,male,-10,FIR_BP,0.4902,1.214,2.29,-3.09
arena,jazz,male_07_IUS-M12201.wav,male,-10,Parametric_Notch,0.5288,1.286,1.58,-1.50
arena,jazz,male_07_IUS-M12201.wav,male,-10,Base_NLMS,0.6865,1.362,11.08,-10.33
arena,jazz,male_07_IUS-M12201.wav,male,-10,Leaky_NLMS,0.5634,1.343,7.99,-7.34
arena,jazz,male_07_IUS-M12201.wav,male,-10,Soft_VAD_Leaky,0.5560,1.360,7.39,-6.39
arena,jazz,male_08_IUS-M14201.wav,male,-10,Unprocessed,0.3782,1.298,0.00,0.00
arena,jazz,male_08_IUS-M14201.wav,male,-10,FIR_BP,0.3645,1.243,2.15,-2.94
arena,jazz,male_08_IUS-M14201.wav,male,-10,Parametric_Notch,0.3759,1.293,1.30,-1.20
arena,jazz,male_08_IUS-M14201.wav,male,-10,Base_NLMS,0.4962,1.324,11.97,-10.53
arena,jazz,male_08_IUS-M14201.wav,male,-10,Leaky_NLMS,0.4043,1.309,7.87,-7.22
arena,jazz,male_08_IUS-M14201.wav,male,-10,Soft_VAD_Leaky,0.4009,1.314,7.13,-6.42
arena,jazz,male_09_IUS-M16201.wav,male,-10,Unprocessed,0.4674,1.280,0.00,0.00
arena,jazz,male_09_IUS-M16201.wav,male,-10,FIR_BP,0.4378,1.211,2.08,-3.07
arena,jazz,male_09_IUS-M16201.wav,male,-10,Parametric_Notch,0.4694,1.279,1.27,-1.19
arena,jazz,male_09_IUS-M16201.wav,male,-10,Base_NLMS,0.5776,1.323,11.62,-10.66
arena,jazz,male_09_IUS-M16201.wav,male,-10,Leaky_NLMS,0.5051,1.311,7.81,-7.11
arena,jazz,male_09_IUS-M16201.wav,male,-10,Soft_VAD_Leaky,0.5068,1.321,7.15,-6.34
arena,jazz,male_10_IUS-M18201.wav,male,-10,Unprocessed,0.5312,1.323,0.00,0.00
arena,jazz,male_10_IUS-M18201.wav,male,-10,FIR_BP,0.5103,1.239,2.14,-2.94
arena,jazz,male_10_IUS-M18201.wav,male,-10,Parametric_Notch,0.5278,1.321,1.50,-1.40
arena,jazz,male_10_IUS-M18201.wav,male,-10,Base_NLMS,0.6308,1.343,11.53,-10.61
arena,jazz,male_10_IUS-M18201.wav,male,-10,Leaky_NLMS,0.5606,1.353,8.00,-7.34
arena,jazz,male_10_IUS-M18201.wav,male,-10,Soft_VAD_Leaky,0.5579,1.367,7.41,-6.53
arena,jazz,female_01_IUS-F00202.wav,female,-10,Unprocessed,0.3927,1.255,0.00,0.00
arena,jazz,female_01_IUS-F00202.wav,female,-10,FIR_BP,0.3749,1.195,1.76,-2.39
arena,jazz,female_01_IUS-F00202.wav,female,-10,Parametric_Notch,0.3910,1.262,0.72,-0.69
arena,jazz,female_01_IUS-F00202.wav,female,-10,Base_NLMS,0.4852,1.394,11.61,-10.75
arena,jazz,female_01_IUS-F00202.wav,female,-10,Leaky_NLMS,0.4234,1.360,7.63,-7.09
arena,jazz,female_01_IUS-F00202.wav,female,-10,Soft_VAD_Leaky,0.4243,1.359,7.03,-6.44
arena,jazz,female_02_IUS-F02202.wav,female,-10,Unprocessed,0.4984,1.259,0.00,0.00
arena,jazz,female_02_IUS-F02202.wav,female,-10,FIR_BP,0.4652,1.177,1.86,-2.64
arena,jazz,female_02_IUS-F02202.wav,female,-10,Parametric_Notch,0.4970,1.257,0.84,-0.80
arena,jazz,female_02_IUS-F02202.wav,female,-10,Base_NLMS,0.5969,1.330,11.85,-10.36
arena,jazz,female_02_IUS-F02202.wav,female,-10,Leaky_NLMS,0.5384,1.314,7.78,-6.88
arena,jazz,female_02_IUS-F02202.wav,female,-10,Soft_VAD_Leaky,0.5349,1.312,7.12,-6.23
arena,jazz,female_03_IUS-F04202.wav,female,-10,Unprocessed,0.5092,1.266,0.00,0.00
arena,jazz,female_03_IUS-F04202.wav,female,-10,FIR_BP,0.4901,1.183,1.35,-2.33
arena,jazz,female_03_IUS-F04202.wav,female,-10,Parametric_Notch,0.5062,1.268,0.69,-0.63
arena,jazz,female_03_IUS-F04202.wav,female,-10,Base_NLMS,0.6341,1.320,10.51,-10.20
arena,jazz,female_03_IUS-F04202.wav,female,-10,Leaky_NLMS,0.5624,1.323,7.45,-6.90
arena,jazz,female_03_IUS-F04202.wav,female,-10,Soft_VAD_Leaky,0.5580,1.321,6.76,-6.11
arena,jazz,female_04_IUS-F06202.wav,female,-10,Unprocessed,0.5783,1.271,0.00,0.00
arena,jazz,female_04_IUS-F06202.wav,female,-10,FIR_BP,0.5368,1.177,1.80,-2.71
arena,jazz,female_04_IUS-F06202.wav,female,-10,Parametric_Notch,0.5760,1.271,0.88,-0.81
arena,jazz,female_04_IUS-F06202.wav,female,-10,Base_NLMS,0.6549,1.343,11.04,-10.36
arena,jazz,female_04_IUS-F06202.wav,female,-10,Leaky_NLMS,0.6134,1.339,7.72,-6.92
arena,jazz,female_04_IUS-F06202.wav,female,-10,Soft_VAD_Leaky,0.6055,1.343,7.05,-6.19
arena,jazz,female_05_IUS-F08202.wav,female,-10,Unprocessed,0.5377,1.278,0.00,0.00
arena,jazz,female_05_IUS-F08202.wav,female,-10,FIR_BP,0.5282,1.220,1.40,-2.16
arena,jazz,female_05_IUS-F08202.wav,female,-10,Parametric_Notch,0.5343,1.278,0.66,-0.62
arena,jazz,female_05_IUS-F08202.wav,female,-10,Base_NLMS,0.6649,1.365,11.15,-9.96
arena,jazz,female_05_IUS-F08202.wav,female,-10,Leaky_NLMS,0.5813,1.342,7.62,-6.88
arena,jazz,female_05_IUS-F08202.wav,female,-10,Soft_VAD_Leaky,0.5804,1.342,6.95,-6.15
arena,jazz,female_06_IUS-F10202.wav,female,-10,Unprocessed,0.5381,1.260,0.00,0.00
arena,jazz,female_06_IUS-F10202.wav,female,-10,FIR_BP,0.5115,1.192,1.56,-2.53
arena,jazz,female_06_IUS-F10202.wav,female,-10,Parametric_Notch,0.5405,1.263,0.84,-0.78
arena,jazz,female_06_IUS-F10202.wav,female,-10,Base_NLMS,0.6866,1.365,11.19,-9.98
arena,jazz,female_06_IUS-F10202.wav,female,-10,Leaky_NLMS,0.5997,1.352,7.65,-6.70
arena,jazz,female_06_IUS-F10202.wav,female,-10,Soft_VAD_Leaky,0.5928,1.355,6.96,-5.93
arena,jazz,female_07_IUS-F12202.wav,female,-10,Unprocessed,0.5151,1.237,0.00,0.00
arena,jazz,female_07_IUS-F12202.wav,female,-10,FIR_BP,0.4908,1.182,1.50,-2.34
arena,jazz,female_07_IUS-F12202.wav,female,-10,Parametric_Notch,0.5144,1.238,0.71,-0.66
arena,jazz,female_07_IUS-F12202.wav,female,-10,Base_NLMS,0.6015,1.290,10.60,-10.44
arena,jazz,female_07_IUS-F12202.wav,female,-10,Leaky_NLMS,0.5187,1.273,7.45,-7.07
arena,jazz,female_07_IUS-F12202.wav,female,-10,Soft_VAD_Leaky,0.5259,1.293,6.92,-6.15
arena,jazz,female_08_IUS-F14202.wav,female,-10,Unprocessed,0.5881,1.270,0.00,0.00
arena,jazz,female_08_IUS-F14202.wav,female,-10,FIR_BP,0.5473,1.223,2.12,-3.06
arena,jazz,female_08_IUS-F14202.wav,female,-10,Parametric_Notch,0.5832,1.273,1.20,-1.12
arena,jazz,female_08_IUS-F14202.wav,female,-10,Base_NLMS,0.6749,1.375,12.11,-10.55
arena,jazz,female_08_IUS-F14202.wav,female,-10,Leaky_NLMS,0.6017,1.340,7.91,-7.20
arena,jazz,female_08_IUS-F14202.wav,female,-10,Soft_VAD_Leaky,0.6005,1.338,7.22,-6.48
arena,jazz,female_09_IUS-F16202.wav,female,-10,Unprocessed,0.5396,1.236,0.00,0.00
arena,jazz,female_09_IUS-F16202.wav,female,-10,FIR_BP,0.5083,1.185,1.83,-2.26
arena,jazz,female_09_IUS-F16202.wav,female,-10,Parametric_Notch,0.5412,1.234,0.69,-0.65
arena,jazz,female_09_IUS-F16202.wav,female,-10,Base_NLMS,0.6808,1.319,11.36,-9.96
arena,jazz,female_09_IUS-F16202.wav,female,-10,Leaky_NLMS,0.5965,1.293,7.64,-6.87
arena,jazz,female_09_IUS-F16202.wav,female,-10,Soft_VAD_Leaky,0.5941,1.293,6.94,-6.12
arena,jazz,female_10_IUS-F18202.wav,female,-10,Unprocessed,0.5363,1.300,0.00,0.00
arena,jazz,female_10_IUS-F18202.wav,female,-10,FIR_BP,0.5270,1.220,1.92,-3.10
arena,jazz,female_10_IUS-F18202.wav,female,-10,Parametric_Notch,0.5346,1.298,1.52,-1.46
arena,jazz,female_10_IUS-F18202.wav,female,-10,Base_NLMS,0.6904,1.408,11.97,-10.05
arena,jazz,female_10_IUS-F18202.wav,female,-10,Leaky_NLMS,0.5928,1.355,8.10,-7.14
arena,jazz,female_10_IUS-F18202.wav,female,-10,Soft_VAD_Leaky,0.5904,1.365,7.38,-6.41
arena,jazz,male_01_IUS-M00201.wav,male,-5,Unprocessed,0.5835,1.380,0.00,0.00
arena,jazz,male_01_IUS-M00201.wav,male,-5,FIR_BP,0.5341,1.244,0.75,-2.86
arena,jazz,male_01_IUS-M00201.wav,male,-5,Parametric_Notch,0.5819,1.373,1.54,-1.20
arena,jazz,male_01_IUS-M00201.wav,male,-5,Base_NLMS,0.7068,1.433,9.28,-8.18
arena,jazz,male_01_IUS-M00201.wav,male,-5,Leaky_NLMS,0.6359,1.430,7.47,-6.08
arena,jazz,male_01_IUS-M00201.wav,male,-5,Soft_VAD_Leaky,0.6329,1.437,6.91,-5.16
arena,jazz,male_02_IUS-M02201.wav,male,-5,Unprocessed,0.6251,1.382,0.00,0.00
arena,jazz,male_02_IUS-M02201.wav,male,-5,FIR_BP,0.5831,1.228,0.52,-3.05
arena,jazz,male_02_IUS-M02201.wav,male,-5,Parametric_Notch,0.6246,1.373,1.41,-1.10
arena,jazz,male_02_IUS-M02201.wav,male,-5,Base_NLMS,0.7327,1.468,9.22,-8.19
arena,jazz,male_02_IUS-M02201.wav,male,-5,Leaky_NLMS,0.6725,1.458,7.51,-6.01
arena,jazz,male_02_IUS-M02201.wav,male,-5,Soft_VAD_Leaky,0.6746,1.468,6.94,-4.99
arena,jazz,male_03_IUS-M04201.wav,male,-5,Unprocessed,0.5705,1.373,0.00,0.00
arena,jazz,male_03_IUS-M04201.wav,male,-5,FIR_BP,0.5192,1.232,0.54,-3.04
arena,jazz,male_03_IUS-M04201.wav,male,-5,Parametric_Notch,0.5677,1.363,1.32,-1.01
arena,jazz,male_03_IUS-M04201.wav,male,-5,Base_NLMS,0.6715,1.380,6.95,-8.37
arena,jazz,male_03_IUS-M04201.wav,male,-5,Leaky_NLMS,0.6067,1.372,6.21,-6.24
arena,jazz,male_03_IUS-M04201.wav,male,-5,Soft_VAD_Leaky,0.6007,1.395,5.95,-5.14
arena,jazz,male_04_IUS-M06201.wav,male,-5,Unprocessed,0.6365,1.371,0.00,0.00
arena,jazz,male_04_IUS-M06201.wav,male,-5,FIR_BP,0.5795,1.214,0.72,-3.24
arena,jazz,male_04_IUS-M06201.wav,male,-5,Parametric_Notch,0.6351,1.365,1.52,-1.18
arena,jazz,male_04_IUS-M06201.wav,male,-5,Base_NLMS,0.7164,1.396,7.88,-8.45
arena,jazz,male_04_IUS-M06201.wav,male,-5,Leaky_NLMS,0.6795,1.431,7.26,-6.03
arena,jazz,male_04_IUS-M06201.wav,male,-5,Soft_VAD_Leaky,0.6737,1.440,6.79,-5.08
arena,jazz,male_05_IUS-M08201.wav,male,-5,Unprocessed,0.6057,1.399,0.00,0.00
arena,jazz,male_05_IUS-M08201.wav,male,-5,FIR_BP,0.5622,1.292,0.68,-2.72
arena,jazz,male_05_IUS-M08201.wav,male,-5,Parametric_Notch,0.6032,1.394,1.28,-1.03
arena,jazz,male_05_IUS-M08201.wav,male,-5,Base_NLMS,0.7571,1.477,8.73,-8.47
arena,jazz,male_05_IUS-M08201.wav,male,-5,Leaky_NLMS,0.6459,1.451,6.89,-5.91
arena,jazz,male_05_IUS-M08201.wav,male,-5,Soft_VAD_Leaky,0.6468,1.475,6.71,-4.88
arena,jazz,male_06_IUS-M10201.wav,male,-5,Unprocessed,0.6962,1.434,-0.00,0.00
arena,jazz,male_06_IUS-M10201.wav,male,-5,FIR_BP,0.6497,1.300,0.06,-2.58
arena,jazz,male_06_IUS-M10201.wav,male,-5,Parametric_Notch,0.6923,1.436,1.29,-0.96
arena,jazz,male_06_IUS-M10201.wav,male,-5,Base_NLMS,0.7925,1.545,8.47,-7.62
arena,jazz,male_06_IUS-M10201.wav,male,-5,Leaky_NLMS,0.7338,1.542,7.01,-5.55
arena,jazz,male_06_IUS-M10201.wav,male,-5,Soft_VAD_Leaky,0.7324,1.571,6.65,-4.68
arena,jazz,male_07_IUS-M12201.wav,male,-5,Unprocessed,0.6503,1.388,0.00,0.00
arena,jazz,male_07_IUS-M12201.wav,male,-5,FIR_BP,0.5862,1.257,0.71,-2.79
arena,jazz,male_07_IUS-M12201.wav,male,-5,Parametric_Notch,0.6461,1.392,1.57,-1.24
arena,jazz,male_07_IUS-M12201.wav,male,-5,Base_NLMS,0.7888,1.478,7.90,-7.97
arena,jazz,male_07_IUS-M12201.wav,male,-5,Leaky_NLMS,0.6975,1.477,6.92,-5.95
arena,jazz,male_07_IUS-M12201.wav,male,-5,Soft_VAD_Leaky,0.6922,1.519,6.91,-4.72
arena,jazz,male_08_IUS-M14201.wav,male,-5,Unprocessed,0.4877,1.387,0.00,0.00
arena,jazz,male_08_IUS-M14201.wav,male,-5,FIR_BP,0.4684,1.292,0.48,-2.57
arena,jazz,male_08_IUS-M14201.wav,male,-5,Parametric_Notch,0.4849,1.378,1.29,-1.05
arena,jazz,male_08_IUS-M14201.wav,male,-5,Base_NLMS,0.6075,1.425,9.01,-8.34
arena,jazz,male_08_IUS-M14201.wav,male,-5,Leaky_NLMS,0.5268,1.403,7.06,-6.22
arena,jazz,male_08_IUS-M14201.wav,male,-5,Soft_VAD_Leaky,0.5231,1.418,6.59,-5.20
arena,jazz,male_09_IUS-M16201.wav,male,-5,Unprocessed,0.6020,1.369,0.00,0.00
arena,jazz,male_09_IUS-M16201.wav,male,-5,FIR_BP,0.5516,1.250,0.47,-2.88
arena,jazz,male_09_IUS-M16201.wav,male,-5,Parametric_Notch,0.6039,1.365,1.26,-1.01
arena,jazz,male_09_IUS-M16201.wav,male,-5,Base_NLMS,0.6598,1.412,8.51,-8.58
arena,jazz,male_09_IUS-M16201.wav,male,-5,Leaky_NLMS,0.6356,1.400,6.83,-6.10
arena,jazz,male_09_IUS-M16201.wav,male,-5,Soft_VAD_Leaky,0.6461,1.437,6.58,-5.05
arena,jazz,male_10_IUS-M18201.wav,male,-5,Unprocessed,0.6351,1.435,0.00,0.00
arena,jazz,male_10_IUS-M18201.wav,male,-5,FIR_BP,0.5956,1.288,0.51,-2.61
arena,jazz,male_10_IUS-M18201.wav,male,-5,Parametric_Notch,0.6298,1.431,1.49,-1.14
arena,jazz,male_10_IUS-M18201.wav,male,-5,Base_NLMS,0.7275,1.469,8.70,-8.34
arena,jazz,male_10_IUS-M18201.wav,male,-5,Leaky_NLMS,0.6689,1.478,7.03,-6.02
arena,jazz,male_10_IUS-M18201.wav,male,-5,Soft_VAD_Leaky,0.6646,1.508,6.84,-5.04
arena,jazz,female_01_IUS-F00202.wav,female,-5,Unprocessed,0.4933,1.364,0.00,0.00
arena,jazz,female_01_IUS-F00202.wav,female,-5,FIR_BP,0.4682,1.243,0.55,-2.28
arena,jazz,female_01_IUS-F00202.wav,female,-5,Parametric_Notch,0.4921,1.374,0.71,-0.61
arena,jazz,female_01_IUS-F00202.wav,female,-5,Base_NLMS,0.5529,1.470,8.82,-8.98
arena,jazz,female_01_IUS-F00202.wav,female,-5,Leaky_NLMS,0.5228,1.497,6.97,-6.21
arena,jazz,female_01_IUS-F00202.wav,female,-5,Soft_VAD_Leaky,0.5266,1.521,6.59,-5.26
arena,jazz,female_02_IUS-F02202.wav,female,-5,Unprocessed,0.6104,1.339,0.00,0.00
arena,jazz,female_02_IUS-F02202.wav,female,-5,FIR_BP,0.5704,1.206,0.60,-2.68
arena,jazz,female_02_IUS-F02202.wav,female,-5,Parametric_Notch,0.6097,1.336,0.83,-0.70
arena,jazz,female_02_IUS-F02202.wav,female,-5,Base_NLMS,0.6637,1.401,8.76,-8.66
arena,jazz,female_02_IUS-F02202.wav,female,-5,Leaky_NLMS,0.6438,1.405,7.17,-5.91
arena,jazz,female_02_IUS-F02202.wav,female,-5,Soft_VAD_Leaky,0.6416,1.417,6.76,-4.97
arena,jazz,female_03_IUS-F04202.wav,female,-5,Unprocessed,0.6151,1.361,0.00,0.00
arena,jazz,female_03_IUS-F04202.wav,female,-5,FIR_BP,0.5880,1.217,-0.19,-2.30
arena,jazz,female_03_IUS-F04202.wav,female,-5,Parametric_Notch,0.6136,1.362,0.68,-0.53
arena,jazz,female_03_IUS-F04202.wav,female,-5,Base_NLMS,0.6858,1.383,7.39,-8.25
arena,jazz,female_03_IUS-F04202.wav,female,-5,Leaky_NLMS,0.6686,1.418,6.55,-5.88
arena,jazz,female_03_IUS-F04202.wav,female,-5,Soft_VAD_Leaky,0.6701,1.433,6.13,-4.83
arena,jazz,female_04_IUS-F06202.wav,female,-5,Unprocessed,0.6877,1.367,0.00,0.00
arena,jazz,female_04_IUS-F06202.wav,female,-5,FIR_BP,0.6428,1.207,0.39,-2.88
arena,jazz,female_04_IUS-F06202.wav,female,-5,Parametric_Notch,0.6872,1.366,0.87,-0.69
arena,jazz,female_04_IUS-F06202.wav,female,-5,Base_NLMS,0.7151,1.411,7.73,-8.48
arena,jazz,female_04_IUS-F06202.wav,female,-5,Leaky_NLMS,0.7196,1.436,6.85,-5.94
arena,jazz,female_04_IUS-F06202.wav,female,-5,Soft_VAD_Leaky,0.7183,1.462,6.49,-4.98
arena,jazz,female_05_IUS-F08202.wav,female,-5,Unprocessed,0.6505,1.371,0.00,0.00
arena,jazz,female_05_IUS-F08202.wav,female,-5,FIR_BP,0.6322,1.268,0.02,-2.01
arena,jazz,female_05_IUS-F08202.wav,female,-5,Parametric_Notch,0.6473,1.370,0.65,-0.53
arena,jazz,female_05_IUS-F08202.wav,female,-5,Base_NLMS,0.7530,1.465,8.43,-7.89
arena,jazz,female_05_IUS-F08202.wav,female,-5,Leaky_NLMS,0.7012,1.455,6.81,-5.77
arena,jazz,female_05_IUS-F08202.wav,female,-5,Soft_VAD_Leaky,0.7003,1.474,6.45,-4.84
arena,jazz,female_06_IUS-F10202.wav,female,-5,Unprocessed,0.6740,1.361,0.00,0.00
arena,jazz,female_06_IUS-F10202.wav,female,-5,FIR_BP,0.6383,1.233,-0.13,-2.40
arena,jazz,female_06_IUS-F10202.wav,female,-5,Parametric_Notch,0.6754,1.364,0.84,-0.66
arena,jazz,female_06_IUS-F10202.wav,female,-5,Base_NLMS,0.7569,1.428,7.80,-7.99
arena,jazz,female_06_IUS-F10202.wav,female,-5,Leaky_NLMS,0.7282,1.474,6.96,-5.57
arena,jazz,female_06_IUS-F10202.wav,female,-5,Soft_VAD_Leaky,0.7281,1.502,6.47,-4.47
arena,jazz,female_07_IUS-F12202.wav,female,-5,Unprocessed,0.6113,1.319,0.00,0.00
arena,jazz,female_07_IUS-F12202.wav,female,-5,FIR_BP,0.5810,1.221,0.06,-2.22
arena,jazz,female_07_IUS-F12202.wav,female,-5,Parametric_Notch,0.6111,1.319,0.71,-0.56
arena,jazz,female_07_IUS-F12202.wav,female,-5,Base_NLMS,0.6683,1.347,7.45,-8.82
arena,jazz,female_07_IUS-F12202.wav,female,-5,Leaky_NLMS,0.6132,1.346,6.41,-6.34
arena,jazz,female_07_IUS-F12202.wav,female,-5,Soft_VAD_Leaky,0.6264,1.409,6.52,-4.86
arena,jazz,female_08_IUS-F14202.wav,female,-5,Unprocessed,0.7017,1.361,-0.00,0.00
arena,jazz,female_08_IUS-F14202.wav,female,-5,FIR_BP,0.6536,1.272,0.37,-2.74
arena,jazz,female_08_IUS-F14202.wav,female,-5,Parametric_Notch,0.6969,1.365,1.20,-1.01
arena,jazz,female_08_IUS-F14202.wav,female,-5,Base_NLMS,0.7803,1.482,9.62,-8.21
arena,jazz,female_08_IUS-F14202.wav,female,-5,Leaky_NLMS,0.7229,1.449,7.25,-6.06
arena,jazz,female_08_IUS-F14202.wav,female,-5,Soft_VAD_Leaky,0.7249,1.467,6.75,-5.15
arena,jazz,female_09_IUS-F16202.wav,female,-5,Unprocessed,0.6242,1.309,0.00,0.00
arena,jazz,female_09_IUS-F16202.wav,female,-5,FIR_BP,0.5906,1.222,0.87,-2.20
arena,jazz,female_09_IUS-F16202.wav,female,-5,Parametric_Notch,0.6252,1.306,0.67,-0.57
arena,jazz,female_09_IUS-F16202.wav,female,-5,Base_NLMS,0.7501,1.425,8.88,-7.80
arena,jazz,female_09_IUS-F16202.wav,female,-5,Leaky_NLMS,0.6802,1.389,7.00,-5.78
arena,jazz,female_09_IUS-F16202.wav,female,-5,Soft_VAD_Leaky,0.6780,1.396,6.52,-4.90
arena,jazz,female_10_IUS-F18202.wav,female,-5,Unprocessed,0.6580,1.412,0.00,0.00
arena,jazz,female_10_IUS-F18202.wav,female,-5,FIR_BP,0.6305,1.266,0.00,-2.80
arena,jazz,female_10_IUS-F18202.wav,female,-5,Parametric_Notch,0.6565,1.408,1.52,-1.20
arena,jazz,female_10_IUS-F18202.wav,female,-5,Base_NLMS,0.7828,1.574,9.48,-7.59
arena,jazz,female_10_IUS-F18202.wav,female,-5,Leaky_NLMS,0.7159,1.497,7.32,-5.60
arena,jazz,female_10_IUS-F18202.wav,female,-5,Soft_VAD_Leaky,0.7128,1.519,6.86,-4.81
arena,jazz,male_01_IUS-M00201.wav,male,0,Unprocessed,0.7118,1.559,0.00,0.00
arena,jazz,male_01_IUS-M00201.wav,male,0,FIR_BP,0.6535,1.302,-2.12,-2.49
arena,jazz,male_01_IUS-M00201.wav,male,0,Parametric_Notch,0.7115,1.547,1.53,-0.81
arena,jazz,male_01_IUS-M00201.wav,male,0,Base_NLMS,0.7462,1.496,4.14,-6.50
arena,jazz,male_01_IUS-M00201.wav,male,0,Leaky_NLMS,0.7526,1.574,4.99,-4.95
arena,jazz,male_01_IUS-M00201.wav,male,0,Soft_VAD_Leaky,0.7538,1.636,5.66,-3.46
arena,jazz,male_02_IUS-M02201.wav,male,0,Unprocessed,0.7339,1.551,-0.00,0.00
arena,jazz,male_02_IUS-M02201.wav,male,0,FIR_BP,0.6849,1.275,-2.47,-2.95
arena,jazz,male_02_IUS-M02201.wav,male,0,Parametric_Notch,0.7350,1.537,1.38,-0.74
arena,jazz,male_02_IUS-M02201.wav,male,0,Base_NLMS,0.7816,1.544,3.99,-6.47
arena,jazz,male_02_IUS-M02201.wav,male,0,Leaky_NLMS,0.7727,1.602,5.07,-4.90
arena,jazz,male_02_IUS-M02201.wav,male,0,Soft_VAD_Leaky,0.7749,1.655,5.79,-3.63
arena,jazz,male_03_IUS-M04201.wav,male,0,Unprocessed,0.7140,1.536,0.00,0.00
arena,jazz,male_03_IUS-M04201.wav,male,0,FIR_BP,0.6470,1.283,-2.45,-2.90
arena,jazz,male_03_IUS-M04201.wav,male,0,Parametric_Notch,0.7115,1.521,1.31,-0.66
arena,jazz,male_03_IUS-M04201.wav,male,0,Base_NLMS,0.7355,1.441,2.22,-6.80
arena,jazz,male_03_IUS-M04201.wav,male,0,Leaky_NLMS,0.7376,1.468,3.08,-5.34
arena,jazz,male_03_IUS-M04201.wav,male,0,Soft_VAD_Leaky,0.7401,1.529,3.67,-3.71
arena,jazz,male_04_IUS-M06201.wav,male,0,Unprocessed,0.7771,1.552,0.00,0.00
arena,jazz,male_04_IUS-M06201.wav,male,0,FIR_BP,0.7096,1.259,-2.22,-3.28
arena,jazz,male_04_IUS-M06201.wav,male,0,Parametric_Notch,0.7766,1.540,1.48,-0.79
arena,jazz,male_04_IUS-M06201.wav,male,0,Base_NLMS,0.7764,1.451,2.94,-6.98
arena,jazz,male_04_IUS-M06201.wav,male,0,Leaky_NLMS,0.7972,1.562,4.40,-5.04
arena,jazz,male_04_IUS-M06201.wav,male,0,Soft_VAD_Leaky,0.8064,1.630,5.22,-3.61
arena,jazz,male_05_IUS-M08201.wav,male,0,Unprocessed,0.7389,1.582,0.00,0.00
arena,jazz,male_05_IUS-M08201.wav,male,0,FIR_BP,0.6749,1.363,-2.28,-2.11
arena,jazz,male_05_IUS-M08201.wav,male,0,Parametric_Notch,0.7391,1.571,1.28,-0.71
arena,jazz,male_05_IUS-M08201.wav,male,0,Base_NLMS,0.8168,1.603,4.17,-6.47
arena,jazz,male_05_IUS-M08201.wav,male,0,Leaky_NLMS,0.7835,1.627,4.71,-4.65
arena,jazz,male_05_IUS-M08201.wav,male,0,Soft_VAD_Leaky,0.7880,1.709,5.76,-3.12
arena,jazz,male_06_IUS-M10201.wav,male,0,Unprocessed,0.8127,1.675,0.00,0.00
arena,jazz,male_06_IUS-M10201.wav,male,0,FIR_BP,0.7524,1.377,-3.12,-1.99
arena,jazz,male_06_IUS-M10201.wav,male,0,Parametric_Notch,0.8108,1.672,1.28,-0.63
arena,jazz,male_06_IUS-M10201.wav,male,0,Base_NLMS,0.8463,1.675,3.71,-5.66
arena,jazz,male_06_IUS-M10201.wav,male,0,Leaky_NLMS,0.8390,1.769,4.93,-4.15
arena,jazz,male_06_IUS-M10201.wav,male,0,Soft_VAD_Leaky,0.8439,1.865,5.57,-2.91
arena,jazz,male_07_IUS-M12201.wav,male,0,Unprocessed,0.7646,1.602,0.00,0.00
arena,jazz,male_07_IUS-M12201.wav,male,0,FIR_BP,0.6896,1.318,-2.26,-2.24
arena,jazz,male_07_IUS-M12201.wav,male,0,Parametric_Notch,0.7634,1.600,1.57,-0.82
arena,jazz,male_07_IUS-M12201.wav,male,0,Base_NLMS,0.8182,1.577,3.19,-6.06
arena,jazz,male_07_IUS-M12201.wav,male,0,Leaky_NLMS,0.8057,1.656,4.19,-4.65
arena,jazz,male_07_IUS-M12201.wav,male,0,Soft_VAD_Leaky,0.8176,1.800,5.86,-2.71
arena,jazz,male_08_IUS-M14201.wav,male,0,Unprocessed,0.6243,1.559,0.00,0.00
arena,jazz,male_08_IUS-M14201.wav,male,0,FIR_BP,0.5930,1.370,-2.55,-1.95
arena,jazz,male_08_IUS-M14201.wav,male,0,Parametric_Notch,0.6223,1.545,1.28,-0.69
arena,jazz,male_08_IUS-M14201.wav,male,0,Base_NLMS,0.6816,1.485,3.81,-6.70
arena,jazz,male_08_IUS-M14201.wav,male,0,Leaky_NLMS,0.6621,1.522,4.40,-5.34
arena,jazz,male_08_IUS-M14201.wav,male,0,Soft_VAD_Leaky,0.6640,1.601,5.37,-3.61
arena,jazz,male_09_IUS-M16201.wav,male,0,Unprocessed,0.7328,1.543,0.00,0.00
arena,jazz,male_09_IUS-M16201.wav,male,0,FIR_BP,0.6627,1.308,-2.43,-2.47
arena,jazz,male_09_IUS-M16201.wav,male,0,Parametric_Notch,0.7332,1.533,1.25,-0.68
arena,jazz,male_09_IUS-M16201.wav,male,0,Base_NLMS,0.7003,1.483,3.66,-6.84
arena,jazz,male_09_IUS-M16201.wav,male,0,Leaky_NLMS,0.7326,1.518,4.13,-5.10
arena,jazz,male_09_IUS-M16201.wav,male,0,Soft_VAD_Leaky,0.7573,1.633,5.23,-3.45
arena,jazz,male_10_IUS-M18201.wav,male,0,Unprocessed,0.7437,1.653,0.00,0.00
arena,jazz,male_10_IUS-M18201.wav,male,0,FIR_BP,0.6886,1.357,-2.46,-2.06
arena,jazz,male_10_IUS-M18201.wav,male,0,Parametric_Notch,0.7398,1.644,1.47,-0.76
arena,jazz,male_10_IUS-M18201.wav,male,0,Base_NLMS,0.7848,1.605,4.19,-6.25
arena,jazz,male_10_IUS-M18201.wav,male,0,Leaky_NLMS,0.7741,1.669,4.65,-4.68
arena,jazz,male_10_IUS-M18201.wav,male,0,Soft_VAD_Leaky,0.7734,1.753,5.66,-3.39
arena,jazz,female_01_IUS-F00202.wav,female,0,Unprocessed,0.5831,1.596,0.00,0.00
arena,jazz,female_01_IUS-F00202.wav,female,0,FIR_BP,0.5478,1.308,-1.95,-2.03
arena,jazz,female_01_IUS-F00202.wav,female,0,Parametric_Notch,0.5833,1.610,0.67,-0.46
arena,jazz,female_01_IUS-F00202.wav,female,0,Base_NLMS,0.5899,1.473,3.84,-7.50
arena,jazz,female_01_IUS-F00202.wav,female,0,Leaky_NLMS,0.5909,1.603,4.73,-5.44
arena,jazz,female_01_IUS-F00202.wav,female,0,Soft_VAD_Leaky,0.6065,1.766,5.64,-3.61
arena,jazz,female_02_IUS-F02202.wav,female,0,Unprocessed,0.7089,1.490,0.00,0.00
arena,jazz,female_02_IUS-F02202.wav,female,0,FIR_BP,0.6629,1.246,-1.96,-2.74
arena,jazz,female_02_IUS-F02202.wav,female,0,Parametric_Notch,0.7089,1.483,0.81,-0.50
arena,jazz,female_02_IUS-F02202.wav,female,0,Base_NLMS,0.6907,1.419,3.31,-7.43
arena,jazz,female_02_IUS-F02202.wav,female,0,Leaky_NLMS,0.7184,1.489,4.52,-5.22
arena,jazz,female_02_IUS-F02202.wav,female,0,Soft_VAD_Leaky,0.7268,1.575,5.71,-3.58
arena,jazz,female_03_IUS-F04202.wav,female,0,Unprocessed,0.7287,1.543,0.00,0.00
arena,jazz,female_03_IUS-F04202.wav,female,0,FIR_BP,0.6928,1.264,-3.06,-2.28
arena,jazz,female_03_IUS-F04202.wav,female,0,Parametric_Notch,0.7288,1.541,0.67,-0.35
arena,jazz,female_03_IUS-F04202.wav,female,0,Base_NLMS,0.7044,1.398,2.52,-6.79
arena,jazz,female_03_IUS-F04202.wav,female,0,Leaky_NLMS,0.7456,1.507,3.88,-5.13
arena,jazz,female_03_IUS-F04202.wav,female,0,Soft_VAD_Leaky,0.7658,1.609,4.76,-3.34
arena,jazz,female_04_IUS-F06202.wav,female,0,Unprocessed,0.7801,1.552,0.00,0.00
arena,jazz,female_04_IUS-F06202.wav,female,0,FIR_BP,0.7346,1.247,-2.33,-3.22
arena,jazz,female_04_IUS-F06202.wav,female,0,Parametric_Notch,0.7800,1.548,0.83,-0.47
arena,jazz,female_04_IUS-F06202.wav,female,0,Base_NLMS,0.7403,1.429,2.63,-7.01
arena,jazz,female_04_IUS-F06202.wav,female,0,Leaky_NLMS,0.7809,1.519,3.89,-5.23
arena,jazz,female_04_IUS-F06202.wav,female,0,Soft_VAD_Leaky,0.7962,1.618,4.87,-3.73
arena,jazz,female_05_IUS-F08202.wav,female,0,Unprocessed,0.7628,1.555,0.00,0.00
arena,jazz,female_05_IUS-F08202.wav,female,0,FIR_BP,0.7267,1.336,-2.68,-1.70
arena,jazz,female_05_IUS-F08202.wav,female,0,Parametric_Notch,0.7608,1.551,0.63,-0.37
arena,jazz,female_05_IUS-F08202.wav,female,0,Base_NLMS,0.7909,1.512,3.66,-6.25
arena,jazz,female_05_IUS-F08202.wav,female,0,Leaky_NLMS,0.7965,1.588,4.35,-4.77
arena,jazz,female_05_IUS-F08202.wav,female,0,Soft_VAD_Leaky,0.8023,1.704,5.30,-3.23
arena,jazz,female_06_IUS-F10202.wav,female,0,Unprocessed,0.7922,1.559,0.00,0.00
arena,jazz,female_06_IUS-F10202.wav,female,0,FIR_BP,0.7515,1.289,-3.22,-2.16
arena,jazz,female_06_IUS-F10202.wav,female,0,Parametric_Notch,0.7930,1.559,0.84,-0.44
arena,jazz,female_06_IUS-F10202.wav,female,0,Base_NLMS,0.7779,1.448,2.75,-6.58
arena,jazz,female_06_IUS-F10202.wav,female,0,Leaky_NLMS,0.8079,1.595,4.52,-4.69
arena,jazz,female_06_IUS-F10202.wav,female,0,Soft_VAD_Leaky,0.8254,1.731,5.23,-2.80
arena,jazz,female_07_IUS-F12202.wav,female,0,Unprocessed,0.7040,1.477,-0.00,0.00
arena,jazz,female_07_IUS-F12202.wav,female,0,FIR_BP,0.6670,1.278,-2.70,-1.99
arena,jazz,female_07_IUS-F12202.wav,female,0,Parametric_Notch,0.7041,1.474,0.71,-0.39
arena,jazz,female_07_IUS-F12202.wav,female,0,Base_NLMS,0.6999,1.373,2.67,-7.55
arena,jazz,female_07_IUS-F12202.wav,female,0,Leaky_NLMS,0.6897,1.418,3.58,-5.86
arena,jazz,female_07_IUS-F12202.wav,female,0,Soft_VAD_Leaky,0.7140,1.592,5.53,-3.21
arena,jazz,female_08_IUS-F14202.wav,female,0,Unprocessed,0.7982,1.542,0.00,0.00
arena,jazz,female_08_IUS-F14202.wav,female,0,FIR_BP,0.7487,1.342,-2.75,-2.11
arena,jazz,female_08_IUS-F14202.wav,female,0,Parametric_Notch,0.7946,1.541,1.18,-0.69
arena,jazz,female_08_IUS-F14202.wav,female,0,Base_NLMS,0.8365,1.538,4.95,-6.30
arena,jazz,female_08_IUS-F14202.wav,female,0,Leaky_NLMS,0.8146,1.580,5.12,-4.88
arena,jazz,female_08_IUS-F14202.wav,female,0,Soft_VAD_Leaky,0.8243,1.686,5.74,-3.41
arena,jazz,female_09_IUS-F16202.wav,female,0,Unprocessed,0.7043,1.443,0.00,0.00
arena,jazz,female_09_IUS-F16202.wav,female,0,FIR_BP,0.6625,1.274,-1.26,-2.04
arena,jazz,female_09_IUS-F16202.wav,female,0,Parametric_Notch,0.7052,1.437,0.63,-0.42
arena,jazz,female_09_IUS-F16202.wav,female,0,Base_NLMS,0.7806,1.515,4.27,-5.99
arena,jazz,female_09_IUS-F16202.wav,female,0,Leaky_NLMS,0.7470,1.518,4.80,-4.72
arena,jazz,female_09_IUS-F16202.wav,female,0,Soft_VAD_Leaky,0.7513,1.563,5.30,-3.42
arena,jazz,female_10_IUS-F18202.wav,female,0,Unprocessed,0.7675,1.629,0.00,0.00
arena,jazz,female_10_IUS-F18202.wav,female,0,FIR_BP,0.7252,1.329,-3.28,-2.34
arena,jazz,female_10_IUS-F18202.wav,female,0,Parametric_Notch,0.7664,1.617,1.49,-0.81
arena,jazz,female_10_IUS-F18202.wav,female,0,Base_NLMS,0.8196,1.656,4.49,-5.72
arena,jazz,female_10_IUS-F18202.wav,female,0,Leaky_NLMS,0.8132,1.699,5.06,-4.25
arena,jazz,female_10_IUS-F18202.wav,female,0,Soft_VAD_Leaky,0.8124,1.773,5.60,-2.98
arena,jazz,male_01_IUS-M00201.wav,male,5,Unprocessed,0.8255,1.896,0.00,0.00
arena,jazz,male_01_IUS-M00201.wav,male,5,FIR_BP,0.7627,1.377,-6.15,-2.11
arena,jazz,male_01_IUS-M00201.wav,male,5,Parametric_Notch,0.8257,1.881,1.49,-0.41
arena,jazz,male_01_IUS-M00201.wav,male,5,Base_NLMS,0.7662,1.495,-1.81,-6.26
arena,jazz,male_01_IUS-M00201.wav,male,5,Leaky_NLMS,0.8286,1.668,0.11,-4.84
arena,jazz,male_01_IUS-M00201.wav,male,5,Soft_VAD_Leaky,0.8462,1.929,3.35,-2.37
arena,jazz,male_02_IUS-M02201.wav,male,5,Unprocessed,0.8226,1.854,0.00,0.00
arena,jazz,male_02_IUS-M02201.wav,male,5,FIR_BP,0.7681,1.336,-6.56,-2.84
arena,jazz,male_02_IUS-M02201.wav,male,5,Parametric_Notch,0.8234,1.837,1.30,-0.38
arena,jazz,male_02_IUS-M02201.wav,male,5,Base_NLMS,0.7857,1.522,-1.97,-6.21
arena,jazz,male_02_IUS-M02201.wav,male,5,Leaky_NLMS,0.8301,1.680,-0.00,-4.75
arena,jazz,male_02_IUS-M02201.wav,male,5,Soft_VAD_Leaky,0.8278,1.772,1.74,-2.87
arena,jazz,male_03_IUS-M04201.wav,male,5,Unprocessed,0.8245,1.837,0.00,0.00
arena,jazz,male_03_IUS-M04201.wav,male,5,FIR_BP,0.7482,1.353,-6.56,-2.76
arena,jazz,male_03_IUS-M04201.wav,male,5,Parametric_Notch,0.8232,1.821,1.26,-0.32
arena,jazz,male_03_IUS-M04201.wav,male,5,Base_NLMS,0.7546,1.451,-3.03,-6.27
arena,jazz,male_03_IUS-M04201.wav,male,5,Leaky_NLMS,0.8147,1.557,-1.57,-5.09
arena,jazz,male_03_IUS-M04201.wav,male,5,Soft_VAD_Leaky,0.8327,1.780,0.92,-2.53
arena,jazz,male_04_IUS-M06201.wav,male,5,Unprocessed,0.8743,1.877,0.00,0.00
arena,jazz,male_04_IUS-M06201.wav,male,5,FIR_BP,0.8045,1.317,-6.31,-3.31
arena,jazz,male_04_IUS-M06201.wav,male,5,Parametric_Notch,0.8742,1.861,1.37,-0.40
arena,jazz,male_04_IUS-M06201.wav,male,5,Base_NLMS,0.8012,1.460,-2.49,-6.43
arena,jazz,male_04_IUS-M06201.wav,male,5,Leaky_NLMS,0.8522,1.661,-0.58,-4.79
arena,jazz,male_04_IUS-M06201.wav,male,5,Soft_VAD_Leaky,0.8680,1.794,1.13,-3.00
arena,jazz,male_05_IUS-M08201.wav,male,5,Unprocessed,0.8487,1.913,0.00,0.00
arena,jazz,male_05_IUS-M08201.wav,male,5,FIR_BP,0.7719,1.447,-6.39,-1.48
arena,jazz,male_05_IUS-M08201.wav,male,5,Parametric_Notch,0.8490,1.901,1.26,-0.36
arena,jazz,male_05_IUS-M08201.wav,male,5,Base_NLMS,0.8330,1.657,-1.27,-5.62
arena,jazz,male_05_IUS-M08201.wav,male,5,Leaky_NLMS,0.8667,1.803,0.42,-4.15
arena,jazz,male_05_IUS-M08201.wav,male,5,Soft_VAD_Leaky,0.8856,2.082,4.11,-1.80
arena,jazz,male_06_IUS-M10201.wav,male,5,Unprocessed,0.9024,2.115,0.00,0.00
arena,jazz,male_06_IUS-M10201.wav,male,5,FIR_BP,0.8342,1.455,-7.33,-1.45
arena,jazz,male_06_IUS-M10201.wav,male,5,Parametric_Notch,0.9022,2.109,1.23,-0.30
arena,jazz,male_06_IUS-M10201.wav,male,5,Base_NLMS,0.8628,1.678,-2.02,-5.09
arena,jazz,male_06_IUS-M10201.wav,male,5,Leaky_NLMS,0.9010,1.942,0.41,-3.71
arena,jazz,male_06_IUS-M10201.wav,male,5,Soft_VAD_Leaky,0.9160,2.257,3.58,-1.68
arena,jazz,male_07_IUS-M12201.wav,male,5,Unprocessed,0.8640,1.999,0.00,0.00
arena,jazz,male_07_IUS-M12201.wav,male,5,FIR_BP,0.7824,1.388,-6.37,-1.69
arena,jazz,male_07_IUS-M12201.wav,male,5,Parametric_Notch,0.8639,1.992,1.54,-0.40
arena,jazz,male_07_IUS-M12201.wav,male,5,Base_NLMS,0.8174,1.596,-2.14,-5.15
arena,jazz,male_07_IUS-M12201.wav,male,5,Leaky_NLMS,0.8605,1.776,-0.41,-4.15
arena,jazz,male_07_IUS-M12201.wav,male,5,Soft_VAD_Leaky,0.8868,2.152,3.99,-1.51
arena,jazz,male_08_IUS-M14201.wav,male,5,Unprocessed,0.7642,1.882,0.00,0.00
arena,jazz,male_08_IUS-M14201.wav,male,5,FIR_BP,0.7161,1.469,-6.68,-1.36
arena,jazz,male_08_IUS-M14201.wav,male,5,Parametric_Notch,0.7627,1.867,1.24,-0.35
arena,jazz,male_08_IUS-M14201.wav,male,5,Base_NLMS,0.7269,1.482,-1.98,-6.43
arena,jazz,male_08_IUS-M14201.wav,male,5,Leaky_NLMS,0.7767,1.613,-0.46,-5.31
arena,jazz,male_08_IUS-M14201.wav,male,5,Soft_VAD_Leaky,0.7936,1.905,3.31,-2.44
arena,jazz,male_09_IUS-M16201.wav,male,5,Unprocessed,0.8335,1.869,-0.00,0.00
arena,jazz,male_09_IUS-M16201.wav,male,5,FIR_BP,0.7563,1.381,-6.44,-1.99
arena,jazz,male_09_IUS-M16201.wav,male,5,Parametric_Notch,0.8336,1.857,1.21,-0.34
arena,jazz,male_09_IUS-M16201.wav,male,5,Base_NLMS,0.7144,1.496,-1.81,-6.07
arena,jazz,male_09_IUS-M16201.wav,male,5,Leaky_NLMS,0.7882,1.628,-0.40,-4.78
arena,jazz,male_09_IUS-M16201.wav,male,5,Soft_VAD_Leaky,0.8229,1.882,2.65,-2.26
arena,jazz,male_10_IUS-M18201.wav,male,5,Unprocessed,0.8444,2.053,0.00,0.00
arena,jazz,male_10_IUS-M18201.wav,male,5,FIR_BP,0.7830,1.433,-6.54,-1.54
arena,jazz,male_10_IUS-M18201.wav,male,5,Parametric_Notch,0.8432,2.041,1.42,-0.37
arena,jazz,male_10_IUS-M18201.wav,male,5,Base_NLMS,0.8211,1.657,-1.47,-5.38
arena,jazz,male_10_IUS-M18201.wav,male,5,Leaky_NLMS,0.8584,1.854,0.32,-4.17
arena,jazz,male_10_IUS-M18201.wav,male,5,Soft_VAD_Leaky,0.8671,2.121,3.38,-2.10
arena,jazz,female_01_IUS-F00202.wav,female,5,Unprocessed,0.6553,2.034,0.00,0.00
arena,jazz,female_01_IUS-F00202.wav,female,5,FIR_BP,0.6112,1.370,-5.73,-1.76
arena,jazz,female_01_IUS-F00202.wav,female,5,Parametric_Notch,0.6555,2.040,0.56,-0.25
arena,jazz,female_01_IUS-F00202.wav,female,5,Base_NLMS,0.6032,1.421,-1.63,-7.01
arena,jazz,female_01_IUS-F00202.wav,female,5,Leaky_NLMS,0.6198,1.611,0.10,-5.53
arena,jazz,female_01_IUS-F00202.wav,female,5,Soft_VAD_Leaky,0.6637,2.102,3.85,-2.29
arena,jazz,female_02_IUS-F02202.wav,female,5,Unprocessed,0.7831,1.763,0.00,0.00
arena,jazz,female_02_IUS-F02202.wav,female,5,FIR_BP,0.7351,1.295,-5.78,-2.79
arena,jazz,female_02_IUS-F02202.wav,female,5,Parametric_Notch,0.7832,1.753,0.74,-0.27
arena,jazz,female_02_IUS-F02202.wav,female,5,Base_NLMS,0.6943,1.384,-2.40,-7.19
arena,jazz,female_02_IUS-F02202.wav,female,5,Leaky_NLMS,0.7517,1.512,-0.65,-5.52
arena,jazz,female_02_IUS-F02202.wav,female,5,Soft_VAD_Leaky,0.7830,1.725,2.32,-3.17
arena,jazz,female_03_IUS-F04202.wav,female,5,Unprocessed,0.8275,1.867,-0.00,0.00
arena,jazz,female_03_IUS-F04202.wav,female,5,FIR_BP,0.7842,1.315,-7.08,-2.27
arena,jazz,female_03_IUS-F04202.wav,female,5,Parametric_Notch,0.8283,1.863,0.64,-0.18
arena,jazz,female_03_IUS-F04202.wav,female,5,Base_NLMS,0.7121,1.370,-2.95,-6.48
arena,jazz,female_03_IUS-F04202.wav,female,5,Leaky_NLMS,0.7816,1.526,-1.12,-5.27
arena,jazz,female_03_IUS-F04202.wav,female,5,Soft_VAD_Leaky,0.8351,1.849,2.32,-2.36
arena,jazz,female_04_IUS-F06202.wav,female,5,Unprocessed,0.8524,1.880,0.00,0.00
arena,jazz,female_04_IUS-F06202.wav,female,5,FIR_BP,0.8080,1.293,-6.25,-3.59
arena,jazz,female_04_IUS-F06202.wav,female,5,Parametric_Notch,0.8522,1.871,0.71,-0.26
arena,jazz,female_04_IUS-F06202.wav,female,5,Base_NLMS,0.7489,1.398,-2.89,-6.64
arena,jazz,female_04_IUS-F06202.wav,female,5,Leaky_NLMS,0.8025,1.534,-1.31,-5.40
arena,jazz,female_04_IUS-F06202.wav,female,5,Soft_VAD_Leaky,0.8323,1.705,0.73,-3.30
arena,jazz,female_05_IUS-F08202.wav,female,5,Unprocessed,0.8508,1.886,0.00,0.00
arena,jazz,female_05_IUS-F08202.wav,female,5,FIR_BP,0.7991,1.412,-6.59,-1.42
arena,jazz,female_05_IUS-F08202.wav,female,5,Parametric_Notch,0.8498,1.879,0.55,-0.20
arena,jazz,female_05_IUS-F08202.wav,female,5,Base_NLMS,0.7900,1.497,-2.04,-5.92
arena,jazz,female_05_IUS-F08202.wav,female,5,Leaky_NLMS,0.8455,1.673,-0.36,-4.68
arena,jazz,female_05_IUS-F08202.wav,female,5,Soft_VAD_Leaky,0.8701,2.022,2.95,-2.09
arena,jazz,female_06_IUS-F10202.wav,female,5,Unprocessed,0.8810,1.910,0.00,0.00
arena,jazz,female_06_IUS-F10202.wav,female,5,FIR_BP,0.8388,1.347,-7.41,-1.91
arena,jazz,female_06_IUS-F10202.wav,female,5,Parametric_Notch,0.8813,1.907,0.81,-0.22
arena,jazz,female_06_IUS-F10202.wav,female,5,Base_NLMS,0.7729,1.427,-2.73,-6.32
arena,jazz,female_06_IUS-F10202.wav,female,5,Leaky_NLMS,0.8391,1.631,-0.42,-4.71
arena,jazz,female_06_IUS-F10202.wav,female,5,Soft_VAD_Leaky,0.8813,1.983,2.82,-1.79
arena,jazz,female_07_IUS-F12202.wav,female,5,Unprocessed,0.7907,1.767,-0.00,0.00
arena,jazz,female_07_IUS-F12202.wav,female,5,FIR_BP,0.7451,1.346,-6.65,-1.73
arena,jazz,female_07_IUS-F12202.wav,female,5,Parametric_Notch,0.7910,1.762,0.69,-0.20
arena,jazz,female_07_IUS-F12202.wav,female,5,Base_NLMS,0.7172,1.373,-2.61,-7.25
arena,jazz,female_07_IUS-F12202.wav,female,5,Leaky_NLMS,0.7430,1.462,-1.07,-6.02
arena,jazz,female_07_IUS-F12202.wav,female,5,Soft_VAD_Leaky,0.7927,1.837,3.51,-1.98
arena,jazz,female_08_IUS-F14202.wav,female,5,Unprocessed,0.8778,1.870,0.00,0.00
arena,jazz,female_08_IUS-F14202.wav,female,5,FIR_BP,0.8243,1.421,-6.92,-1.48
arena,jazz,female_08_IUS-F14202.wav,female,5,Parametric_Notch,0.8764,1.864,1.14,-0.36
arena,jazz,female_08_IUS-F14202.wav,female,5,Base_NLMS,0.8464,1.527,-0.83,-5.62
arena,jazz,female_08_IUS-F14202.wav,female,5,Leaky_NLMS,0.8638,1.671,0.67,-4.60
arena,jazz,female_08_IUS-F14202.wav,female,5,Soft_VAD_Leaky,0.8941,2.034,4.08,-2.09
arena,jazz,female_09_IUS-F16202.wav,female,5,Unprocessed,0.7819,1.685,0.00,0.00
arena,jazz,female_09_IUS-F16202.wav,female,5,FIR_BP,0.7287,1.340,-4.75,-1.85
arena,jazz,female_09_IUS-F16202.wav,female,5,Parametric_Notch,0.7826,1.676,0.49,-0.25
arena,jazz,female_09_IUS-F16202.wav,female,5,Base_NLMS,0.7827,1.538,-1.34,-5.26
arena,jazz,female_09_IUS-F16202.wav,female,5,Leaky_NLMS,0.7919,1.631,0.19,-4.47
arena,jazz,female_09_IUS-F16202.wav,female,5,Soft_VAD_Leaky,0.8097,1.792,2.58,-2.33
arena,jazz,female_10_IUS-F18202.wav,female,5,Unprocessed,0.8611,2.026,0.00,0.00
arena,jazz,female_10_IUS-F18202.wav,female,5,FIR_BP,0.8081,1.398,-7.56,-1.83
arena,jazz,female_10_IUS-F18202.wav,female,5,Parametric_Notch,0.8604,2.008,1.39,-0.41
arena,jazz,female_10_IUS-F18202.wav,female,5,Base_NLMS,0.8292,1.597,-1.73,-5.28
arena,jazz,female_10_IUS-F18202.wav,female,5,Leaky_NLMS,0.8676,1.839,0.25,-4.05
arena,jazz,female_10_IUS-F18202.wav,female,5,Soft_VAD_Leaky,0.8792,2.100,3.11,-1.86
arena,jazz,male_01_IUS-M00201.wav,male,10,Unprocessed,0.9050,2.456,0.00,0.00
arena,jazz,male_01_IUS-M00201.wav,male,10,FIR_BP,0.8429,1.447,-10.00,-1.84
arena,jazz,male_01_IUS-M00201.wav,male,10,Parametric_Notch,0.9049,2.447,1.37,-0.16
arena,jazz,male_01_IUS-M00201.wav,male,10,Base_NLMS,0.7587,1.442,-7.57,-7.10
arena,jazz,male_01_IUS-M00201.wav,male,10,Leaky_NLMS,0.8551,1.654,-5.74,-5.73
arena,jazz,male_01_IUS-M00201.wav,male,10,Soft_VAD_Leaky,0.8901,2.120,-1.42,-2.17
arena,jazz,male_02_IUS-M02201.wav,male,10,Unprocessed,0.8850,2.344,0.00,0.00
arena,jazz,male_02_IUS-M02201.wav,male,10,FIR_BP,0.8284,1.399,-10.00,-2.78
arena,jazz,male_02_IUS-M02201.wav,male,10,Parametric_Notch,0.8851,2.333,1.07,-0.16
arena,jazz,male_02_IUS-M02201.wav,male,10,Base_NLMS,0.7639,1.457,-7.74,-6.88
arena,jazz,male_02_IUS-M02201.wav,male,10,Leaky_NLMS,0.8454,1.654,-5.93,-5.48
arena,jazz,male_02_IUS-M02201.wav,male,10,Soft_VAD_Leaky,0.8526,1.861,-3.33,-2.71
arena,jazz,male_03_IUS-M04201.wav,male,10,Unprocessed,0.8960,2.346,0.00,0.00
arena,jazz,male_03_IUS-M04201.wav,male,10,FIR_BP,0.8188,1.425,-10.00,-2.69
arena,jazz,male_03_IUS-M04201.wav,male,10,Parametric_Notch,0.8954,2.335,1.09,-0.13
arena,jazz,male_03_IUS-M04201.wav,male,10,Base_NLMS,0.7510,1.422,-8.36,-6.68
arena,jazz,male_03_IUS-M04201.wav,male,10,Leaky_NLMS,0.8457,1.591,-6.86,-5.56
arena,jazz,male_03_IUS-M04201.wav,male,10,Soft_VAD_Leaky,0.8779,2.002,-3.49,-2.24
arena,jazz,male_04_IUS-M06201.wav,male,10,Unprocessed,0.9353,2.409,0.00,0.00
arena,jazz,male_04_IUS-M06201.wav,male,10,FIR_BP,0.8671,1.377,-10.00,-3.32
arena,jazz,male_04_IUS-M06201.wav,male,10,Parametric_Notch,0.9352,2.397,1.06,-0.18
arena,jazz,male_04_IUS-M06201.wav,male,10,Base_NLMS,0.8061,1.446,-7.88,-6.59
arena,jazz,male_04_IUS-M06201.wav,male,10,Leaky_NLMS,0.8707,1.693,-6.09,-5.13
arena,jazz,male_04_IUS-M06201.wav,male,10,Soft_VAD_Leaky,0.8989,1.931,-3.67,-2.63
arena,jazz,male_05_IUS-M08201.wav,male,10,Unprocessed,0.9229,2.453,-0.00,0.00
arena,jazz,male_05_IUS-M08201.wav,male,10,FIR_BP,0.8438,1.515,-10.00,-1.07
arena,jazz,male_05_IUS-M08201.wav,male,10,Parametric_Notch,0.9228,2.445,1.18,-0.15
arena,jazz,male_05_IUS-M08201.wav,male,10,Base_NLMS,0.8348,1.637,-6.88,-5.79
arena,jazz,male_05_IUS-M08201.wav,male,10,Leaky_NLMS,0.8973,1.879,-5.01,-4.39
arena,jazz,male_05_IUS-M08201.wav,male,10,Soft_VAD_Leaky,0.9339,2.557,1.98,-1.12
arena,jazz,male_06_IUS-M10201.wav,male,10,Unprocessed,0.9560,2.784,0.00,0.00
arena,jazz,male_06_IUS-M10201.wav,male,10,FIR_BP,0.8874,1.510,-10.00,-1.12
arena,jazz,male_06_IUS-M10201.wav,male,10,Parametric_Notch,0.9559,2.783,1.11,-0.12
arena,jazz,male_06_IUS-M10201.wav,male,10,Base_NLMS,0.8586,1.597,-7.68,-5.50
arena,jazz,male_06_IUS-M10201.wav,male,10,Leaky_NLMS,0.9199,1.944,-5.42,-4.12
arena,jazz,male_06_IUS-M10201.wav,male,10,Soft_VAD_Leaky,0.9468,2.632,0.96,-1.10
arena,jazz,male_07_IUS-M12201.wav,male,10,Unprocessed,0.9285,2.625,0.00,0.00
arena,jazz,male_07_IUS-M12201.wav,male,10,FIR_BP,0.8466,1.443,-10.00,-1.30
arena,jazz,male_07_IUS-M12201.wav,male,10,Parametric_Notch,0.9284,2.621,1.45,-0.16
arena,jazz,male_07_IUS-M12201.wav,male,10,Base_NLMS,0.8074,1.557,-7.46,-5.00
arena,jazz,male_07_IUS-M12201.wav,male,10,Leaky_NLMS,0.8760,1.781,-5.71,-4.29
arena,jazz,male_07_IUS-M12201.wav,male,10,Soft_VAD_Leaky,0.9171,2.319,0.52,-0.79
arena,jazz,male_08_IUS-M14201.wav,male,10,Unprocessed,0.8693,2.419,0.00,0.00
arena,jazz,male_08_IUS-M14201.wav,male,10,FIR_BP,0.8131,1.557,-10.00,-0.98
arena,jazz,male_08_IUS-M14201.wav,male,10,Parametric_Notch,0.8685,2.410,1.13,-0.11
arena,jazz,male_08_IUS-M14201.wav,male,10,Base_NLMS,0.7502,1.447,-7.61,-7.13
arena,jazz,male_08_IUS-M14201.wav,male,10,Leaky_NLMS,0.8455,1.647,-6.02,-5.97
arena,jazz,male_08_IUS-M14201.wav,male,10,Soft_VAD_Leaky,0.8835,2.362,0.68,-1.81
arena,jazz,male_09_IUS-M16201.wav,male,10,Unprocessed,0.8994,2.422,0.00,0.00
arena,jazz,male_09_IUS-M16201.wav,male,10,FIR_BP,0.8243,1.448,-10.00,-1.62
arena,jazz,male_09_IUS-M16201.wav,male,10,Parametric_Notch,0.8995,2.413,1.09,-0.11
arena,jazz,male_09_IUS-M16201.wav,male,10,Base_NLMS,0.7192,1.477,-7.17,-5.82
arena,jazz,male_09_IUS-M16201.wav,male,10,Leaky_NLMS,0.8155,1.679,-5.56,-4.83
arena,jazz,male_09_IUS-M16201.wav,male,10,Soft_VAD_Leaky,0.8625,2.085,-1.29,-1.57
arena,jazz,male_10_IUS-M18201.wav,male,10,Unprocessed,0.9215,2.678,0.00,0.00
arena,jazz,male_10_IUS-M18201.wav,male,10,FIR_BP,0.8607,1.493,-10.00,-1.17
arena,jazz,male_10_IUS-M18201.wav,male,10,Parametric_Notch,0.9211,2.670,1.28,-0.15
arena,jazz,male_10_IUS-M18201.wav,male,10,Base_NLMS,0.8362,1.617,-7.26,-5.69
arena,jazz,male_10_IUS-M18201.wav,male,10,Leaky_NLMS,0.8962,1.899,-5.35,-4.37
arena,jazz,male_10_IUS-M18201.wav,male,10,Soft_VAD_Leaky,0.9221,2.463,-0.24,-1.41
arena,jazz,female_01_IUS-F00202.wav,female,10,Unprocessed,0.7090,2.687,0.00,0.00
arena,jazz,female_01_IUS-F00202.wav,female,10,FIR_BP,0.6611,1.414,-10.00,-1.61
arena,jazz,female_01_IUS-F00202.wav,female,10,Parametric_Notch,0.7088,2.682,0.24,-0.15
arena,jazz,female_01_IUS-F00202.wav,female,10,Base_NLMS,0.6016,1.352,-7.02,-7.40
arena,jazz,female_01_IUS-F00202.wav,female,10,Leaky_NLMS,0.6241,1.544,-5.50,-6.36
arena,jazz,female_01_IUS-F00202.wav,female,10,Soft_VAD_Leaky,0.7047,2.431,0.94,-1.56
arena,jazz,female_02_IUS-F02202.wav,female,10,Unprocessed,0.8385,2.216,0.00,0.00
arena,jazz,female_02_IUS-F02202.wav,female,10,FIR_BP,0.7903,1.342,-10.00,-2.82
arena,jazz,female_02_IUS-F02202.wav,female,10,Parametric_Notch,0.8385,2.207,0.54,-0.13
arena,jazz,female_02_IUS-F02202.wav,female,10,Base_NLMS,0.6898,1.337,-7.84,-7.57
arena,jazz,female_02_IUS-F02202.wav,female,10,Leaky_NLMS,0.7561,1.478,-6.39,-6.44
arena,jazz,female_02_IUS-F02202.wav,female,10,Soft_VAD_Leaky,0.8138,1.834,-2.81,-3.22
arena,jazz,female_03_IUS-F04202.wav,female,10,Unprocessed,0.8972,2.385,0.00,0.00
arena,jazz,female_03_IUS-F04202.wav,female,10,FIR_BP,0.8492,1.359,-10.00,-2.24
arena,jazz,female_03_IUS-F04202.wav,female,10,Parametric_Notch,0.8977,2.382,0.54,-0.08
arena,jazz,female_03_IUS-F04202.wav,female,10,Base_NLMS,0.7155,1.329,-8.33,-6.84
arena,jazz,female_03_IUS-F04202.wav,female,10,Leaky_NLMS,0.7911,1.490,-6.79,-5.97
arena,jazz,female_03_IUS-F04202.wav,female,10,Soft_VAD_Leaky,0.8767,2.034,-1.39,-1.75
arena,jazz,female_04_IUS-F06202.wav,female,10,Unprocessed,0.9068,2.401,0.00,0.00
arena,jazz,female_04_IUS-F06202.wav,female,10,FIR_BP,0.8588,1.337,-10.00,-3.71
arena,jazz,female_04_IUS-F06202.wav,female,10,Parametric_Notch,0.9066,2.391,0.34,-0.13
arena,jazz,female_04_IUS-F06202.wav,female,10,Base_NLMS,0.7484,1.352,-8.24,-6.90
arena,jazz,female_04_IUS-F06202.wav,female,10,Leaky_NLMS,0.8024,1.483,-6.94,-5.97
arena,jazz,female_04_IUS-F06202.wav,female,10,Soft_VAD_Leaky,0.8598,1.775,-3.87,-2.96
arena,jazz,female_05_IUS-F08202.wav,female,10,Unprocessed,0.9116,2.418,0.00,0.00
arena,jazz,female_05_IUS-F08202.wav,female,10,FIR_BP,0.8528,1.474,-10.00,-1.25
arena,jazz,female_05_IUS-F08202.wav,female,10,Parametric_Notch,0.9108,2.411,0.33,-0.10
arena,jazz,female_05_IUS-F08202.wav,female,10,Base_NLMS,0.7709,1.441,-7.62,-6.35
arena,jazz,female_05_IUS-F08202.wav,female,10,Leaky_NLMS,0.8523,1.667,-5.92,-5.28
arena,jazz,female_05_IUS-F08202.wav,female,10,Soft_VAD_Leaky,0.9067,2.359,-0.34,-1.50
arena,jazz,female_06_IUS-F10202.wav,female,10,Unprocessed,0.9416,2.446,0.00,0.00
arena,jazz,female_06_IUS-F10202.wav,female,10,FIR_BP,0.8961,1.393,-10.00,-1.74
arena,jazz,female_06_IUS-F10202.wav,female,10,Parametric_Notch,0.9418,2.443,0.73,-0.09
arena,jazz,female_06_IUS-F10202.wav,female,10,Base_NLMS,0.7584,1.385,-8.11,-6.74
arena,jazz,female_06_IUS-F10202.wav,female,10,Leaky_NLMS,0.8379,1.596,-6.09,-5.31
arena,jazz,female_06_IUS-F10202.wav,female,10,Soft_VAD_Leaky,0.8923,1.999,-1.43,-1.43
arena,jazz,female_07_IUS-F12202.wav,female,10,Unprocessed,0.8673,2.261,0.00,0.00
arena,jazz,female_07_IUS-F12202.wav,female,10,FIR_BP,0.8092,1.410,-10.00,-1.32
arena,jazz,female_07_IUS-F12202.wav,female,10,Parametric_Notch,0.8676,2.257,0.64,-0.06
arena,jazz,female_07_IUS-F12202.wav,female,10,Base_NLMS,0.7218,1.347,-7.87,-7.70
arena,jazz,female_07_IUS-F12202.wav,female,10,Leaky_NLMS,0.7739,1.463,-6.42,-6.66
arena,jazz,female_07_IUS-F12202.wav,female,10,Soft_VAD_Leaky,0.8475,2.022,0.10,-1.25
arena,jazz,female_08_IUS-F14202.wav,female,10,Unprocessed,0.9357,2.394,0.00,0.00
arena,jazz,female_08_IUS-F14202.wav,female,10,FIR_BP,0.8800,1.484,-10.00,-1.10
arena,jazz,female_08_IUS-F14202.wav,female,10,Parametric_Notch,0.9354,2.388,0.99,-0.16
arena,jazz,female_08_IUS-F14202.wav,female,10,Base_NLMS,0.8363,1.488,-6.41,-5.73
arena,jazz,female_08_IUS-F14202.wav,female,10,Leaky_NLMS,0.8801,1.690,-4.80,-5.06
arena,jazz,female_08_IUS-F14202.wav,female,10,Soft_VAD_Leaky,0.9363,2.468,1.58,-1.39
arena,jazz,female_09_IUS-F16202.wav,female,10,Unprocessed,0.8500,2.112,0.00,0.00
arena,jazz,female_09_IUS-F16202.wav,female,10,FIR_BP,0.7913,1.410,-9.14,-1.52
arena,jazz,female_09_IUS-F16202.wav,female,10,Parametric_Notch,0.8503,2.101,0.07,-0.12
arena,jazz,female_09_IUS-F16202.wav,female,10,Base_NLMS,0.7740,1.500,-6.94,-5.41
arena,jazz,female_09_IUS-F16202.wav,female,10,Leaky_NLMS,0.8174,1.666,-5.43,-4.93
arena,jazz,female_09_IUS-F16202.wav,female,10,Soft_VAD_Leaky,0.8546,2.046,-1.50,-1.73
arena,jazz,female_10_IUS-F18202.wav,female,10,Unprocessed,0.9282,2.651,0.00,0.00
arena,jazz,female_10_IUS-F18202.wav,female,10,FIR_BP,0.8685,1.449,-10.00,-1.44
arena,jazz,female_10_IUS-F18202.wav,female,10,Parametric_Notch,0.9279,2.637,1.05,-0.19
arena,jazz,female_10_IUS-F18202.wav,female,10,Base_NLMS,0.8154,1.507,-7.46,-5.50
arena,jazz,female_10_IUS-F18202.wav,female,10,Leaky_NLMS,0.8738,1.809,-5.56,-4.62
arena,jazz,female_10_IUS-F18202.wav,female,10,Soft_VAD_Leaky,0.9047,2.274,-0.16,-1.33
arena,rock,male_01_IUS-M00201.wav,male,-15,Unprocessed,0.3521,1.251,0.00,0.00
arena,rock,male_01_IUS-M00201.wav,male,-15,FIR_BP,0.3433,1.203,4.71,-5.03
arena,rock,male_01_IUS-M00201.wav,male,-15,Parametric_Notch,0.3510,1.255,0.34,-0.35
arena,rock,male_01_IUS-M00201.wav,male,-15,Base_NLMS,0.3824,1.198,8.32,-8.10
arena,rock,male_01_IUS-M00201.wav,male,-15,Leaky_NLMS,0.3611,1.229,5.48,-5.34
arena,rock,male_01_IUS-M00201.wav,male,-15,Soft_VAD_Leaky,0.3605,1.235,4.77,-4.62
arena,rock,male_02_IUS-M02201.wav,male,-15,Unprocessed,0.3148,1.263,0.00,0.00
arena,rock,male_02_IUS-M02201.wav,male,-15,FIR_BP,0.2946,1.196,5.03,-5.55
arena,rock,male_02_IUS-M02201.wav,male,-15,Parametric_Notch,0.3148,1.265,0.32,-0.33
arena,rock,male_02_IUS-M02201.wav,male,-15,Base_NLMS,0.3875,1.210,8.83,-8.65
arena,rock,male_02_IUS-M02201.wav,male,-15,Leaky_NLMS,0.3274,1.236,5.94,-5.80
arena,rock,male_02_IUS-M02201.wav,male,-15,Soft_VAD_Leaky,0.3274,1.246,5.18,-5.02
arena,rock,male_03_IUS-M04201.wav,male,-15,Unprocessed,0.2548,1.256,0.00,0.00
arena,rock,male_03_IUS-M04201.wav,male,-15,FIR_BP,0.2556,1.195,5.26,-5.76
arena,rock,male_03_IUS-M04201.wav,male,-15,Parametric_Notch,0.2572,1.256,0.30,-0.32
arena,rock,male_03_IUS-M04201.wav,male,-15,Base_NLMS,0.3420,1.209,8.93,-8.90
arena,rock,male_03_IUS-M04201.wav,male,-15,Leaky_NLMS,0.2725,1.229,6.10,-6.02
arena,rock,male_03_IUS-M04201.wav,male,-15,Soft_VAD_Leaky,0.2716,1.239,5.30,-5.21
arena,rock,male_04_IUS-M06201.wav,male,-15,Unprocessed,0.3510,1.268,0.00,0.00
arena,rock,male_04_IUS-M06201.wav,male,-15,FIR_BP,0.3383,1.191,4.61,-5.09
arena,rock,male_04_IUS-M06201.wav,male,-15,Parametric_Notch,0.3494,1.269,0.33,-0.33
arena,rock,male_04_IUS-M06201.wav,male,-15,Base_NLMS,0.4061,1.211,8.18,-8.14
arena,rock,male_04_IUS-M06201.wav,male,-15,Leaky_NLMS,0.3836,1.243,5.47,-5.45
arena,rock,male_04_IUS-M06201.wav,male,-15,Soft_VAD_Leaky,0.3787,1.251,4.67,-4.60
arena,rock,male_05_IUS-M08201.wav,male,-15,Unprocessed,0.3156,1.255,0.00,0.00
arena,rock,male_05_IUS-M08201.wav,male,-15,FIR_BP,0.3055,1.233,5.26,-5.65
arena,rock,male_05_IUS-M08201.wav,male,-15,Parametric_Notch,0.3150,1.259,0.31,-0.31
arena,rock,male_05_IUS-M08201.wav,male,-15,Base_NLMS,0.4110,1.225,9.15,-8.91
arena,rock,male_05_IUS-M08201.wav,male,-15,Leaky_NLMS,0.3634,1.248,6.22,-6.04
arena,rock,male_05_IUS-M08201.wav,male,-15,Soft_VAD_Leaky,0.3581,1.254,5.40,-5.21
arena,rock,male_06_IUS-M10201.wav,male,-15,Unprocessed,0.3876,1.252,0.00,0.00
arena,rock,male_06_IUS-M10201.wav,male,-15,FIR_BP,0.3763,1.229,5.06,-5.58
arena,rock,male_06_IUS-M10201.wav,male,-15,Parametric_Notch,0.3864,1.257,0.31,-0.31
arena,rock,male_06_IUS-M10201.wav,male,-15,Base_NLMS,0.4499,1.232,9.04,-8.78
arena,rock,male_06_IUS-M10201.wav,male,-15,Leaky_NLMS,0.4057,1.251,6.19,-6.04
arena,rock,male_06_IUS-M10201.wav,male,-15,Soft_VAD_Leaky,0.4031,1.261,5.38,-5.22
arena,rock,male_07_IUS-M12201.wav,male,-15,Unprocessed,0.3208,1.244,-0.00,0.00
arena,rock,male_07_IUS-M12201.wav,male,-15,FIR_BP,0.3008,1.214,4.46,-4.77
arena,rock,male_07_IUS-M12201.wav,male,-15,Parametric_Notch,0.3162,1.247,0.33,-0.30
arena,rock,male_07_IUS-M12201.wav,male,-15,Base_NLMS,0.4036,1.227,8.17,-7.92
arena,rock,male_07_IUS-M12201.wav,male,-15,Leaky_NLMS,0.3415,1.249,5.32,-5.19
arena,rock,male_07_IUS-M12201.wav,male,-15,Soft_VAD_Leaky,0.3324,1.258,4.44,-4.32
arena,rock,male_08_IUS-M14201.wav,male,-15,Unprocessed,0.3248,1.240,0.00,0.00
arena,rock,male_08_IUS-M14201.wav,male,-15,FIR_BP,0.3193,1.217,5.25,-5.68
arena,rock,male_08_IUS-M14201.wav,male,-15,Parametric_Notch,0.3217,1.245,0.31,-0.31
arena,rock,male_08_IUS-M14201.wav,male,-15,Base_NLMS,0.3857,1.205,9.17,-8.84
arena,rock,male_08_IUS-M14201.wav,male,-15,Leaky_NLMS,0.3298,1.224,6.20,-5.99
arena,rock,male_08_IUS-M14201.wav,male,-15,Soft_VAD_Leaky,0.3274,1.229,5.39,-5.18
arena,rock,male_09_IUS-M16201.wav,male,-15,Unprocessed,0.3240,1.255,0.00,0.00
arena,rock,male_09_IUS-M16201.wav,male,-15,FIR_BP,0.3232,1.212,5.26,-5.72
arena,rock,male_09_IUS-M16201.wav,male,-15,Parametric_Notch,0.3238,1.259,0.31,-0.31
arena,rock,male_09_IUS-M16201.wav,male,-15,Base_NLMS,0.4099,1.225,9.25,-8.94
arena,rock,male_09_IUS-M16201.wav,male,-15,Leaky_NLMS,0.3555,1.249,6.24,-6.05
arena,rock,male_09_IUS-M16201.wav,male,-15,Soft_VAD_Leaky,0.3498,1.257,5.42,-5.22
arena,rock,male_10_IUS-M18201.wav,male,-15,Unprocessed,0.3757,1.245,0.00,0.00
arena,rock,male_10_IUS-M18201.wav,male,-15,FIR_BP,0.3620,1.215,5.00,-5.28
arena,rock,male_10_IUS-M18201.wav,male,-15,Parametric_Notch,0.3751,1.249,0.32,-0.33
arena,rock,male_10_IUS-M18201.wav,male,-15,Base_NLMS,0.4635,1.224,8.68,-8.45
arena,rock,male_10_IUS-M18201.wav,male,-15,Leaky_NLMS,0.4053,1.243,5.77,-5.66
arena,rock,male_10_IUS-M18201.wav,male,-15,Soft_VAD_Leaky,0.4009,1.249,4.93,-4.82
arena,rock,female_01_IUS-F00202.wav,female,-15,Unprocessed,0.2698,1.230,0.00,0.00
arena,rock,female_01_IUS-F00202.wav,female,-15,FIR_BP,0.2708,1.199,5.84,-6.25
arena,rock,female_01_IUS-F00202.wav,female,-15,Parametric_Notch,0.2681,1.230,0.27,-0.26
arena,rock,female_01_IUS-F00202.wav,female,-15,Base_NLMS,0.3491,1.207,10.06,-9.87
arena,rock,female_01_IUS-F00202.wav,female,-15,Leaky_NLMS,0.3059,1.235,6.77,-6.67
arena,rock,female_01_IUS-F00202.wav,female,-15,Soft_VAD_Leaky,0.3055,1.239,6.25,-6.12
arena,rock,female_02_IUS-F02202.wav,female,-15,Unprocessed,0.3229,1.268,0.00,0.00
arena,rock,female_02_IUS-F02202.wav,female,-15,FIR_BP,0.3049,1.178,5.79,-6.17
arena,rock,female_02_IUS-F02202.wav,female,-15,Parametric_Notch,0.3191,1.266,0.28,-0.28
arena,rock,female_02_IUS-F02202.wav,female,-15,Base_NLMS,0.3900,1.205,9.78,-9.65
arena,rock,female_02_IUS-F02202.wav,female,-15,Leaky_NLMS,0.3286,1.232,6.66,-6.55
arena,rock,female_02_IUS-F02202.wav,female,-15,Soft_VAD_Leaky,0.3308,1.241,5.94,-5.78
arena,rock,female_03_IUS-F04202.wav,female,-15,Unprocessed,0.3220,1.266,0.00,0.00
arena,rock,female_03_IUS-F04202.wav,female,-15,FIR_BP,0.3044,1.193,5.59,-6.18
arena,rock,female_03_IUS-F04202.wav,female,-15,Parametric_Notch,0.3191,1.257,0.26,-0.26
arena,rock,female_03_IUS-F04202.wav,female,-15,Base_NLMS,0.3975,1.235,9.96,-9.67
arena,rock,female_03_IUS-F04202.wav,female,-15,Leaky_NLMS,0.3461,1.257,6.79,-6.60
arena,rock,female_03_IUS-F04202.wav,female,-15,Soft_VAD_Leaky,0.3401,1.260,6.08,-5.90
arena,rock,female_04_IUS-F06202.wav,female,-15,Unprocessed,0.3785,1.278,0.00,0.00
arena,rock,female_04_IUS-F06202.wav,female,-15,FIR_BP,0.3445,1.181,5.65,-6.13
arena,rock,female_04_IUS-F06202.wav,female,-15,Parametric_Notch,0.3733,1.273,0.28,-0.28
arena,rock,female_04_IUS-F06202.wav,female,-15,Base_NLMS,0.4302,1.218,9.57,-9.55
arena,rock,female_04_IUS-F06202.wav,female,-15,Leaky_NLMS,0.3834,1.248,6.56,-6.50
arena,rock,female_04_IUS-F06202.wav,female,-15,Soft_VAD_Leaky,0.3794,1.256,5.84,-5.72
arena,rock,female_05_IUS-F08202.wav,female,-15,Unprocessed,0.3451,1.249,0.00,0.00
arena,rock,female_05_IUS-F08202.wav,female,-15,FIR_BP,0.3445,1.225,5.73,-6.17
arena,rock,female_05_IUS-F08202.wav,female,-15,Parametric_Notch,0.3445,1.248,0.26,-0.26
arena,rock,female_05_IUS-F08202.wav,female,-15,Base_NLMS,0.4628,1.252,10.10,-9.71
arena,rock,female_05_IUS-F08202.wav,female,-15,Leaky_NLMS,0.3797,1.264,6.85,-6.60
arena,rock,female_05_IUS-F08202.wav,female,-15,Soft_VAD_Leaky,0.3757,1.262,6.15,-5.90
arena,rock,female_06_IUS-F10202.wav,female,-15,Unprocessed,0.3574,1.252,0.00,0.00
arena,rock,female_06_IUS-F10202.wav,female,-15,FIR_BP,0.3500,1.207,5.48,-6.11
arena,rock,female_06_IUS-F10202.wav,female,-15,Parametric_Notch,0.3549,1.253,0.27,-0.27
arena,rock,female_06_IUS-F10202.wav,female,-15,Base_NLMS,0.4335,1.237,9.86,-9.51
arena,rock,female_06_IUS-F10202.wav,female,-15,Leaky_NLMS,0.3756,1.264,6.70,-6.46
arena,rock,female_06_IUS-F10202.wav,female,-15,Soft_VAD_Leaky,0.3765,1.272,5.95,-5.71
arena,rock,female_07_IUS-F12202.wav,female,-15,Unprocessed,0.2925,1.236,0.00,0.00
arena,rock,female_07_IUS-F12202.wav,female,-15,FIR_BP,0.2831,1.194,5.63,-6.15
arena,rock,female_07_IUS-F12202.wav,female,-15,Parametric_Notch,0.2897,1.234,0.26,-0.26
arena,rock,female_07_IUS-F12202.wav,female,-15,Base_NLMS,0.3769,1.223,9.85,-9.69
arena,rock,female_07_IUS-F12202.wav,female,-15,Leaky_NLMS,0.3120,1.235,6.76,-6.62
arena,rock,female_07_IUS-F12202.wav,female,-15,Soft_VAD_Leaky,0.3119,1.244,6.05,-5.85
arena,rock,female_08_IUS-F14202.wav,female,-15,Unprocessed,0.3890,1.224,0.00,0.00
arena,rock,female_08_IUS-F14202.wav,female,-15,FIR_BP,0.3552,1.209,5.30,-5.79
arena,rock,female_08_IUS-F14202.wav,female,-15,Parametric_Notch,0.3870,1.224,0.30,-0.30
arena,rock,female_08_IUS-F14202.wav,female,-15,Base_NLMS,0.4630,1.236,9.50,-9.12
arena,rock,female_08_IUS-F14202.wav,female,-15,Leaky_NLMS,0.4042,1.243,6.41,-6.18
arena,rock,female_08_IUS-F14202.wav,female,-15,Soft_VAD_Leaky,0.4005,1.241,5.60,-5.39
arena,rock,female_09_IUS-F16202.wav,female,-15,Unprocessed,0.3560,1.227,0.00,0.00
arena,rock,female_09_IUS-F16202.wav,female,-15,FIR_BP,0.3479,1.192,5.97,-6.22
arena,rock,female_09_IUS-F16202.wav,female,-15,Parametric_Notch,0.3550,1.224,0.25,-0.27
arena,rock,female_09_IUS-F16202.wav,female,-15,Base_NLMS,0.4343,1.235,9.96,-9.65
arena,rock,female_09_IUS-F16202.wav,female,-15,Leaky_NLMS,0.3819,1.235,6.77,-6.62
arena,rock,female_09_IUS-F16202.wav,female,-15,Soft_VAD_Leaky,0.3784,1.236,6.06,-5.91
arena,rock,female_10_IUS-F18202.wav,female,-15,Unprocessed,0.3387,1.253,0.00,0.00
arena,rock,female_10_IUS-F18202.wav,female,-15,FIR_BP,0.3249,1.212,4.64,-5.16
arena,rock,female_10_IUS-F18202.wav,female,-15,Parametric_Notch,0.3350,1.253,0.33,-0.33
arena,rock,female_10_IUS-F18202.wav,female,-15,Base_NLMS,0.3982,1.231,8.48,-8.26
arena,rock,female_10_IUS-F18202.wav,female,-15,Leaky_NLMS,0.3668,1.251,5.62,-5.51
arena,rock,female_10_IUS-F18202.wav,female,-15,Soft_VAD_Leaky,0.3628,1.257,4.76,-4.65
arena,rock,male_01_IUS-M00201.wav,male,-10,Unprocessed,0.4236,1.286,0.00,0.00
arena,rock,male_01_IUS-M00201.wav,male,-10,FIR_BP,0.4166,1.225,3.82,-4.80
arena,rock,male_01_IUS-M00201.wav,male,-10,Parametric_Notch,0.4224,1.292,0.33,-0.34
arena,rock,male_01_IUS-M00201.wav,male,-10,Base_NLMS,0.4770,1.235,7.91,-7.55
arena,rock,male_01_IUS-M00201.wav,male,-10,Leaky_NLMS,0.4397,1.263,5.35,-5.06
arena,rock,male_01_IUS-M00201.wav,male,-10,Soft_VAD_Leaky,0.4371,1.272,4.59,-4.23
arena,rock,male_02_IUS-M02201.wav,male,-10,Unprocessed,0.3851,1.300,0.00,0.00
arena,rock,male_02_IUS-M02201.wav,male,-10,FIR_BP,0.3649,1.214,3.95,-5.36
arena,rock,male_02_IUS-M02201.wav,male,-10,Parametric_Notch,0.3848,1.302,0.30,-0.33
arena,rock,male_02_IUS-M02201.wav,male,-10,Base_NLMS,0.4969,1.253,8.28,-8.02
arena,rock,male_02_IUS-M02201.wav,male,-10,Leaky_NLMS,0.4116,1.271,5.78,-5.49
arena,rock,male_02_IUS-M02201.wav,male,-10,Soft_VAD_Leaky,0.4098,1.285,4.99,-4.59
arena,rock,male_03_IUS-M04201.wav,male,-10,Unprocessed,0.3523,1.296,0.00,0.00
arena,rock,male_03_IUS-M04201.wav,male,-10,FIR_BP,0.3475,1.216,4.14,-5.53
arena,rock,male_03_IUS-M04201.wav,male,-10,Parametric_Notch,0.3556,1.297,0.28,-0.32
arena,rock,male_03_IUS-M04201.wav,male,-10,Base_NLMS,0.4536,1.248,8.05,-8.23
arena,rock,male_03_IUS-M04201.wav,male,-10,Leaky_NLMS,0.3775,1.261,5.80,-5.72
arena,rock,male_03_IUS-M04201.wav,male,-10,Soft_VAD_Leaky,0.3764,1.276,5.09,-4.85
arena,rock,male_04_IUS-M06201.wav,male,-10,Unprocessed,0.4386,1.305,0.00,0.00
arena,rock,male_04_IUS-M06201.wav,male,-10,FIR_BP,0.4191,1.208,3.62,-4.94
arena,rock,male_04_IUS-M06201.wav,male,-10,Parametric_Notch,0.4362,1.306,0.31,-0.32
arena,rock,male_04_IUS-M06201.wav,male,-10,Base_NLMS,0.5267,1.251,7.50,-7.59
arena,rock,male_04_IUS-M06201.wav,male,-10,Leaky_NLMS,0.4753,1.275,5.25,-5.23
arena,rock,male_04_IUS-M06201.wav,male,-10,Soft_VAD_Leaky,0.4707,1.288,4.49,-4.29
arena,rock,male_05_IUS-M08201.wav,male,-10,Unprocessed,0.3909,1.295,-0.00,0.00
arena,rock,male_05_IUS-M08201.wav,male,-10,FIR_BP,0.3783,1.264,4.17,-5.23
arena,rock,male_05_IUS-M08201.wav,male,-10,Parametric_Notch,0.3896,1.301,0.30,-0.30
arena,rock,male_05_IUS-M08201.wav,male,-10,Base_NLMS,0.5204,1.268,8.59,-8.23
arena,rock,male_05_IUS-M08201.wav,male,-10,Leaky_NLMS,0.4444,1.288,6.06,-5.68
arena,rock,male_05_IUS-M08201.wav,male,-10,Soft_VAD_Leaky,0.4377,1.299,5.26,-4.77
arena,rock,male_06_IUS-M10201.wav,male,-10,Unprocessed,0.4684,1.302,0.00,0.00
arena,rock,male_06_IUS-M10201.wav,male,-10,FIR_BP,0.4614,1.265,3.75,-5.06
arena,rock,male_06_IUS-M10201.wav,male,-10,Parametric_Notch,0.4679,1.309,0.29,-0.30
arena,rock,male_06_IUS-M10201.wav,male,-10,Base_NLMS,0.5723,1.287,8.42,-7.89
arena,rock,male_06_IUS-M10201.wav,male,-10,Leaky_NLMS,0.5020,1.303,6.00,-5.57
arena,rock,male_06_IUS-M10201.wav,male,-10,Soft_VAD_Leaky,0.4983,1.318,5.23,-4.71
arena,rock,male_07_IUS-M12201.wav,male,-10,Unprocessed,0.4013,1.285,0.00,0.00
arena,rock,male_07_IUS-M12201.wav,male,-10,FIR_BP,0.3727,1.242,3.54,-4.47
arena,rock,male_07_IUS-M12201.wav,male,-10,Parametric_Notch,0.3960,1.289,0.32,-0.29
arena,rock,male_07_IUS-M12201.wav,male,-10,Base_NLMS,0.5240,1.276,7.80,-7.21
arena,rock,male_07_IUS-M12201.wav,male,-10,Leaky_NLMS,0.4334,1.293,5.21,-4.84
arena,rock,male_07_IUS-M12201.wav,male,-10,Soft_VAD_Leaky,0.4242,1.305,4.33,-3.91
arena,rock,male_08_IUS-M14201.wav,male,-10,Unprocessed,0.3852,1.279,0.00,0.00
arena,rock,male_08_IUS-M14201.wav,male,-10,FIR_BP,0.3768,1.249,4.10,-5.26
arena,rock,male_08_IUS-M14201.wav,male,-10,Parametric_Notch,0.3834,1.286,0.30,-0.30
arena,rock,male_08_IUS-M14201.wav,male,-10,Base_NLMS,0.4694,1.244,8.60,-8.11
arena,rock,male_08_IUS-M14201.wav,male,-10,Leaky_NLMS,0.3994,1.262,6.08,-5.65
arena,rock,male_08_IUS-M14201.wav,male,-10,Soft_VAD_Leaky,0.3977,1.269,5.28,-4.81
arena,rock,male_09_IUS-M16201.wav,male,-10,Unprocessed,0.3859,1.298,0.00,0.00
arena,rock,male_09_IUS-M16201.wav,male,-10,FIR_BP,0.3810,1.240,4.18,-5.39
arena,rock,male_09_IUS-M16201.wav,male,-10,Parametric_Notch,0.3864,1.303,0.30,-0.27
arena,rock,male_09_IUS-M16201.wav,male,-10,Base_NLMS,0.5037,1.278,8.82,-8.14
arena,rock,male_09_IUS-M16201.wav,male,-10,Leaky_NLMS,0.4223,1.293,6.12,-5.61
arena,rock,male_09_IUS-M16201.wav,male,-10,Soft_VAD_Leaky,0.4162,1.305,5.31,-4.75
arena,rock,male_10_IUS-M18201.wav,male,-10,Unprocessed,0.4468,1.286,0.00,0.00
arena,rock,male_10_IUS-M18201.wav,male,-10,FIR_BP,0.4289,1.244,4.02,-4.95
arena,rock,male_10_IUS-M18201.wav,male,-10,Parametric_Notch,0.4456,1.291,0.31,-0.32
arena,rock,male_10_IUS-M18201.wav,male,-10,Base_NLMS,0.5536,1.274,8.21,-7.71
arena,rock,male_10_IUS-M18201.wav,male,-10,Leaky_NLMS,0.4840,1.288,5.64,-5.28
arena,rock,male_10_IUS-M18201.wav,male,-10,Soft_VAD_Leaky,0.4771,1.295,4.80,-4.41
arena,rock,female_01_IUS-F00202.wav,female,-10,Unprocessed,0.3374,1.269,0.00,0.00
arena,rock,female_01_IUS-F00202.wav,female,-10,FIR_BP,0.3350,1.223,4.81,-5.91
arena,rock,female_01_IUS-F00202.wav,female,-10,Parametric_Notch,0.3350,1.268,0.26,-0.26
arena,rock,female_01_IUS-F00202.wav,female,-10,Base_NLMS,0.4314,1.248,9.47,-9.16
arena,rock,female_01_IUS-F00202.wav,female,-10,Leaky_NLMS,0.3804,1.275,6.60,-6.34
arena,rock,female_01_IUS-F00202.wav,female,-10,Soft_VAD_Leaky,0.3801,1.282,6.01,-5.64
arena,rock,female_02_IUS-F02202.wav,female,-10,Unprocessed,0.3824,1.305,0.00,0.00
arena,rock,female_02_IUS-F02202.wav,female,-10,FIR_BP,0.3637,1.193,4.76,-5.89
arena,rock,female_02_IUS-F02202.wav,female,-10,Parametric_Notch,0.3792,1.303,0.27,-0.27
arena,rock,female_02_IUS-F02202.wav,female,-10,Base_NLMS,0.4800,1.241,8.91,-8.98
arena,rock,female_02_IUS-F02202.wav,female,-10,Leaky_NLMS,0.4036,1.262,6.38,-6.25
arena,rock,female_02_IUS-F02202.wav,female,-10,Soft_VAD_Leaky,0.4042,1.276,5.74,-5.36
arena,rock,female_03_IUS-F04202.wav,female,-10,Unprocessed,0.4129,1.314,0.00,0.00
arena,rock,female_03_IUS-F04202.wav,female,-10,FIR_BP,0.3929,1.213,4.26,-5.80
arena,rock,female_03_IUS-F04202.wav,female,-10,Parametric_Notch,0.4106,1.302,0.25,-0.26
arena,rock,female_03_IUS-F04202.wav,female,-10,Base_NLMS,0.5255,1.291,9.18,-8.70
arena,rock,female_03_IUS-F04202.wav,female,-10,Leaky_NLMS,0.4486,1.303,6.60,-6.13
arena,rock,female_03_IUS-F04202.wav,female,-10,Soft_VAD_Leaky,0.4401,1.308,5.88,-5.37
arena,rock,female_04_IUS-F06202.wav,female,-10,Unprocessed,0.4679,1.320,0.00,0.00
arena,rock,female_04_IUS-F06202.wav,female,-10,FIR_BP,0.4316,1.197,4.55,-5.99
arena,rock,female_04_IUS-F06202.wav,female,-10,Parametric_Notch,0.4626,1.313,0.27,-0.27
arena,rock,female_04_IUS-F06202.wav,female,-10,Base_NLMS,0.5508,1.263,8.67,-8.80
arena,rock,female_04_IUS-F06202.wav,female,-10,Leaky_NLMS,0.4801,1.281,6.23,-6.17
arena,rock,female_04_IUS-F06202.wav,female,-10,Soft_VAD_Leaky,0.4774,1.294,5.59,-5.34
arena,rock,female_05_IUS-F08202.wav,female,-10,Unprocessed,0.4425,1.296,-0.00,0.00
arena,rock,female_05_IUS-F08202.wav,female,-10,FIR_BP,0.4351,1.259,4.53,-5.72
arena,rock,female_05_IUS-F08202.wav,female,-10,Parametric_Notch,0.4412,1.295,0.25,-0.25
arena,rock,female_05_IUS-F08202.wav,female,-10,Base_NLMS,0.5922,1.318,9.51,-8.74
arena,rock,female_05_IUS-F08202.wav,female,-10,Leaky_NLMS,0.4881,1.320,6.69,-6.11
arena,rock,female_05_IUS-F08202.wav,female,-10,Soft_VAD_Leaky,0.4825,1.317,5.96,-5.37
arena,rock,female_06_IUS-F10202.wav,female,-10,Unprocessed,0.4576,1.306,0.00,0.00
arena,rock,female_06_IUS-F10202.wav,female,-10,FIR_BP,0.4462,1.236,4.06,-5.69
arena,rock,female_06_IUS-F10202.wav,female,-10,Parametric_Notch,0.4542,1.307,0.26,-0.27
arena,rock,female_06_IUS-F10202.wav,female,-10,Base_NLMS,0.5723,1.293,9.03,-8.54
arena,rock,female_06_IUS-F10202.wav,female,-10,Leaky_NLMS,0.4922,1.321,6.48,-5.98
arena,rock,female_06_IUS-F10202.wav,female,-10,Soft_VAD_Leaky,0.4910,1.335,5.74,-5.15
arena,rock,female_07_IUS-F12202.wav,female,-10,Unprocessed,0.3710,1.283,0.00,0.00
arena,rock,female_07_IUS-F12202.wav,female,-10,FIR_BP,0.3565,1.222,4.40,-5.74
arena,rock,female_07_IUS-F12202.wav,female,-10,Parametric_Notch,0.3673,1.280,0.25,-0.25
arena,rock,female_07_IUS-F12202.wav,female,-10,Base_NLMS,0.4831,1.271,9.04,-8.89
arena,rock,female_07_IUS-F12202.wav,female,-10,Leaky_NLMS,0.3978,1.280,6.54,-6.23
arena,rock,female_07_IUS-F12202.wav,female,-10,Soft_VAD_Leaky,0.3973,1.297,5.88,-5.34
arena,rock,female_08_IUS-F14202.wav,female,-10,Unprocessed,0.4690,1.265,0.00,0.00
arena,rock,female_08_IUS-F14202.wav,female,-10,FIR_BP,0.4310,1.241,4.08,-5.36
arena,rock,female_08_IUS-F14202.wav,female,-10,Parametric_Notch,0.4668,1.265,0.29,-0.29
arena,rock,female_08_IUS-F14202.wav,female,-10,Base_NLMS,0.5589,1.292,9.08,-8.34
arena,rock,female_08_IUS-F14202.wav,female,-10,Leaky_NLMS,0.4929,1.291,6.30,-5.83
arena,rock,female_08_IUS-F14202.wav,female,-10,Soft_VAD_Leaky,0.4891,1.290,5.48,-4.95
arena,rock,female_09_IUS-F16202.wav,female,-10,Unprocessed,0.4380,1.269,0.00,0.00
arena,rock,female_09_IUS-F16202.wav,female,-10,FIR_BP,0.4286,1.218,5.16,-5.83
arena,rock,female_09_IUS-F16202.wav,female,-10,Parametric_Notch,0.4358,1.264,0.24,-0.26
arena,rock,female_09_IUS-F16202.wav,female,-10,Base_NLMS,0.5521,1.296,9.32,-8.64
arena,rock,female_09_IUS-F16202.wav,female,-10,Leaky_NLMS,0.4792,1.283,6.60,-6.13
arena,rock,female_09_IUS-F16202.wav,female,-10,Soft_VAD_Leaky,0.4744,1.285,5.88,-5.38
arena,rock,female_10_IUS-F18202.wav,female,-10,Unprocessed,0.4093,1.293,0.00,0.00
arena,rock,female_10_IUS-F18202.wav,female,-10,FIR_BP,0.3908,1.238,3.42,-4.87
arena,rock,female_10_IUS-F18202.wav,female,-10,Parametric_Notch,0.4049,1.294,0.32,-0.32
arena,rock,female_10_IUS-F18202.wav,female,-10,Base_NLMS,0.4984,1.279,8.03,-7.59
arena,rock,female_10_IUS-F18202.wav,female,-10,Leaky_NLMS,0.4471,1.294,5.48,-5.18
arena,rock,female_10_IUS-F18202.wav,female,-10,Soft_VAD_Leaky,0.4426,1.301,4.61,-4.29
arena,rock,male_01_IUS-M00201.wav,male,-5,Unprocessed,0.5154,1.357,0.00,0.00
arena,rock,male_01_IUS-M00201.wav,male,-5,FIR_BP,0.5065,1.266,1.79,-4.25
arena,rock,male_01_IUS-M00201.wav,male,-5,Parametric_Notch,0.5141,1.365,0.30,-0.32
arena,rock,male_01_IUS-M00201.wav,male,-5,Base_NLMS,0.5782,1.291,6.46,-6.60
arena,rock,male_01_IUS-M00201.wav,male,-5,Leaky_NLMS,0.5348,1.321,4.87,-4.55
arena,rock,male_01_IUS-M00201.wav,male,-5,Soft_VAD_Leaky,0.5327,1.341,4.24,-3.55
arena,rock,male_02_IUS-M02201.wav,male,-5,Unprocessed,0.4887,1.376,0.00,0.00
arena,rock,male_02_IUS-M02201.wav,male,-5,FIR_BP,0.4679,1.248,1.67,-4.91
arena,rock,male_02_IUS-M02201.wav,male,-5,Parametric_Notch,0.4878,1.379,0.25,-0.33
arena,rock,male_02_IUS-M02201.wav,male,-5,Base_NLMS,0.6048,1.316,6.51,-7.00
arena,rock,male_02_IUS-M02201.wav,male,-5,Leaky_NLMS,0.5225,1.334,5.18,-4.96
arena,rock,male_02_IUS-M02201.wav,male,-5,Soft_VAD_Leaky,0.5189,1.362,4.59,-3.80
arena,rock,male_03_IUS-M04201.wav,male,-5,Unprocessed,0.4627,1.380,0.00,0.00
arena,rock,male_03_IUS-M04201.wav,male,-5,FIR_BP,0.4512,1.255,1.79,-4.96
arena,rock,male_03_IUS-M04201.wav,male,-5,Parametric_Notch,0.4654,1.381,0.21,-0.31
arena,rock,male_03_IUS-M04201.wav,male,-5,Base_NLMS,0.5491,1.304,5.81,-7.13
arena,rock,male_03_IUS-M04201.wav,male,-5,Leaky_NLMS,0.4896,1.317,4.83,-5.24
arena,rock,male_03_IUS-M04201.wav,male,-5,Soft_VAD_Leaky,0.4913,1.347,4.46,-4.14
arena,rock,male_04_IUS-M06201.wav,male,-5,Unprocessed,0.5640,1.380,0.00,0.00
arena,rock,male_04_IUS-M06201.wav,male,-5,FIR_BP,0.5349,1.237,1.51,-4.58
arena,rock,male_04_IUS-M06201.wav,male,-5,Parametric_Notch,0.5604,1.380,0.25,-0.32
arena,rock,male_04_IUS-M06201.wav,male,-5,Base_NLMS,0.6545,1.316,5.71,-6.64
arena,rock,male_04_IUS-M06201.wav,male,-5,Leaky_NLMS,0.5989,1.332,4.49,-4.81
arena,rock,male_04_IUS-M06201.wav,male,-5,Soft_VAD_Leaky,0.5976,1.362,4.12,-3.63
arena,rock,male_05_IUS-M08201.wav,male,-5,Unprocessed,0.4951,1.372,0.00,0.00
arena,rock,male_05_IUS-M08201.wav,male,-5,FIR_BP,0.4815,1.319,1.86,-4.31
arena,rock,male_05_IUS-M08201.wav,male,-5,Parametric_Notch,0.4926,1.381,0.27,-0.28
arena,rock,male_05_IUS-M08201.wav,male,-5,Base_NLMS,0.6500,1.338,6.85,-7.06
arena,rock,male_05_IUS-M08201.wav,male,-5,Leaky_NLMS,0.5587,1.357,5.46,-5.04
arena,rock,male_05_IUS-M08201.wav,male,-5,Soft_VAD_Leaky,0.5481,1.383,4.92,-3.89
arena,rock,male_06_IUS-M10201.wav,male,-5,Unprocessed,0.5659,1.401,0.00,0.00
arena,rock,male_06_IUS-M10201.wav,male,-5,FIR_BP,0.5588,1.323,1.18,-4.08
arena,rock,male_06_IUS-M10201.wav,male,-5,Parametric_Notch,0.5655,1.412,0.24,-0.29
arena,rock,male_06_IUS-M10201.wav,male,-5,Base_NLMS,0.6967,1.372,6.65,-6.52
arena,rock,male_06_IUS-M10201.wav,male,-5,Leaky_NLMS,0.6111,1.391,5.35,-4.79
arena,rock,male_06_IUS-M10201.wav,male,-5,Soft_VAD_Leaky,0.6084,1.425,4.81,-3.75
arena,rock,male_07_IUS-M12201.wav,male,-5,Unprocessed,0.5026,1.367,0.00,0.00
arena,rock,male_07_IUS-M12201.wav,male,-5,FIR_BP,0.4660,1.288,1.49,-3.80
arena,rock,male_07_IUS-M12201.wav,male,-5,Parametric_Notch,0.4977,1.372,0.27,-0.32
arena,rock,male_07_IUS-M12201.wav,male,-5,Base_NLMS,0.6461,1.355,6.32,-6.04
arena,rock,male_07_IUS-M12201.wav,male,-5,Leaky_NLMS,0.5519,1.369,4.75,-4.28
arena,rock,male_07_IUS-M12201.wav,male,-5,Soft_VAD_Leaky,0.5408,1.398,4.03,-3.13
arena,rock,male_08_IUS-M14201.wav,male,-5,Unprocessed,0.4612,1.356,0.00,0.00
arena,rock,male_08_IUS-M14201.wav,male,-5,FIR_BP,0.4520,1.306,1.71,-4.33
arena,rock,male_08_IUS-M14201.wav,male,-5,Parametric_Notch,0.4603,1.367,0.27,-0.25
arena,rock,male_08_IUS-M14201.wav,male,-5,Base_NLMS,0.5588,1.293,6.59,-6.96
arena,rock,male_08_IUS-M14201.wav,male,-5,Leaky_NLMS,0.4834,1.321,5.54,-5.10
arena,rock,male_08_IUS-M14201.wav,male,-5,Soft_VAD_Leaky,0.4830,1.343,4.92,-3.98
arena,rock,male_09_IUS-M16201.wav,male,-5,Unprocessed,0.4770,1.385,-0.00,0.00
arena,rock,male_09_IUS-M16201.wav,male,-5,FIR_BP,0.4654,1.288,1.90,-4.63
arena,rock,male_09_IUS-M16201.wav,male,-5,Parametric_Notch,0.4773,1.392,0.27,-0.29
arena,rock,male_09_IUS-M16201.wav,male,-5,Base_NLMS,0.5855,1.356,7.28,-6.87
arena,rock,male_09_IUS-M16201.wav,male,-5,Leaky_NLMS,0.5172,1.369,5.62,-4.92
arena,rock,male_09_IUS-M16201.wav,male,-5,Soft_VAD_Leaky,0.5098,1.397,4.97,-3.85
arena,rock,male_10_IUS-M18201.wav,male,-5,Unprocessed,0.5379,1.370,0.00,0.00
arena,rock,male_10_IUS-M18201.wav,male,-5,FIR_BP,0.5165,1.295,1.82,-4.14
arena,rock,male_10_IUS-M18201.wav,male,-5,Parametric_Notch,0.5364,1.378,0.27,-0.30
arena,rock,male_10_IUS-M18201.wav,male,-5,Base_NLMS,0.6335,1.345,6.55,-6.50
arena,rock,male_10_IUS-M18201.wav,male,-5,Leaky_NLMS,0.5765,1.365,5.07,-4.64
arena,rock,male_10_IUS-M18201.wav,male,-5,Soft_VAD_Leaky,0.5689,1.383,4.43,-3.60
arena,rock,female_01_IUS-F00202.wav,female,-5,Unprocessed,0.4237,1.354,0.00,0.00
arena,rock,female_01_IUS-F00202.wav,female,-5,FIR_BP,0.4193,1.264,2.60,-5.08
arena,rock,female_01_IUS-F00202.wav,female,-5,Parametric_Notch,0.4215,1.352,0.24,-0.24
arena,rock,female_01_IUS-F00202.wav,female,-5,Base_NLMS,0.5013,1.304,7.63,-7.92
arena,rock,female_01_IUS-F00202.wav,female,-5,Leaky_NLMS,0.4644,1.342,5.99,-5.74
arena,rock,female_01_IUS-F00202.wav,female,-5,Soft_VAD_Leaky,0.4672,1.364,5.57,-4.76
arena,rock,female_02_IUS-F02202.wav,female,-5,Unprocessed,0.4759,1.380,-0.00,0.00
arena,rock,female_02_IUS-F02202.wav,female,-5,FIR_BP,0.4605,1.219,2.54,-5.24
arena,rock,female_02_IUS-F02202.wav,female,-5,Parametric_Notch,0.4742,1.377,0.25,-0.25
arena,rock,female_02_IUS-F02202.wav,female,-5,Base_NLMS,0.5724,1.291,6.63,-7.93
arena,rock,female_02_IUS-F02202.wav,female,-5,Leaky_NLMS,0.5096,1.309,5.42,-5.76
arena,rock,female_02_IUS-F02202.wav,female,-5,Soft_VAD_Leaky,0.5122,1.344,5.21,-4.56
arena,rock,female_03_IUS-F04202.wav,female,-5,Unprocessed,0.5303,1.417,0.00,0.00
arena,rock,female_03_IUS-F04202.wav,female,-5,FIR_BP,0.5136,1.248,1.64,-5.02
arena,rock,female_03_IUS-F04202.wav,female,-5,Parametric_Notch,0.5297,1.397,0.21,-0.25
arena,rock,female_03_IUS-F04202.wav,female,-5,Base_NLMS,0.6314,1.364,6.89,-7.25
arena,rock,female_03_IUS-F04202.wav,female,-5,Leaky_NLMS,0.5712,1.381,5.85,-5.37
arena,rock,female_03_IUS-F04202.wav,female,-5,Soft_VAD_Leaky,0.5664,1.402,5.36,-4.42
arena,rock,female_04_IUS-F06202.wav,female,-5,Unprocessed,0.5799,1.408,0.00,0.00
arena,rock,female_04_IUS-F06202.wav,female,-5,FIR_BP,0.5491,1.222,2.21,-5.59
arena,rock,female_04_IUS-F06202.wav,female,-5,Parametric_Notch,0.5761,1.398,0.24,-0.26
arena,rock,female_04_IUS-F06202.wav,female,-5,Base_NLMS,0.6580,1.337,6.49,-7.47
arena,rock,female_04_IUS-F06202.wav,female,-5,Leaky_NLMS,0.5956,1.343,5.24,-5.52
arena,rock,female_04_IUS-F06202.wav,female,-5,Soft_VAD_Leaky,0.5943,1.370,4.93,-4.58
arena,rock,female_05_IUS-F08202.wav,female,-5,Unprocessed,0.5613,1.394,0.00,0.00
arena,rock,female_05_IUS-F08202.wav,female,-5,FIR_BP,0.5483,1.314,2.07,-4.73
arena,rock,female_05_IUS-F08202.wav,female,-5,Parametric_Notch,0.5601,1.392,0.22,-0.23
arena,rock,female_05_IUS-F08202.wav,female,-5,Base_NLMS,0.7027,1.408,7.44,-7.19
arena,rock,female_05_IUS-F08202.wav,female,-5,Leaky_NLMS,0.6111,1.411,6.07,-5.24
arena,rock,female_05_IUS-F08202.wav,female,-5,Soft_VAD_Leaky,0.6071,1.421,5.53,-4.34
arena,rock,female_06_IUS-F10202.wav,female,-5,Unprocessed,0.5899,1.421,0.00,0.00
arena,rock,female_06_IUS-F10202.wav,female,-5,FIR_BP,0.5731,1.280,1.31,-4.79
arena,rock,female_06_IUS-F10202.wav,female,-5,Parametric_Notch,0.5868,1.423,0.22,-0.24
arena,rock,female_06_IUS-F10202.wav,female,-5,Base_NLMS,0.6831,1.360,6.68,-7.08
arena,rock,female_06_IUS-F10202.wav,female,-5,Leaky_NLMS,0.6263,1.413,5.74,-5.16
arena,rock,female_06_IUS-F10202.wav,female,-5,Soft_VAD_Leaky,0.6261,1.456,5.21,-4.05
arena,rock,female_07_IUS-F12202.wav,female,-5,Unprocessed,0.4830,1.377,0.00,0.00
arena,rock,female_07_IUS-F12202.wav,female,-5,FIR_BP,0.4604,1.265,1.92,-4.85
arena,rock,female_07_IUS-F12202.wav,female,-5,Parametric_Notch,0.4790,1.372,0.23,-0.23
arena,rock,female_07_IUS-F12202.wav,female,-5,Base_NLMS,0.5982,1.333,6.69,-7.63
arena,rock,female_07_IUS-F12202.wav,female,-5,Leaky_NLMS,0.5130,1.346,5.71,-5.63
arena,rock,female_07_IUS-F12202.wav,female,-5,Soft_VAD_Leaky,0.5165,1.396,5.48,-4.28
arena,rock,female_08_IUS-F14202.wav,female,-5,Unprocessed,0.5670,1.347,0.00,0.00
arena,rock,female_08_IUS-F14202.wav,female,-5,FIR_BP,0.5251,1.293,1.58,-4.51
arena,rock,female_08_IUS-F14202.wav,female,-5,Parametric_Notch,0.5650,1.346,0.27,-0.27
arena,rock,female_08_IUS-F14202.wav,female,-5,Base_NLMS,0.6648,1.370,7.63,-6.86
arena,rock,female_08_IUS-F14202.wav,female,-5,Leaky_NLMS,0.5953,1.373,5.88,-5.07
arena,rock,female_08_IUS-F14202.wav,female,-5,Soft_VAD_Leaky,0.5941,1.382,5.22,-4.16
arena,rock,female_09_IUS-F16202.wav,female,-5,Unprocessed,0.5378,1.352,0.00,0.00
arena,rock,female_09_IUS-F16202.wav,female,-5,FIR_BP,0.5267,1.261,3.29,-5.00
arena,rock,female_09_IUS-F16202.wav,female,-5,Parametric_Notch,0.5354,1.344,0.18,-0.26
arena,rock,female_09_IUS-F16202.wav,female,-5,Base_NLMS,0.6582,1.387,7.53,-7.10
arena,rock,female_09_IUS-F16202.wav,female,-5,Leaky_NLMS,0.5893,1.364,6.03,-5.31
arena,rock,female_09_IUS-F16202.wav,female,-5,Soft_VAD_Leaky,0.5843,1.376,5.48,-4.40
arena,rock,female_10_IUS-F18202.wav,female,-5,Unprocessed,0.5176,1.376,0.00,0.00
arena,rock,female_10_IUS-F18202.wav,female,-5,FIR_BP,0.4950,1.280,0.91,-4.16
arena,rock,female_10_IUS-F18202.wav,female,-5,Parametric_Notch,0.5127,1.377,0.29,-0.29
arena,rock,female_10_IUS-F18202.wav,female,-5,Base_NLMS,0.6115,1.352,6.53,-6.34
arena,rock,female_10_IUS-F18202.wav,female,-5,Leaky_NLMS,0.5620,1.368,4.97,-4.56
arena,rock,female_10_IUS-F18202.wav,female,-5,Soft_VAD_Leaky,0.5570,1.385,4.22,-3.53
arena,rock,male_01_IUS-M00201.wav,male,0,Unprocessed,0.6208,1.496,0.00,0.00
arena,rock,male_01_IUS-M00201.wav,male,0,FIR_BP,0.6047,1.329,-1.60,-3.33
arena,rock,male_01_IUS-M00201.wav,male,0,Parametric_Notch,0.6185,1.509,0.22,-0.27
arena,rock,male_01_IUS-M00201.wav,male,0,Base_NLMS,0.6638,1.347,2.92,-5.77
arena,rock,male_01_IUS-M00201.wav,male,0,Leaky_NLMS,0.6331,1.404,3.15,-4.18
arena,rock,male_01_IUS-M00201.wav,male,0,Soft_VAD_Leaky,0.6375,1.469,3.48,-2.66
arena,rock,male_02_IUS-M02201.wav,male,0,Unprocessed,0.6106,1.529,0.00,0.00
arena,rock,male_02_IUS-M02201.wav,male,0,FIR_BP,0.5863,1.303,-1.92,-4.13
arena,rock,male_02_IUS-M02201.wav,male,0,Parametric_Notch,0.6075,1.531,0.10,-0.32
arena,rock,male_02_IUS-M02201.wav,male,0,Base_NLMS,0.6784,1.377,2.59,-6.08
arena,rock,male_02_IUS-M02201.wav,male,0,Leaky_NLMS,0.6369,1.422,3.10,-4.61
arena,rock,male_02_IUS-M02201.wav,male,0,Soft_VAD_Leaky,0.6315,1.481,3.49,-3.10
arena,rock,male_03_IUS-M04201.wav,male,0,Unprocessed,0.5838,1.546,0.00,0.00
arena,rock,male_03_IUS-M04201.wav,male,0,FIR_BP,0.5617,1.316,-1.86,-4.10
arena,rock,male_03_IUS-M04201.wav,male,0,Parametric_Notch,0.5830,1.544,0.03,-0.30
arena,rock,male_03_IUS-M04201.wav,male,0,Base_NLMS,0.6204,1.365,1.87,-6.12
arena,rock,male_03_IUS-M04201.wav,male,0,Leaky_NLMS,0.6020,1.395,2.33,-4.81
arena,rock,male_03_IUS-M04201.wav,male,0,Soft_VAD_Leaky,0.6119,1.469,2.84,-3.21
arena,rock,male_04_IUS-M06201.wav,male,0,Unprocessed,0.6964,1.528,0.00,0.00
arena,rock,male_04_IUS-M06201.wav,male,0,FIR_BP,0.6586,1.282,-1.91,-4.08
arena,rock,male_04_IUS-M06201.wav,male,0,Parametric_Notch,0.6929,1.526,0.07,-0.31
arena,rock,male_04_IUS-M06201.wav,male,0,Base_NLMS,0.7431,1.396,2.25,-5.71
arena,rock,male_04_IUS-M06201.wav,male,0,Leaky_NLMS,0.7189,1.421,2.38,-4.46
arena,rock,male_04_IUS-M06201.wav,male,0,Soft_VAD_Leaky,0.7260,1.508,3.28,-2.69
arena,rock,male_05_IUS-M08201.wav,male,0,Unprocessed,0.6234,1.521,0.00,0.00
arena,rock,male_05_IUS-M08201.wav,male,0,FIR_BP,0.6051,1.401,-1.77,-2.96
arena,rock,male_05_IUS-M08201.wav,male,0,Parametric_Notch,0.6194,1.534,0.18,-0.24
arena,rock,male_05_IUS-M08201.wav,male,0,Base_NLMS,0.7468,1.430,3.22,-5.89
arena,rock,male_05_IUS-M08201.wav,male,0,Leaky_NLMS,0.6878,1.466,3.47,-4.40
arena,rock,male_05_IUS-M08201.wav,male,0,Soft_VAD_Leaky,0.6763,1.543,4.17,-2.73
arena,rock,male_06_IUS-M10201.wav,male,0,Unprocessed,0.6752,1.597,0.00,0.00
arena,rock,male_06_IUS-M10201.wav,male,0,FIR_BP,0.6608,1.402,-2.62,-2.77
arena,rock,male_06_IUS-M10201.wav,male,0,Parametric_Notch,0.6733,1.614,0.09,-0.26
arena,rock,male_06_IUS-M10201.wav,male,0,Base_NLMS,0.7680,1.460,2.89,-5.27
arena,rock,male_06_IUS-M10201.wav,male,0,Leaky_NLMS,0.7141,1.520,3.31,-4.05
arena,rock,male_06_IUS-M10201.wav,male,0,Soft_VAD_Leaky,0.7155,1.628,3.93,-2.53
arena,rock,male_07_IUS-M12201.wav,male,0,Unprocessed,0.6134,1.523,0.00,0.00
arena,rock,male_07_IUS-M12201.wav,male,0,FIR_BP,0.5701,1.350,-1.92,-2.78
arena,rock,male_07_IUS-M12201.wav,male,0,Parametric_Notch,0.6090,1.531,0.13,-0.28
arena,rock,male_07_IUS-M12201.wav,male,0,Base_NLMS,0.7351,1.446,2.78,-4.93
arena,rock,male_07_IUS-M12201.wav,male,0,Leaky_NLMS,0.6700,1.475,2.99,-3.77
arena,rock,male_07_IUS-M12201.wav,male,0,Soft_VAD_Leaky,0.6598,1.565,3.43,-2.05
arena,rock,male_08_IUS-M14201.wav,male,0,Unprocessed,0.5478,1.504,0.00,0.00
arena,rock,male_08_IUS-M14201.wav,male,0,FIR_BP,0.5368,1.397,-1.98,-2.96
arena,rock,male_08_IUS-M14201.wav,male,0,Parametric_Notch,0.5454,1.520,0.18,-0.25
arena,rock,male_08_IUS-M14201.wav,male,0,Base_NLMS,0.6252,1.337,2.70,-6.10
arena,rock,male_08_IUS-M14201.wav,male,0,Leaky_NLMS,0.5720,1.395,3.38,-4.73
arena,rock,male_08_IUS-M14201.wav,male,0,Soft_VAD_Leaky,0.5744,1.474,3.98,-3.03
arena,rock,male_09_IUS-M16201.wav,male,0,Unprocessed,0.5955,1.557,0.00,0.00
arena,rock,male_09_IUS-M16201.wav,male,0,FIR_BP,0.5756,1.358,-1.68,-3.47
arena,rock,male_09_IUS-M16201.wav,male,0,Parametric_Notch,0.5936,1.567,0.16,-0.25
arena,rock,male_09_IUS-M16201.wav,male,0,Base_NLMS,0.6490,1.438,3.54,-5.68
arena,rock,male_09_IUS-M16201.wav,male,0,Leaky_NLMS,0.6279,1.481,3.74,-4.35
arena,rock,male_09_IUS-M16201.wav,male,0,Soft_VAD_Leaky,0.6262,1.570,4.26,-2.68
arena,rock,male_10_IUS-M18201.wav,male,0,Unprocessed,0.6373,1.534,0.00,0.00
arena,rock,male_10_IUS-M18201.wav,male,0,FIR_BP,0.6136,1.371,-1.76,-2.96
arena,rock,male_10_IUS-M18201.wav,male,0,Parametric_Notch,0.6353,1.546,0.16,-0.26
arena,rock,male_10_IUS-M18201.wav,male,0,Base_NLMS,0.6907,1.422,2.82,-5.45
arena,rock,male_10_IUS-M18201.wav,male,0,Leaky_NLMS,0.6675,1.470,3.04,-4.11
arena,rock,male_10_IUS-M18201.wav,male,0,Soft_VAD_Leaky,0.6633,1.536,3.52,-2.64
arena,rock,female_01_IUS-F00202.wav,female,0,Unprocessed,0.5200,1.528,-0.00,0.00
arena,rock,female_01_IUS-F00202.wav,female,0,FIR_BP,0.5160,1.321,-0.95,-3.78
arena,rock,female_01_IUS-F00202.wav,female,0,Parametric_Notch,0.5185,1.522,0.19,-0.17
arena,rock,female_01_IUS-F00202.wav,female,0,Base_NLMS,0.5560,1.353,3.72,-6.68
arena,rock,female_01_IUS-F00202.wav,female,0,Leaky_NLMS,0.5418,1.420,3.96,-5.20
arena,rock,female_01_IUS-F00202.wav,female,0,Soft_VAD_Leaky,0.5547,1.517,4.72,-3.40
arena,rock,female_02_IUS-F02202.wav,female,0,Unprocessed,0.6029,1.533,0.00,0.00
arena,rock,female_02_IUS-F02202.wav,female,0,FIR_BP,0.5866,1.262,-1.01,-4.32
arena,rock,female_02_IUS-F02202.wav,female,0,Parametric_Notch,0.6025,1.526,0.18,-0.22
arena,rock,female_02_IUS-F02202.wav,female,0,Base_NLMS,0.6491,1.344,2.61,-6.97
arena,rock,female_02_IUS-F02202.wav,female,0,Leaky_NLMS,0.6221,1.373,2.90,-5.40
arena,rock,female_02_IUS-F02202.wav,female,0,Soft_VAD_Leaky,0.6327,1.468,4.04,-3.57
arena,rock,female_03_IUS-F04202.wav,female,0,Unprocessed,0.6645,1.626,0.00,0.00
arena,rock,female_03_IUS-F04202.wav,female,0,FIR_BP,0.6479,1.297,-2.21,-3.90
arena,rock,female_03_IUS-F04202.wav,female,0,Parametric_Notch,0.6652,1.586,0.08,-0.24
arena,rock,female_03_IUS-F04202.wav,female,0,Base_NLMS,0.6954,1.417,2.59,-6.03
arena,rock,female_03_IUS-F04202.wav,female,0,Leaky_NLMS,0.6871,1.478,3.47,-4.72
arena,rock,female_03_IUS-F04202.wav,female,0,Soft_VAD_Leaky,0.6973,1.575,4.27,-3.23
arena,rock,female_04_IUS-F06202.wav,female,0,Unprocessed,0.7052,1.590,0.00,0.00
arena,rock,female_04_IUS-F06202.wav,female,0,FIR_BP,0.6792,1.261,-1.44,-4.97
arena,rock,female_04_IUS-F06202.wav,female,0,Parametric_Notch,0.7034,1.572,0.15,-0.24
arena,rock,female_04_IUS-F06202.wav,female,0,Base_NLMS,0.7368,1.427,2.59,-6.10
arena,rock,female_04_IUS-F06202.wav,female,0,Leaky_NLMS,0.7078,1.437,2.81,-4.85
arena,rock,female_04_IUS-F06202.wav,female,0,Soft_VAD_Leaky,0.7162,1.516,3.44,-3.49
arena,rock,female_05_IUS-F08202.wav,female,0,Unprocessed,0.6858,1.589,0.00,0.00
arena,rock,female_05_IUS-F08202.wav,female,0,FIR_BP,0.6704,1.391,-1.68,-3.29
arena,rock,female_05_IUS-F08202.wav,female,0,Parametric_Notch,0.6853,1.582,0.13,-0.19
arena,rock,female_05_IUS-F08202.wav,female,0,Base_NLMS,0.7662,1.475,3.27,-5.87
arena,rock,female_05_IUS-F08202.wav,female,0,Leaky_NLMS,0.7216,1.522,3.90,-4.48
arena,rock,female_05_IUS-F08202.wav,female,0,Soft_VAD_Leaky,0.7258,1.605,4.54,-3.04
arena,rock,female_06_IUS-F10202.wav,female,0,Unprocessed,0.7208,1.646,-0.00,0.00
arena,rock,female_06_IUS-F10202.wav,female,0,FIR_BP,0.7020,1.335,-2.63,-3.51
arena,rock,female_06_IUS-F10202.wav,female,0,Parametric_Notch,0.7191,1.647,0.10,-0.20
arena,rock,female_06_IUS-F10202.wav,female,0,Base_NLMS,0.7374,1.413,2.44,-5.89
arena,rock,female_06_IUS-F10202.wav,female,0,Leaky_NLMS,0.7340,1.525,3.47,-4.50
arena,rock,female_06_IUS-F10202.wav,female,0,Soft_VAD_Leaky,0.7433,1.661,4.19,-2.68
arena,rock,female_07_IUS-F12202.wav,female,0,Unprocessed,0.6105,1.559,-0.00,0.00
arena,rock,female_07_IUS-F12202.wav,female,0,FIR_BP,0.5788,1.326,-1.81,-3.53
arena,rock,female_07_IUS-F12202.wav,female,0,Parametric_Notch,0.6070,1.547,0.15,-0.19
arena,rock,female_07_IUS-F12202.wav,female,0,Base_NLMS,0.6728,1.380,2.51,-6.64
arena,rock,female_07_IUS-F12202.wav,female,0,Leaky_NLMS,0.6253,1.418,3.21,-5.26
arena,rock,female_07_IUS-F12202.wav,female,0,Soft_VAD_Leaky,0.6366,1.570,4.66,-2.88
arena,rock,female_08_IUS-F14202.wav,female,0,Unprocessed,0.6745,1.502,0.00,0.00
arena,rock,female_08_IUS-F14202.wav,female,0,FIR_BP,0.6308,1.364,-2.19,-3.09
arena,rock,female_08_IUS-F14202.wav,female,0,Parametric_Notch,0.6737,1.499,0.19,-0.19
arena,rock,female_08_IUS-F14202.wav,female,0,Base_NLMS,0.7478,1.432,4.11,-5.47
arena,rock,female_08_IUS-F14202.wav,female,0,Leaky_NLMS,0.6967,1.478,4.27,-4.30
arena,rock,female_08_IUS-F14202.wav,female,0,Soft_VAD_Leaky,0.7049,1.540,4.49,-2.93
arena,rock,female_09_IUS-F16202.wav,female,0,Unprocessed,0.6508,1.515,0.00,0.00
arena,rock,female_09_IUS-F16202.wav,female,0,FIR_BP,0.6332,1.325,0.04,-3.72
arena,rock,female_09_IUS-F16202.wav,female,0,Parametric_Notch,0.6495,1.498,0.04,-0.24
arena,rock,female_09_IUS-F16202.wav,female,0,Base_NLMS,0.7299,1.483,3.88,-5.63
arena,rock,female_09_IUS-F16202.wav,female,0,Leaky_NLMS,0.6917,1.480,4.10,-4.45
arena,rock,female_09_IUS-F16202.wav,female,0,Soft_VAD_Leaky,0.6907,1.535,4.56,-3.11
arena,rock,female_10_IUS-F18202.wav,female,0,Unprocessed,0.6576,1.541,0.00,0.00
arena,rock,female_10_IUS-F18202.wav,female,0,FIR_BP,0.6288,1.344,-2.87,-3.13
arena,rock,female_10_IUS-F18202.wav,female,0,Parametric_Notch,0.6528,1.540,0.20,-0.24
arena,rock,female_10_IUS-F18202.wav,female,0,Base_NLMS,0.6988,1.430,2.98,-5.21
arena,rock,female_10_IUS-F18202.wav,female,0,Leaky_NLMS,0.6884,1.469,3.18,-4.07
arena,rock,female_10_IUS-F18202.wav,female,0,Soft_VAD_Leaky,0.6923,1.533,3.37,-2.56
arena,rock,male_01_IUS-M00201.wav,male,5,Unprocessed,0.7307,1.765,0.00,0.00
arena,rock,male_01_IUS-M00201.wav,male,5,FIR_BP,0.7081,1.408,-5.94,-2.50
arena,rock,male_01_IUS-M00201.wav,male,5,Parametric_Notch,0.7272,1.785,-0.06,-0.22
arena,rock,male_01_IUS-M00201.wav,male,5,Base_NLMS,0.7060,1.376,-2.19,-5.83
arena,rock,male_01_IUS-M00201.wav,male,5,Leaky_NLMS,0.7171,1.478,-0.85,-4.55
arena,rock,male_01_IUS-M00201.wav,male,5,Soft_VAD_Leaky,0.7381,1.674,1.82,-2.13
arena,rock,male_02_IUS-M02201.wav,male,5,Unprocessed,0.7385,1.834,-0.00,0.00
arena,rock,male_02_IUS-M02201.wav,male,5,FIR_BP,0.7007,1.375,-6.36,-3.42
arena,rock,male_02_IUS-M02201.wav,male,5,Parametric_Notch,0.7295,1.825,-0.38,-0.32
arena,rock,male_02_IUS-M02201.wav,male,5,Base_NLMS,0.7098,1.402,-2.59,-6.03
arena,rock,male_02_IUS-M02201.wav,male,5,Leaky_NLMS,0.7310,1.505,-1.17,-4.89
arena,rock,male_02_IUS-M02201.wav,male,5,Soft_VAD_Leaky,0.7333,1.644,0.71,-2.72
arena,rock,male_03_IUS-M04201.wav,male,5,Unprocessed,0.7155,1.860,0.00,0.00
arena,rock,male_03_IUS-M04201.wav,male,5,FIR_BP,0.6760,1.394,-6.34,-3.34
arena,rock,male_03_IUS-M04201.wav,male,5,Parametric_Notch,0.7088,1.846,-0.50,-0.28
arena,rock,male_03_IUS-M04201.wav,male,5,Base_NLMS,0.6733,1.400,-3.16,-5.97
arena,rock,male_03_IUS-M04201.wav,male,5,Leaky_NLMS,0.7051,1.477,-2.00,-4.97
arena,rock,male_03_IUS-M04201.wav,male,5,Soft_VAD_Leaky,0.7316,1.667,0.09,-2.52
arena,rock,male_04_IUS-M06201.wav,male,5,Unprocessed,0.8105,1.824,0.00,0.00
arena,rock,male_04_IUS-M06201.wav,male,5,FIR_BP,0.7634,1.342,-6.24,-3.64
arena,rock,male_04_IUS-M06201.wav,male,5,Parametric_Notch,0.8067,1.809,-0.46,-0.31
arena,rock,male_04_IUS-M06201.wav,male,5,Base_NLMS,0.7849,1.459,-2.49,-5.38
arena,rock,male_04_IUS-M06201.wav,male,5,Leaky_NLMS,0.7996,1.526,-1.51,-4.45
arena,rock,male_04_IUS-M06201.wav,male,5,Soft_VAD_Leaky,0.8050,1.652,-0.23,-2.40
arena,rock,male_05_IUS-M08201.wav,male,5,Unprocessed,0.7593,1.804,0.00,0.00
arena,rock,male_05_IUS-M08201.wav,male,5,FIR_BP,0.7255,1.489,-6.22,-1.81
arena,rock,male_05_IUS-M08201.wav,male,5,Parametric_Notch,0.7529,1.820,-0.11,-0.19
arena,rock,male_05_IUS-M08201.wav,male,5,Base_NLMS,0.7960,1.506,-1.74,-5.45
arena,rock,male_05_IUS-M08201.wav,male,5,Leaky_NLMS,0.7944,1.604,-0.51,-4.27
arena,rock,male_05_IUS-M08201.wav,male,5,Soft_VAD_Leaky,0.8001,1.824,2.80,-1.80
arena,rock,male_06_IUS-M10201.wav,male,5,Unprocessed,0.7876,1.961,0.00,0.00
arena,rock,male_06_IUS-M10201.wav,male,5,FIR_BP,0.7607,1.477,-7.14,-1.74
arena,rock,male_06_IUS-M10201.wav,male,5,Parametric_Notch,0.7829,1.979,-0.35,-0.23
arena,rock,male_06_IUS-M10201.wav,male,5,Base_NLMS,0.7982,1.514,-2.19,-4.86
arena,rock,male_06_IUS-M10201.wav,male,5,Leaky_NLMS,0.8029,1.661,-0.76,-3.87
arena,rock,male_06_IUS-M10201.wav,male,5,Soft_VAD_Leaky,0.8150,1.974,2.61,-1.57
arena,rock,male_07_IUS-M12201.wav,male,5,Unprocessed,0.7338,1.810,0.00,0.00
arena,rock,male_07_IUS-M12201.wav,male,5,FIR_BP,0.6784,1.415,-6.26,-1.90
arena,rock,male_07_IUS-M12201.wav,male,5,Parametric_Notch,0.7268,1.814,-0.28,-0.24
arena,rock,male_07_IUS-M12201.wav,male,5,Base_NLMS,0.7800,1.506,-2.07,-4.53
arena,rock,male_07_IUS-M12201.wav,male,5,Leaky_NLMS,0.7633,1.582,-0.83,-3.73
arena,rock,male_07_IUS-M12201.wav,male,5,Soft_VAD_Leaky,0.7694,1.836,2.24,-1.25
arena,rock,male_08_IUS-M14201.wav,male,5,Unprocessed,0.6521,1.780,0.00,0.00
arena,rock,male_08_IUS-M14201.wav,male,5,FIR_BP,0.6333,1.504,-6.46,-1.80
arena,rock,male_08_IUS-M14201.wav,male,5,Parametric_Notch,0.6463,1.801,-0.12,-0.17
arena,rock,male_08_IUS-M14201.wav,male,5,Base_NLMS,0.6715,1.364,-2.29,-6.09
arena,rock,male_08_IUS-M14201.wav,male,5,Leaky_NLMS,0.6667,1.471,-0.94,-4.99
arena,rock,male_08_IUS-M14201.wav,male,5,Soft_VAD_Leaky,0.6779,1.717,2.36,-2.23
arena,rock,male_09_IUS-M16201.wav,male,5,Unprocessed,0.7219,1.884,0.00,0.00
arena,rock,male_09_IUS-M16201.wav,male,5,FIR_BP,0.6886,1.434,-6.10,-2.45
arena,rock,male_09_IUS-M16201.wav,male,5,Parametric_Notch,0.7172,1.895,-0.16,-0.22
arena,rock,male_09_IUS-M16201.wav,male,5,Base_NLMS,0.6954,1.486,-1.71,-5.38
arena,rock,male_09_IUS-M16201.wav,male,5,Leaky_NLMS,0.7243,1.592,-0.40,-4.37
arena,rock,male_09_IUS-M16201.wav,male,5,Soft_VAD_Leaky,0.7360,1.846,2.54,-1.82
arena,rock,male_10_IUS-M18201.wav,male,5,Unprocessed,0.7436,1.839,0.00,0.00
arena,rock,male_10_IUS-M18201.wav,male,5,FIR_BP,0.7142,1.453,-6.22,-1.93
arena,rock,male_10_IUS-M18201.wav,male,5,Parametric_Notch,0.7399,1.853,-0.18,-0.22
arena,rock,male_10_IUS-M18201.wav,male,5,Base_NLMS,0.7305,1.483,-2.16,-5.19
arena,rock,male_10_IUS-M18201.wav,male,5,Leaky_NLMS,0.7472,1.583,-0.98,-4.10
arena,rock,male_10_IUS-M18201.wav,male,5,Soft_VAD_Leaky,0.7544,1.782,1.62,-1.94
arena,rock,female_01_IUS-F00202.wav,female,5,Unprocessed,0.6157,1.849,-0.00,0.00
arena,rock,female_01_IUS-F00202.wav,female,5,FIR_BP,0.6043,1.379,-5.36,-2.59
arena,rock,female_01_IUS-F00202.wav,female,5,Parametric_Notch,0.6139,1.829,-0.00,-0.16
arena,rock,female_01_IUS-F00202.wav,female,5,Base_NLMS,0.5957,1.363,-1.46,-6.30
arena,rock,female_01_IUS-F00202.wav,female,5,Leaky_NLMS,0.5955,1.465,-0.30,-5.34
arena,rock,female_01_IUS-F00202.wav,female,5,Soft_VAD_Leaky,0.6363,1.777,3.19,-2.21
arena,rock,female_02_IUS-F02202.wav,female,5,Unprocessed,0.7310,1.835,0.00,0.00
arena,rock,female_02_IUS-F02202.wav,female,5,FIR_BP,0.7079,1.316,-5.43,-3.47
arena,rock,female_02_IUS-F02202.wav,female,5,Parametric_Notch,0.7315,1.819,-0.03,-0.18
arena,rock,female_02_IUS-F02202.wav,female,5,Base_NLMS,0.7026,1.372,-2.39,-6.67
arena,rock,female_02_IUS-F02202.wav,female,5,Leaky_NLMS,0.7147,1.436,-1.38,-5.58
arena,rock,female_02_IUS-F02202.wav,female,5,Soft_VAD_Leaky,0.7475,1.708,2.13,-2.68
arena,rock,female_03_IUS-F04202.wav,female,5,Unprocessed,0.7929,2.016,0.00,0.00
arena,rock,female_03_IUS-F04202.wav,female,5,FIR_BP,0.7672,1.349,-6.76,-2.98
arena,rock,female_03_IUS-F04202.wav,female,5,Parametric_Notch,0.7940,1.926,-0.31,-0.22
arena,rock,female_03_IUS-F04202.wav,female,5,Base_NLMS,0.7274,1.424,-2.70,-5.74
arena,rock,female_03_IUS-F04202.wav,female,5,Leaky_NLMS,0.7637,1.546,-1.08,-4.83
arena,rock,female_03_IUS-F04202.wav,female,5,Soft_VAD_Leaky,0.8069,1.866,2.23,-2.28
arena,rock,female_04_IUS-F06202.wav,female,5,Unprocessed,0.8171,1.953,0.00,0.00
arena,rock,female_04_IUS-F06202.wav,female,5,FIR_BP,0.7876,1.311,-5.91,-4.41
arena,rock,female_04_IUS-F06202.wav,female,5,Parametric_Notch,0.8167,1.907,-0.17,-0.21
arena,rock,female_04_IUS-F06202.wav,female,5,Base_NLMS,0.7770,1.468,-2.54,-5.67
arena,rock,female_04_IUS-F06202.wav,female,5,Leaky_NLMS,0.7814,1.522,-1.51,-4.87
arena,rock,female_04_IUS-F06202.wav,female,5,Soft_VAD_Leaky,0.8067,1.724,0.69,-2.72
arena,rock,female_05_IUS-F08202.wav,female,5,Unprocessed,0.7982,1.947,-0.00,0.00
arena,rock,female_05_IUS-F08202.wav,female,5,FIR_BP,0.7752,1.466,-6.20,-2.12
arena,rock,female_05_IUS-F08202.wav,female,5,Parametric_Notch,0.7982,1.924,-0.15,-0.14
arena,rock,female_05_IUS-F08202.wav,female,5,Base_NLMS,0.7837,1.481,-2.01,-5.53
arena,rock,female_05_IUS-F08202.wav,female,5,Leaky_NLMS,0.7959,1.606,-0.45,-4.48
arena,rock,female_05_IUS-F08202.wav,female,5,Soft_VAD_Leaky,0.8202,1.910,2.80,-2.08
arena,rock,female_06_IUS-F10202.wav,female,5,Unprocessed,0.8318,2.064,0.00,0.00
arena,rock,female_06_IUS-F10202.wav,female,5,FIR_BP,0.8082,1.387,-7.22,-2.48
arena,rock,female_06_IUS-F10202.wav,female,5,Parametric_Notch,0.8311,2.052,-0.24,-0.16
arena,rock,female_06_IUS-F10202.wav,female,5,Base_NLMS,0.7537,1.432,-2.69,-5.65
arena,rock,female_06_IUS-F10202.wav,female,5,Leaky_NLMS,0.7997,1.615,-0.88,-4.52
arena,rock,female_06_IUS-F10202.wav,female,5,Soft_VAD_Leaky,0.8299,1.965,2.40,-1.68
arena,rock,female_07_IUS-F12202.wav,female,5,Unprocessed,0.7339,1.899,0.00,0.00
arena,rock,female_07_IUS-F12202.wav,female,5,FIR_BP,0.6941,1.391,-6.31,-2.39
arena,rock,female_07_IUS-F12202.wav,female,5,Parametric_Notch,0.7307,1.868,-0.09,-0.15
arena,rock,female_07_IUS-F12202.wav,female,5,Base_NLMS,0.7225,1.399,-2.56,-6.56
arena,rock,female_07_IUS-F12202.wav,female,5,Leaky_NLMS,0.7106,1.470,-1.24,-5.57
arena,rock,female_07_IUS-F12202.wav,female,5,Soft_VAD_Leaky,0.7503,1.861,3.33,-1.80
arena,rock,female_08_IUS-F14202.wav,female,5,Unprocessed,0.7893,1.783,0.00,0.00
arena,rock,female_08_IUS-F14202.wav,female,5,FIR_BP,0.7494,1.439,-6.71,-1.88
arena,rock,female_08_IUS-F14202.wav,female,5,Parametric_Notch,0.7910,1.768,-0.07,-0.14
arena,rock,female_08_IUS-F14202.wav,female,5,Base_NLMS,0.7926,1.460,-1.06,-5.22
arena,rock,female_08_IUS-F14202.wav,female,5,Leaky_NLMS,0.7894,1.576,0.29,-4.40
arena,rock,female_08_IUS-F14202.wav,female,5,Soft_VAD_Leaky,0.8148,1.815,2.95,-1.99
arena,rock,female_09_IUS-F16202.wav,female,5,Unprocessed,0.7587,1.820,0.00,0.00
arena,rock,female_09_IUS-F16202.wav,female,5,FIR_BP,0.7292,1.401,-4.22,-2.59
arena,rock,female_09_IUS-F16202.wav,female,5,Parametric_Notch,0.7582,1.782,-0.39,-0.23
arena,rock,female_09_IUS-F16202.wav,female,5,Base_NLMS,0.7619,1.537,-1.19,-5.00
arena,rock,female_09_IUS-F16202.wav,female,5,Leaky_NLMS,0.7651,1.603,-0.01,-4.21
arena,rock,female_09_IUS-F16202.wav,female,5,Soft_VAD_Leaky,0.7801,1.788,2.38,-2.17
arena,rock,female_10_IUS-F18202.wav,female,5,Unprocessed,0.7890,1.860,0.00,0.00
arena,rock,female_10_IUS-F18202.wav,female,5,FIR_BP,0.7534,1.412,-7.41,-2.22
arena,rock,female_10_IUS-F18202.wav,female,5,Parametric_Notch,0.7862,1.850,-0.10,-0.18
arena,rock,female_10_IUS-F18202.wav,female,5,Base_NLMS,0.7516,1.483,-2.04,-4.98
arena,rock,female_10_IUS-F18202.wav,female,5,Leaky_NLMS,0.7776,1.577,-0.80,-4.15
arena,rock,female_10_IUS-F18202.wav,female,5,Soft_VAD_Leaky,0.8039,1.794,1.89,-1.87
arena,rock,male_01_IUS-M00201.wav,male,10,Unprocessed,0.8330,2.242,0.00,0.00
arena,rock,male_01_IUS-M00201.wav,male,10,FIR_BP,0.8019,1.473,-10.00,-1.99
arena,rock,male_01_IUS-M00201.wav,male,10,Parametric_Notch,0.8268,2.253,-0.86,-0.19
arena,rock,male_01_IUS-M00201.wav,male,10,Base_NLMS,0.7172,1.370,-7.63,-6.75
arena,rock,male_01_IUS-M00201.wav,male,10,Leaky_NLMS,0.7688,1.511,-6.16,-5.62
arena,rock,male_01_IUS-M00201.wav,male,10,Soft_VAD_Leaky,0.8204,1.935,-1.37,-1.98
arena,rock,male_02_IUS-M02201.wav,male,10,Unprocessed,0.8515,2.378,0.00,0.00
arena,rock,male_02_IUS-M02201.wav,male,10,FIR_BP,0.7983,1.437,-10.00,-3.02
arena,rock,male_02_IUS-M02201.wav,male,10,Parametric_Notch,0.8393,2.316,-1.63,-0.31
arena,rock,male_02_IUS-M02201.wav,male,10,Base_NLMS,0.7208,1.392,-7.96,-6.72
arena,rock,male_02_IUS-M02201.wav,male,10,Leaky_NLMS,0.7882,1.546,-6.48,-5.69
arena,rock,male_02_IUS-M02201.wav,male,10,Soft_VAD_Leaky,0.8055,1.763,-4.06,-3.17
arena,rock,male_03_IUS-M04201.wav,male,10,Unprocessed,0.8349,2.396,0.00,0.00
arena,rock,male_03_IUS-M04201.wav,male,10,FIR_BP,0.7790,1.462,-10.00,-2.86
arena,rock,male_03_IUS-M04201.wav,male,10,Parametric_Notch,0.8215,2.334,-1.80,-0.28
arena,rock,male_03_IUS-M04201.wav,male,10,Base_NLMS,0.6987,1.401,-8.40,-6.50
arena,rock,male_03_IUS-M04201.wav,male,10,Leaky_NLMS,0.7764,1.533,-7.13,-5.60
arena,rock,male_03_IUS-M04201.wav,male,10,Soft_VAD_Leaky,0.8269,1.900,-3.88,-2.25
arena,rock,male_04_IUS-M06201.wav,male,10,Unprocessed,0.8931,2.348,0.00,0.00
arena,rock,male_04_IUS-M06201.wav,male,10,FIR_BP,0.8391,1.399,-10.00,-3.41
arena,rock,male_04_IUS-M06201.wav,male,10,Parametric_Notch,0.8885,2.283,-1.80,-0.32
arena,rock,male_04_IUS-M06201.wav,male,10,Base_NLMS,0.7929,1.476,-7.77,-5.78
arena,rock,male_04_IUS-M06201.wav,male,10,Leaky_NLMS,0.8402,1.613,-6.41,-4.92
arena,rock,male_04_IUS-M06201.wav,male,10,Soft_VAD_Leaky,0.8628,1.810,-4.26,-2.48
arena,rock,male_05_IUS-M08201.wav,male,10,Unprocessed,0.8709,2.311,0.00,0.00
arena,rock,male_05_IUS-M08201.wav,male,10,FIR_BP,0.8198,1.550,-10.00,-0.89
arena,rock,male_05_IUS-M08201.wav,male,10,Parametric_Notch,0.8608,2.306,-0.92,-0.16
arena,rock,male_05_IUS-M08201.wav,male,10,Base_NLMS,0.8119,1.535,-7.07,-5.72
arena,rock,male_05_IUS-M08201.wav,male,10,Leaky_NLMS,0.8535,1.726,-5.56,-4.63
arena,rock,male_05_IUS-M08201.wav,male,10,Soft_VAD_Leaky,0.8898,2.304,1.15,-1.12
arena,rock,male_06_IUS-M10201.wav,male,10,Unprocessed,0.8867,2.548,0.00,0.00
arena,rock,male_06_IUS-M10201.wav,male,10,FIR_BP,0.8385,1.524,-10.00,-0.96
arena,rock,male_06_IUS-M10201.wav,male,10,Parametric_Notch,0.8795,2.542,-1.52,-0.22
arena,rock,male_06_IUS-M10201.wav,male,10,Base_NLMS,0.8152,1.534,-7.55,-5.15
arena,rock,male_06_IUS-M10201.wav,male,10,Leaky_NLMS,0.8644,1.761,-5.86,-4.18
arena,rock,male_06_IUS-M10201.wav,male,10,Soft_VAD_Leaky,0.8971,2.498,0.94,-1.02
arena,rock,male_07_IUS-M12201.wav,male,10,Unprocessed,0.8460,2.311,0.00,0.00
arena,rock,male_07_IUS-M12201.wav,male,10,FIR_BP,0.7795,1.461,-10.00,-1.11
arena,rock,male_07_IUS-M12201.wav,male,10,Parametric_Notch,0.8368,2.284,-1.35,-0.21
arena,rock,male_07_IUS-M12201.wav,male,10,Base_NLMS,0.8002,1.526,-7.31,-4.73
arena,rock,male_07_IUS-M12201.wav,male,10,Leaky_NLMS,0.8236,1.660,-5.79,-4.09
arena,rock,male_07_IUS-M12201.wav,male,10,Soft_VAD_Leaky,0.8459,2.122,-0.33,-0.89
arena,rock,male_08_IUS-M14201.wav,male,10,Unprocessed,0.7747,2.274,0.00,0.00
arena,rock,male_08_IUS-M14201.wav,male,10,FIR_BP,0.7403,1.587,-10.00,-1.13
arena,rock,male_08_IUS-M14201.wav,male,10,Parametric_Notch,0.7639,2.283,-0.93,-0.15
arena,rock,male_08_IUS-M14201.wav,male,10,Base_NLMS,0.7062,1.372,-7.60,-6.83
arena,rock,male_08_IUS-M14201.wav,male,10,Leaky_NLMS,0.7564,1.534,-6.21,-5.78
arena,rock,male_08_IUS-M14201.wav,male,10,Soft_VAD_Leaky,0.7934,2.136,0.29,-1.74
arena,rock,male_09_IUS-M16201.wav,male,10,Unprocessed,0.8247,2.438,0.00,0.00
arena,rock,male_09_IUS-M16201.wav,male,10,FIR_BP,0.7793,1.484,-10.00,-1.80
arena,rock,male_09_IUS-M16201.wav,male,10,Parametric_Notch,0.8174,2.427,-1.06,-0.23
arena,rock,male_09_IUS-M16201.wav,male,10,Base_NLMS,0.7163,1.479,-7.25,-5.91
arena,rock,male_09_IUS-M16201.wav,male,10,Leaky_NLMS,0.7819,1.649,-5.72,-4.95
arena,rock,male_09_IUS-M16201.wav,male,10,Soft_VAD_Leaky,0.8184,2.125,-0.87,-1.59
arena,rock,male_10_IUS-M18201.wav,male,10,Unprocessed,0.8449,2.370,0.00,0.00
arena,rock,male_10_IUS-M18201.wav,male,10,FIR_BP,0.8041,1.511,-10.00,-1.04
arena,rock,male_10_IUS-M18201.wav,male,10,Parametric_Notch,0.8371,2.358,-1.09,-0.19
arena,rock,male_10_IUS-M18201.wav,male,10,Base_NLMS,0.7631,1.515,-7.49,-5.64
arena,rock,male_10_IUS-M18201.wav,male,10,Leaky_NLMS,0.8095,1.679,-6.01,-4.60
arena,rock,male_10_IUS-M18201.wav,male,10,Soft_VAD_Leaky,0.8372,2.157,-0.83,-1.51
arena,rock,female_01_IUS-F00202.wav,female,10,Unprocessed,0.6999,2.384,0.00,0.00
arena,rock,female_01_IUS-F00202.wav,female,10,FIR_BP,0.6719,1.419,-10.00,-1.76
arena,rock,female_01_IUS-F00202.wav,female,10,Parametric_Notch,0.6969,2.309,-0.55,-0.13
arena,rock,female_01_IUS-F00202.wav,female,10,Base_NLMS,0.6089,1.343,-6.86,-6.78
arena,rock,female_01_IUS-F00202.wav,female,10,Leaky_NLMS,0.6249,1.467,-5.63,-6.12
arena,rock,female_01_IUS-F00202.wav,female,10,Soft_VAD_Leaky,0.7047,2.201,0.82,-1.40
arena,rock,female_02_IUS-F02202.wav,female,10,Unprocessed,0.8317,2.366,0.00,0.00
arena,rock,female_02_IUS-F02202.wav,female,10,FIR_BP,0.7975,1.361,-10.00,-2.59
arena,rock,female_02_IUS-F02202.wav,female,10,Parametric_Notch,0.8324,2.304,-0.64,-0.15
arena,rock,female_02_IUS-F02202.wav,female,10,Base_NLMS,0.7256,1.363,-7.67,-7.18
arena,rock,female_02_IUS-F02202.wav,female,10,Leaky_NLMS,0.7648,1.462,-6.55,-6.38
arena,rock,female_02_IUS-F02202.wav,female,10,Soft_VAD_Leaky,0.8244,2.017,-1.06,-2.30
arena,rock,female_03_IUS-F04202.wav,female,10,Unprocessed,0.8883,2.648,0.00,0.00
arena,rock,female_03_IUS-F04202.wav,female,10,FIR_BP,0.8518,1.384,-10.00,-2.40
arena,rock,female_03_IUS-F04202.wav,female,10,Parametric_Notch,0.8887,2.430,-1.36,-0.21
arena,rock,female_03_IUS-F04202.wav,female,10,Base_NLMS,0.7339,1.386,-8.12,-6.25
arena,rock,female_03_IUS-F04202.wav,female,10,Leaky_NLMS,0.7884,1.530,-6.63,-5.59
arena,rock,female_03_IUS-F04202.wav,female,10,Soft_VAD_Leaky,0.8721,2.177,-0.96,-1.61
arena,rock,female_04_IUS-F06202.wav,female,10,Unprocessed,0.9005,2.562,0.00,0.00
arena,rock,female_04_IUS-F06202.wav,female,10,FIR_BP,0.8563,1.353,-10.00,-3.94
arena,rock,female_04_IUS-F06202.wav,female,10,Parametric_Notch,0.9001,2.429,-1.05,-0.19
arena,rock,female_04_IUS-F06202.wav,female,10,Base_NLMS,0.7775,1.424,-7.96,-6.23
arena,rock,female_04_IUS-F06202.wav,female,10,Leaky_NLMS,0.8053,1.523,-6.84,-5.57
arena,rock,female_04_IUS-F06202.wav,female,10,Soft_VAD_Leaky,0.8643,1.872,-3.34,-2.53
arena,rock,female_05_IUS-F08202.wav,female,10,Unprocessed,0.8856,2.539,0.00,0.00
arena,rock,female_05_IUS-F08202.wav,female,10,FIR_BP,0.8490,1.514,-10.00,-1.41
arena,rock,female_05_IUS-F08202.wav,female,10,Parametric_Notch,0.8853,2.455,-0.95,-0.12
arena,rock,female_05_IUS-F08202.wav,female,10,Base_NLMS,0.7766,1.444,-7.49,-6.01
arena,rock,female_05_IUS-F08202.wav,female,10,Leaky_NLMS,0.8285,1.626,-5.85,-5.17
arena,rock,female_05_IUS-F08202.wav,female,10,Soft_VAD_Leaky,0.8824,2.326,0.07,-1.44
arena,rock,female_06_IUS-F10202.wav,female,10,Unprocessed,0.9114,2.735,0.00,0.00
arena,rock,female_06_IUS-F10202.wav,female,10,FIR_BP,0.8795,1.421,-10.00,-1.50
arena,rock,female_06_IUS-F10202.wav,female,10,Parametric_Notch,0.9109,2.660,-1.15,-0.13
arena,rock,female_06_IUS-F10202.wav,female,10,Base_NLMS,0.7534,1.420,-7.99,-6.21
arena,rock,female_06_IUS-F10202.wav,female,10,Leaky_NLMS,0.8263,1.641,-6.16,-5.09
arena,rock,female_06_IUS-F10202.wav,female,10,Soft_VAD_Leaky,0.8856,2.283,-0.40,-1.22
arena,rock,female_07_IUS-F12202.wav,female,10,Unprocessed,0.8326,2.467,-0.00,0.00
arena,rock,female_07_IUS-F12202.wav,female,10,FIR_BP,0.7852,1.440,-10.00,-1.41
arena,rock,female_07_IUS-F12202.wav,female,10,Parametric_Notch,0.8301,2.373,-0.78,-0.12
arena,rock,female_07_IUS-F12202.wav,female,10,Base_NLMS,0.7420,1.380,-7.81,-7.17
arena,rock,female_07_IUS-F12202.wav,female,10,Leaky_NLMS,0.7599,1.481,-6.47,-6.37
arena,rock,female_07_IUS-F12202.wav,female,10,Soft_VAD_Leaky,0.8325,2.188,0.79,-1.15
arena,rock,female_08_IUS-F14202.wav,female,10,Unprocessed,0.8919,2.299,0.00,0.00
arena,rock,female_08_IUS-F14202.wav,female,10,FIR_BP,0.8521,1.497,-10.00,-1.19
arena,rock,female_08_IUS-F14202.wav,female,10,Parametric_Notch,0.8946,2.240,-0.79,-0.10
arena,rock,female_08_IUS-F14202.wav,female,10,Base_NLMS,0.8122,1.456,-6.48,-5.72
arena,rock,female_08_IUS-F14202.wav,female,10,Leaky_NLMS,0.8421,1.627,-5.06,-5.10
arena,rock,female_08_IUS-F14202.wav,female,10,Soft_VAD_Leaky,0.8969,2.254,0.65,-1.41
arena,rock,female_09_IUS-F16202.wav,female,10,Unprocessed,0.8463,2.365,0.00,0.00
arena,rock,female_09_IUS-F16202.wav,female,10,FIR_BP,0.8041,1.463,-8.96,-1.56
arena,rock,female_09_IUS-F16202.wav,female,10,Parametric_Notch,0.8459,2.256,-1.48,-0.21
arena,rock,female_09_IUS-F16202.wav,female,10,Base_NLMS,0.7705,1.527,-6.69,-5.26
arena,rock,female_09_IUS-F16202.wav,female,10,Leaky_NLMS,0.8052,1.671,-5.37,-4.66
arena,rock,female_09_IUS-F16202.wav,female,10,Soft_VAD_Leaky,0.8358,2.050,-1.72,-1.82
arena,rock,female_10_IUS-F18202.wav,female,10,Unprocessed,0.8888,2.416,0.00,0.00
arena,rock,female_10_IUS-F18202.wav,female,10,FIR_BP,0.8434,1.458,-10.00,-1.46
arena,rock,female_10_IUS-F18202.wav,female,10,Parametric_Notch,0.8875,2.359,-0.93,-0.15
arena,rock,female_10_IUS-F18202.wav,female,10,Base_NLMS,0.7725,1.492,-7.45,-5.44
arena,rock,female_10_IUS-F18202.wav,female,10,Leaky_NLMS,0.8228,1.641,-5.96,-4.71
arena,rock,female_10_IUS-F18202.wav,female,10,Soft_VAD_Leaky,0.8750,2.116,-0.92,-1.48
festival,techno,male_01_IUS-M00201.wav,male,-15,Unprocessed,0.4729,1.233,0.00,0.00
festival,techno,male_01_IUS-M00201.wav,male,-15,FIR_BP,0.4730,1.248,9.09,-9.93
festival,techno,male_01_IUS-M00201.wav,male,-15,Parametric_Notch,0.4653,1.245,0.85,-0.84
festival,techno,male_01_IUS-M00201.wav,male,-15,Base_NLMS,0.5592,1.264,11.77,-11.48
festival,techno,male_01_IUS-M00201.wav,male,-15,Leaky_NLMS,0.4853,1.305,8.48,-8.29
festival,techno,male_01_IUS-M00201.wav,male,-15,Soft_VAD_Leaky,0.4865,1.306,8.14,-7.94
festival,techno,male_02_IUS-M02201.wav,male,-15,Unprocessed,0.4523,1.242,0.00,0.00
festival,techno,male_02_IUS-M02201.wav,male,-15,FIR_BP,0.4505,1.218,8.83,-9.76
festival,techno,male_02_IUS-M02201.wav,male,-15,Parametric_Notch,0.4556,1.254,0.91,-0.89
festival,techno,male_02_IUS-M02201.wav,male,-15,Base_NLMS,0.5266,1.276,10.90,-10.69
festival,techno,male_02_IUS-M02201.wav,male,-15,Leaky_NLMS,0.4572,1.301,8.08,-7.87
festival,techno,male_02_IUS-M02201.wav,male,-15,Soft_VAD_Leaky,0.4519,1.300,7.62,-7.40
festival,techno,male_03_IUS-M04201.wav,male,-15,Unprocessed,0.4276,1.259,0.00,0.00
festival,techno,male_03_IUS-M04201.wav,male,-15,FIR_BP,0.4375,1.229,8.75,-9.77
festival,techno,male_03_IUS-M04201.wav,male,-15,Parametric_Notch,0.4311,1.270,0.93,-0.91
festival,techno,male_03_IUS-M04201.wav,male,-15,Base_NLMS,0.4982,1.247,10.80,-10.81
festival,techno,male_03_IUS-M04201.wav,male,-15,Leaky_NLMS,0.4327,1.282,8.10,-8.02
festival,techno,male_03_IUS-M04201.wav,male,-15,Soft_VAD_Leaky,0.4293,1.290,7.57,-7.47
festival,techno,male_04_IUS-M06201.wav,male,-15,Unprocessed,0.5236,1.245,0.00,0.00
festival,techno,male_04_IUS-M06201.wav,male,-15,FIR_BP,0.5075,1.203,8.83,-9.93
festival,techno,male_04_IUS-M06201.wav,male,-15,Parametric_Notch,0.5225,1.254,0.84,-0.84
festival,techno,male_04_IUS-M06201.wav,male,-15,Base_NLMS,0.5831,1.242,11.24,-11.13
festival,techno,male_04_IUS-M06201.wav,male,-15,Leaky_NLMS,0.5359,1.277,8.34,-8.08
festival,techno,male_04_IUS-M06201.wav,male,-15,Soft_VAD_Leaky,0.5367,1.283,7.91,-7.65
festival,techno,male_05_IUS-M08201.wav,male,-15,Unprocessed,0.4654,1.221,0.00,0.00
festival,techno,male_05_IUS-M08201.wav,male,-15,FIR_BP,0.4625,1.249,8.83,-9.73
festival,techno,male_05_IUS-M08201.wav,male,-15,Parametric_Notch,0.4660,1.231,0.90,-0.89
festival,techno,male_05_IUS-M08201.wav,male,-15,Base_NLMS,0.5427,1.238,11.61,-11.35
festival,techno,male_05_IUS-M08201.wav,male,-15,Leaky_NLMS,0.4785,1.273,8.33,-8.04
festival,techno,male_05_IUS-M08201.wav,male,-15,Soft_VAD_Leaky,0.4789,1.278,7.84,-7.52
festival,techno,male_06_IUS-M10201.wav,male,-15,Unprocessed,0.5040,1.215,0.00,0.00
festival,techno,male_06_IUS-M10201.wav,male,-15,FIR_BP,0.5010,1.259,8.64,-9.61
festival,techno,male_06_IUS-M10201.wav,male,-15,Parametric_Notch,0.5045,1.227,0.90,-0.89
festival,techno,male_06_IUS-M10201.wav,male,-15,Base_NLMS,0.5574,1.239,10.74,-10.49
festival,techno,male_06_IUS-M10201.wav,male,-15,Leaky_NLMS,0.5047,1.295,8.24,-7.92
festival,techno,male_06_IUS-M10201.wav,male,-15,Soft_VAD_Leaky,0.5063,1.302,7.85,-7.52
festival,techno,male_07_IUS-M12201.wav,male,-15,Unprocessed,0.4803,1.232,0.00,0.00
festival,techno,male_07_IUS-M12201.wav,male,-15,FIR_BP,0.4743,1.260,8.89,-9.75
festival,techno,male_07_IUS-M12201.wav,male,-15,Parametric_Notch,0.4811,1.245,0.83,-0.86
festival,techno,male_07_IUS-M12201.wav,male,-15,Base_NLMS,0.5446,1.297,11.73,-11.33
festival,techno,male_07_IUS-M12201.wav,male,-15,Leaky_NLMS,0.4932,1.313,8.53,-8.23
festival,techno,male_07_IUS-M12201.wav,male,-15,Soft_VAD_Leaky,0.4890,1.320,7.98,-7.66
festival,techno,male_08_IUS-M14201.wav,male,-15,Unprocessed,0.4252,1.215,0.00,0.00
festival,techno,male_08_IUS-M14201.wav,male,-15,FIR_BP,0.4256,1.230,8.80,-9.60
festival,techno,male_08_IUS-M14201.wav,male,-15,Parametric_Notch,0.4266,1.223,0.91,-0.91
festival,techno,male_08_IUS-M14201.wav,male,-15,Base_NLMS,0.4663,1.218,11.66,-11.25
festival,techno,male_08_IUS-M14201.wav,male,-15,Leaky_NLMS,0.4334,1.248,8.30,-7.96
festival,techno,male_08_IUS-M14201.wav,male,-15,Soft_VAD_Leaky,0.4325,1.248,7.83,-7.51
festival,techno,male_09_IUS-M16201.wav,male,-15,Unprocessed,0.4247,1.222,0.00,0.00
festival,techno,male_09_IUS-M16201.wav,male,-15,FIR_BP,0.4223,1.228,8.94,-9.75
festival,techno,male_09_IUS-M16201.wav,male,-15,Parametric_Notch,0.4245,1.233,0.91,-0.88
festival,techno,male_09_IUS-M16201.wav,male,-15,Base_NLMS,0.5067,1.236,11.71,-11.28
festival,techno,male_09_IUS-M16201.wav,male,-15,Leaky_NLMS,0.4377,1.272,8.33,-7.96
festival,techno,male_09_IUS-M16201.wav,male,-15,Soft_VAD_Leaky,0.4329,1.274,7.87,-7.56
festival,techno,male_10_IUS-M18201.wav,male,-15,Unprocessed,0.5001,1.218,0.00,0.00
festival,techno,male_10_IUS-M18201.wav,male,-15,FIR_BP,0.4820,1.235,9.05,-9.77
festival,techno,male_10_IUS-M18201.wav,male,-15,Parametric_Notch,0.5020,1.229,0.88,-0.87
festival,techno,male_10_IUS-M18201.wav,male,-15,Base_NLMS,0.5771,1.263,11.70,-11.27
festival,techno,male_10_IUS-M18201.wav,male,-15,Leaky_NLMS,0.5137,1.287,8.37,-8.12
festival,techno,male_10_IUS-M18201.wav,male,-15,Soft_VAD_Leaky,0.5109,1.288,7.87,-7.64
festival,techno,female_01_IUS-F00202.wav,female,-15,Unprocessed,0.3534,1.176,0.00,0.00
festival,techno,female_01_IUS-F00202.wav,female,-15,FIR_BP,0.3656,1.201,9.26,-10.07
festival,techno,female_01_IUS-F00202.wav,female,-15,Parametric_Notch,0.3565,1.185,0.89,-0.88
festival,techno,female_01_IUS-F00202.wav,female,-15,Base_NLMS,0.4265,1.236,11.41,-11.16
festival,techno,female_01_IUS-F00202.wav,female,-15,Leaky_NLMS,0.3663,1.252,8.18,-7.96
festival,techno,female_01_IUS-F00202.wav,female,-15,Soft_VAD_Leaky,0.3643,1.250,7.79,-7.56
festival,techno,female_02_IUS-F02202.wav,female,-15,Unprocessed,0.3706,1.224,0.00,0.00
festival,techno,female_02_IUS-F02202.wav,female,-15,FIR_BP,0.3646,1.183,9.37,-10.24
festival,techno,female_02_IUS-F02202.wav,female,-15,Parametric_Notch,0.3679,1.231,0.90,-0.88
festival,techno,female_02_IUS-F02202.wav,female,-15,Base_NLMS,0.4623,1.235,11.59,-11.31
festival,techno,female_02_IUS-F02202.wav,female,-15,Leaky_NLMS,0.3920,1.260,8.27,-8.08
festival,techno,female_02_IUS-F02202.wav,female,-15,Soft_VAD_Leaky,0.3912,1.261,7.87,-7.66
festival,techno,female_03_IUS-F04202.wav,female,-15,Unprocessed,0.3694,1.221,0.00,0.00
festival,techno,female_03_IUS-F04202.wav,female,-15,FIR_BP,0.3714,1.201,8.90,-10.08
festival,techno,female_03_IUS-F04202.wav,female,-15,Parametric_Notch,0.3721,1.231,0.94,-0.91
festival,techno,female_03_IUS-F04202.wav,female,-15,Base_NLMS,0.4592,1.252,10.88,-10.67
festival,techno,female_03_IUS-F04202.wav,female,-15,Leaky_NLMS,0.3880,1.276,8.04,-7.82
festival,techno,female_03_IUS-F04202.wav,female,-15,Soft_VAD_Leaky,0.3856,1.278,7.42,-7.18
festival,techno,female_04_IUS-F06202.wav,female,-15,Unprocessed,0.4687,1.210,0.00,0.00
festival,techno,female_04_IUS-F06202.wav,female,-15,FIR_BP,0.4667,1.177,9.20,-10.20
festival,techno,female_04_IUS-F06202.wav,female,-15,Parametric_Notch,0.4713,1.218,0.87,-0.84
festival,techno,female_04_IUS-F06202.wav,female,-15,Base_NLMS,0.5699,1.233,11.32,-11.10
festival,techno,female_04_IUS-F06202.wav,female,-15,Leaky_NLMS,0.4946,1.264,8.19,-7.94
festival,techno,female_04_IUS-F06202.wav,female,-15,Soft_VAD_Leaky,0.4933,1.270,7.72,-7.46
festival,techno,female_05_IUS-F08202.wav,female,-15,Unprocessed,0.4725,1.194,-0.00,0.00
festival,techno,female_05_IUS-F08202.wav,female,-15,FIR_BP,0.4693,1.208,9.27,-10.00
festival,techno,female_05_IUS-F08202.wav,female,-15,Parametric_Notch,0.4775,1.203,0.96,-0.95
festival,techno,female_05_IUS-F08202.wav,female,-15,Base_NLMS,0.5634,1.240,11.20,-10.59
festival,techno,female_05_IUS-F08202.wav,female,-15,Leaky_NLMS,0.4943,1.249,8.19,-7.80
festival,techno,female_05_IUS-F08202.wav,female,-15,Soft_VAD_Leaky,0.4920,1.250,7.74,-7.40
festival,techno,female_06_IUS-F10202.wav,female,-15,Unprocessed,0.5461,1.205,0.00,0.00
festival,techno,female_06_IUS-F10202.wav,female,-15,FIR_BP,0.5416,1.217,8.77,-9.98
festival,techno,female_06_IUS-F10202.wav,female,-15,Parametric_Notch,0.5447,1.214,0.90,-0.88
festival,techno,female_06_IUS-F10202.wav,female,-15,Base_NLMS,0.6365,1.252,11.29,-10.78
festival,techno,female_06_IUS-F10202.wav,female,-15,Leaky_NLMS,0.5530,1.273,8.20,-7.87
festival,techno,female_06_IUS-F10202.wav,female,-15,Soft_VAD_Leaky,0.5558,1.278,7.68,-7.33
festival,techno,female_07_IUS-F12202.wav,female,-15,Unprocessed,0.3047,1.204,0.00,0.00
festival,techno,female_07_IUS-F12202.wav,female,-15,FIR_BP,0.3083,1.201,8.99,-9.92
festival,techno,female_07_IUS-F12202.wav,female,-15,Parametric_Notch,0.3090,1.212,0.92,-0.90
festival,techno,female_07_IUS-F12202.wav,female,-15,Base_NLMS,0.4114,1.237,10.77,-10.59
festival,techno,female_07_IUS-F12202.wav,female,-15,Leaky_NLMS,0.3172,1.245,8.07,-7.85
festival,techno,female_07_IUS-F12202.wav,female,-15,Soft_VAD_Leaky,0.3194,1.256,7.61,-7.29
festival,techno,female_08_IUS-F14202.wav,female,-15,Unprocessed,0.5054,1.166,0.00,0.00
festival,techno,female_08_IUS-F14202.wav,female,-15,FIR_BP,0.5005,1.221,8.83,-9.84
festival,techno,female_08_IUS-F14202.wav,female,-15,Parametric_Notch,0.5114,1.175,0.89,-0.87
festival,techno,female_08_IUS-F14202.wav,female,-15,Base_NLMS,0.5579,1.266,11.39,-10.93
festival,techno,female_08_IUS-F14202.wav,female,-15,Leaky_NLMS,0.5053,1.259,8.38,-8.09
festival,techno,female_08_IUS-F14202.wav,female,-15,Soft_VAD_Leaky,0.5054,1.256,7.59,-7.28
festival,techno,female_09_IUS-F16202.wav,female,-15,Unprocessed,0.4910,1.185,0.00,0.00
festival,techno,female_09_IUS-F16202.wav,female,-15,FIR_BP,0.4738,1.192,9.69,-10.11
festival,techno,female_09_IUS-F16202.wav,female,-15,Parametric_Notch,0.4917,1.194,0.94,-0.92
festival,techno,female_09_IUS-F16202.wav,female,-15,Base_NLMS,0.5949,1.241,11.43,-10.97
festival,techno,female_09_IUS-F16202.wav,female,-15,Leaky_NLMS,0.5052,1.240,8.21,-7.92
festival,techno,female_09_IUS-F16202.wav,female,-15,Soft_VAD_Leaky,0.5023,1.241,7.69,-7.41
festival,techno,female_10_IUS-F18202.wav,female,-15,Unprocessed,0.4561,1.201,-0.00,0.00
festival,techno,female_10_IUS-F18202.wav,female,-15,FIR_BP,0.4486,1.215,8.61,-9.80
festival,techno,female_10_IUS-F18202.wav,female,-15,Parametric_Notch,0.4603,1.211,0.87,-0.89
festival,techno,female_10_IUS-F18202.wav,female,-15,Base_NLMS,0.5446,1.274,11.79,-11.26
festival,techno,female_10_IUS-F18202.wav,female,-15,Leaky_NLMS,0.4756,1.280,8.42,-8.12
festival,techno,female_10_IUS-F18202.wav,female,-15,Soft_VAD_Leaky,0.4728,1.278,7.72,-7.46
festival,techno,male_01_IUS-M00201.wav,male,-10,Unprocessed,0.5619,1.294,0.00,0.00
festival,techno,male_01_IUS-M00201.wav,male,-10,FIR_BP,0.5637,1.292,7.09,-8.94
festival,techno,male_01_IUS-M00201.wav,male,-10,Parametric_Notch,0.5530,1.314,0.83,-0.81
festival,techno,male_01_IUS-M00201.wav,male,-10,Base_NLMS,0.6642,1.345,10.74,-10.14
festival,techno,male_01_IUS-M00201.wav,male,-10,Leaky_NLMS,0.5808,1.401,8.20,-7.61
festival,techno,male_01_IUS-M00201.wav,male,-10,Soft_VAD_Leaky,0.5826,1.408,7.87,-7.21
festival,techno,male_02_IUS-M02201.wav,male,-10,Unprocessed,0.5462,1.308,0.00,0.00
festival,techno,male_02_IUS-M02201.wav,male,-10,FIR_BP,0.5416,1.254,6.77,-9.03
festival,techno,male_02_IUS-M02201.wav,male,-10,Parametric_Notch,0.5490,1.325,0.89,-0.85
festival,techno,male_02_IUS-M02201.wav,male,-10,Base_NLMS,0.6222,1.359,9.83,-9.58
festival,techno,male_02_IUS-M02201.wav,male,-10,Leaky_NLMS,0.5546,1.386,7.74,-7.25
festival,techno,male_02_IUS-M02201.wav,male,-10,Soft_VAD_Leaky,0.5525,1.388,7.33,-6.76
festival,techno,male_03_IUS-M04201.wav,male,-10,Unprocessed,0.5242,1.330,0.00,0.00
festival,techno,male_03_IUS-M04201.wav,male,-10,FIR_BP,0.5286,1.266,6.60,-8.84
festival,techno,male_03_IUS-M04201.wav,male,-10,Parametric_Notch,0.5285,1.347,0.92,-0.86
festival,techno,male_03_IUS-M04201.wav,male,-10,Base_NLMS,0.6104,1.313,9.51,-9.73
festival,techno,male_03_IUS-M04201.wav,male,-10,Leaky_NLMS,0.5349,1.350,7.57,-7.38
festival,techno,male_03_IUS-M04201.wav,male,-10,Soft_VAD_Leaky,0.5327,1.366,7.08,-6.77
festival,techno,male_04_IUS-M06201.wav,male,-10,Unprocessed,0.6070,1.308,0.00,0.00
festival,techno,male_04_IUS-M06201.wav,male,-10,FIR_BP,0.5862,1.234,6.71,-9.18
festival,techno,male_04_IUS-M06201.wav,male,-10,Parametric_Notch,0.6053,1.321,0.82,-0.81
festival,techno,male_04_IUS-M06201.wav,male,-10,Base_NLMS,0.6783,1.311,10.09,-10.02
festival,techno,male_04_IUS-M06201.wav,male,-10,Leaky_NLMS,0.6187,1.347,7.94,-7.50
festival,techno,male_04_IUS-M06201.wav,male,-10,Soft_VAD_Leaky,0.6204,1.355,7.50,-6.93
festival,techno,male_05_IUS-M08201.wav,male,-10,Unprocessed,0.5498,1.280,0.00,0.00
festival,techno,male_05_IUS-M08201.wav,male,-10,FIR_BP,0.5441,1.302,6.72,-8.54
festival,techno,male_05_IUS-M08201.wav,male,-10,Parametric_Notch,0.5510,1.295,0.89,-0.85
festival,techno,male_05_IUS-M08201.wav,male,-10,Base_NLMS,0.6635,1.306,10.52,-10.15
festival,techno,male_05_IUS-M08201.wav,male,-10,Leaky_NLMS,0.5685,1.353,8.09,-7.28
festival,techno,male_05_IUS-M08201.wav,male,-10,Soft_VAD_Leaky,0.5686,1.365,7.62,-6.67
festival,techno,male_06_IUS-M10201.wav,male,-10,Unprocessed,0.5802,1.291,0.00,0.00
festival,techno,male_06_IUS-M10201.wav,male,-10,FIR_BP,0.5821,1.323,6.30,-8.31
festival,techno,male_06_IUS-M10201.wav,male,-10,Parametric_Notch,0.5801,1.310,0.89,-0.84
festival,techno,male_06_IUS-M10201.wav,male,-10,Base_NLMS,0.6633,1.308,9.61,-9.35
festival,techno,male_06_IUS-M10201.wav,male,-10,Leaky_NLMS,0.5888,1.401,7.97,-7.15
festival,techno,male_06_IUS-M10201.wav,male,-10,Soft_VAD_Leaky,0.5917,1.427,7.43,-6.52
festival,techno,male_07_IUS-M12201.wav,male,-10,Unprocessed,0.5738,1.303,0.00,0.00
festival,techno,male_07_IUS-M12201.wav,male,-10,FIR_BP,0.5664,1.314,6.74,-8.51
festival,techno,male_07_IUS-M12201.wav,male,-10,Parametric_Notch,0.5742,1.323,0.82,-0.78
festival,techno,male_07_IUS-M12201.wav,male,-10,Base_NLMS,0.6561,1.387,10.49,-9.82
festival,techno,male_07_IUS-M12201.wav,male,-10,Leaky_NLMS,0.5887,1.416,8.22,-7.39
festival,techno,male_07_IUS-M12201.wav,male,-10,Soft_VAD_Leaky,0.5875,1.432,7.64,-6.67
festival,techno,male_08_IUS-M14201.wav,male,-10,Unprocessed,0.4927,1.275,0.00,0.00
festival,techno,male_08_IUS-M14201.wav,male,-10,FIR_BP,0.4931,1.284,6.69,-8.46
festival,techno,male_08_IUS-M14201.wav,male,-10,Parametric_Notch,0.4935,1.288,0.91,-0.86
festival,techno,male_08_IUS-M14201.wav,male,-10,Base_NLMS,0.5521,1.267,10.65,-10.11
festival,techno,male_08_IUS-M14201.wav,male,-10,Leaky_NLMS,0.5025,1.316,8.10,-7.37
festival,techno,male_08_IUS-M14201.wav,male,-10,Soft_VAD_Leaky,0.5020,1.323,7.57,-6.81
festival,techno,male_09_IUS-M16201.wav,male,-10,Unprocessed,0.5076,1.286,0.00,0.00
festival,techno,male_09_IUS-M16201.wav,male,-10,FIR_BP,0.5066,1.276,6.89,-8.81
festival,techno,male_09_IUS-M16201.wav,male,-10,Parametric_Notch,0.5070,1.303,0.90,-0.85
festival,techno,male_09_IUS-M16201.wav,male,-10,Base_NLMS,0.6112,1.307,10.81,-10.11
festival,techno,male_09_IUS-M16201.wav,male,-10,Leaky_NLMS,0.5248,1.357,8.10,-7.37
festival,techno,male_09_IUS-M16201.wav,male,-10,Soft_VAD_Leaky,0.5201,1.366,7.58,-6.74
festival,techno,male_10_IUS-M18201.wav,male,-10,Unprocessed,0.5887,1.281,0.00,0.00
festival,techno,male_10_IUS-M18201.wav,male,-10,FIR_BP,0.5684,1.285,6.99,-8.66
festival,techno,male_10_IUS-M18201.wav,male,-10,Parametric_Notch,0.5908,1.299,0.87,-0.83
festival,techno,male_10_IUS-M18201.wav,male,-10,Base_NLMS,0.6848,1.341,10.90,-9.90
festival,techno,male_10_IUS-M18201.wav,male,-10,Leaky_NLMS,0.6073,1.377,8.15,-7.36
festival,techno,male_10_IUS-M18201.wav,male,-10,Soft_VAD_Leaky,0.6041,1.384,7.14,-6.44
festival,techno,female_01_IUS-F00202.wav,female,-10,Unprocessed,0.4355,1.225,0.00,0.00
festival,techno,female_01_IUS-F00202.wav,female,-10,FIR_BP,0.4427,1.242,7.35,-9.17
festival,techno,female_01_IUS-F00202.wav,female,-10,Parametric_Notch,0.4393,1.240,0.89,-0.85
festival,techno,female_01_IUS-F00202.wav,female,-10,Base_NLMS,0.5228,1.315,10.45,-10.19
festival,techno,female_01_IUS-F00202.wav,female,-10,Leaky_NLMS,0.4526,1.345,7.95,-7.43
festival,techno,female_01_IUS-F00202.wav,female,-10,Soft_VAD_Leaky,0.4491,1.342,7.50,-6.87
festival,techno,female_02_IUS-F02202.wav,female,-10,Unprocessed,0.4562,1.280,0.00,0.00
festival,techno,female_02_IUS-F02202.wav,female,-10,FIR_BP,0.4481,1.209,7.46,-9.47
festival,techno,female_02_IUS-F02202.wav,female,-10,Parametric_Notch,0.4549,1.291,0.89,-0.84
festival,techno,female_02_IUS-F02202.wav,female,-10,Base_NLMS,0.5471,1.303,10.62,-10.26
festival,techno,female_02_IUS-F02202.wav,female,-10,Leaky_NLMS,0.4832,1.329,7.99,-7.55
festival,techno,female_02_IUS-F02202.wav,female,-10,Soft_VAD_Leaky,0.4815,1.333,7.62,-7.02
festival,techno,female_03_IUS-F04202.wav,female,-10,Unprocessed,0.4894,1.288,0.00,0.00
festival,techno,female_03_IUS-F04202.wav,female,-10,FIR_BP,0.4817,1.235,6.52,-9.03
festival,techno,female_03_IUS-F04202.wav,female,-10,Parametric_Notch,0.4921,1.306,0.93,-0.86
festival,techno,female_03_IUS-F04202.wav,female,-10,Base_NLMS,0.5768,1.327,9.82,-9.52
festival,techno,female_03_IUS-F04202.wav,female,-10,Leaky_NLMS,0.5121,1.360,7.68,-7.09
festival,techno,female_03_IUS-F04202.wav,female,-10,Soft_VAD_Leaky,0.5121,1.371,6.91,-6.24
festival,techno,female_04_IUS-F06202.wav,female,-10,Unprocessed,0.5860,1.269,0.00,0.00
festival,techno,female_04_IUS-F06202.wav,female,-10,FIR_BP,0.5792,1.204,7.16,-9.58
festival,techno,female_04_IUS-F06202.wav,female,-10,Parametric_Notch,0.5894,1.284,0.87,-0.79
festival,techno,female_04_IUS-F06202.wav,female,-10,Base_NLMS,0.6819,1.309,10.20,-9.99
festival,techno,female_04_IUS-F06202.wav,female,-10,Leaky_NLMS,0.6128,1.340,7.80,-7.36
festival,techno,female_04_IUS-F06202.wav,female,-10,Soft_VAD_Leaky,0.6117,1.355,7.36,-6.75
festival,techno,female_05_IUS-F08202.wav,female,-10,Unprocessed,0.5635,1.248,0.00,0.00
festival,techno,female_05_IUS-F08202.wav,female,-10,FIR_BP,0.5612,1.253,7.13,-8.80
festival,techno,female_05_IUS-F08202.wav,female,-10,Parametric_Notch,0.5692,1.263,0.95,-0.90
festival,techno,female_05_IUS-F08202.wav,female,-10,Base_NLMS,0.6738,1.315,10.39,-9.45
festival,techno,female_05_IUS-F08202.wav,female,-10,Leaky_NLMS,0.5916,1.322,7.97,-7.13
festival,techno,female_05_IUS-F08202.wav,female,-10,Soft_VAD_Leaky,0.5883,1.329,7.47,-6.56
festival,techno,female_06_IUS-F10202.wav,female,-10,Unprocessed,0.6229,1.269,0.00,0.00
festival,techno,female_06_IUS-F10202.wav,female,-10,FIR_BP,0.6200,1.259,6.28,-8.85
festival,techno,female_06_IUS-F10202.wav,female,-10,Parametric_Notch,0.6219,1.284,0.90,-0.83
festival,techno,female_06_IUS-F10202.wav,female,-10,Base_NLMS,0.7224,1.334,10.29,-9.47
festival,techno,female_06_IUS-F10202.wav,female,-10,Leaky_NLMS,0.6366,1.363,7.94,-7.11
festival,techno,female_06_IUS-F10202.wav,female,-10,Soft_VAD_Leaky,0.6376,1.377,7.30,-6.38
festival,techno,female_07_IUS-F12202.wav,female,-10,Unprocessed,0.3942,1.262,0.00,0.00
festival,techno,female_07_IUS-F12202.wav,female,-10,FIR_BP,0.3919,1.242,6.78,-8.84
festival,techno,female_07_IUS-F12202.wav,female,-10,Parametric_Notch,0.3984,1.276,0.92,-0.85
festival,techno,female_07_IUS-F12202.wav,female,-10,Base_NLMS,0.5142,1.306,9.63,-9.60
festival,techno,female_07_IUS-F12202.wav,female,-10,Leaky_NLMS,0.4136,1.314,7.75,-7.27
festival,techno,female_07_IUS-F12202.wav,female,-10,Soft_VAD_Leaky,0.4137,1.338,7.30,-6.48
festival,techno,female_08_IUS-F14202.wav,female,-10,Unprocessed,0.5880,1.222,0.00,0.00
festival,techno,female_08_IUS-F14202.wav,female,-10,FIR_BP,0.5778,1.283,6.53,-8.70
festival,techno,female_08_IUS-F14202.wav,female,-10,Parametric_Notch,0.5934,1.238,0.88,-0.83
festival,techno,female_08_IUS-F14202.wav,female,-10,Base_NLMS,0.6748,1.373,10.61,-9.63
festival,techno,female_08_IUS-F14202.wav,female,-10,Leaky_NLMS,0.5934,1.369,8.18,-7.34
festival,techno,female_08_IUS-F14202.wav,female,-10,Soft_VAD_Leaky,0.5947,1.374,7.26,-6.40
festival,techno,female_09_IUS-F16202.wav,female,-10,Unprocessed,0.5744,1.242,0.00,0.00
festival,techno,female_09_IUS-F16202.wav,female,-10,FIR_BP,0.5565,1.233,8.10,-9.11
festival,techno,female_09_IUS-F16202.wav,female,-10,Parametric_Notch,0.5748,1.257,0.93,-0.88
festival,techno,female_09_IUS-F16202.wav,female,-10,Base_NLMS,0.6935,1.322,10.53,-9.74
festival,techno,female_09_IUS-F16202.wav,female,-10,Leaky_NLMS,0.5968,1.322,7.99,-7.29
festival,techno,female_09_IUS-F16202.wav,female,-10,Soft_VAD_Leaky,0.5927,1.326,7.42,-6.66
festival,techno,female_10_IUS-F18202.wav,female,-10,Unprocessed,0.5493,1.260,0.00,0.00
festival,techno,female_10_IUS-F18202.wav,female,-10,FIR_BP,0.5432,1.256,6.23,-8.65
festival,techno,female_10_IUS-F18202.wav,female,-10,Parametric_Notch,0.5533,1.276,0.86,-0.80
festival,techno,female_10_IUS-F18202.wav,female,-10,Base_NLMS,0.6570,1.369,11.03,-9.71
festival,techno,female_10_IUS-F18202.wav,female,-10,Leaky_NLMS,0.5699,1.372,8.20,-7.36
festival,techno,female_10_IUS-F18202.wav,female,-10,Soft_VAD_Leaky,0.5658,1.372,7.45,-6.63
festival,techno,male_01_IUS-M00201.wav,male,-5,Unprocessed,0.6729,1.441,0.00,0.00
festival,techno,male_01_IUS-M00201.wav,male,-5,FIR_BP,0.6736,1.349,3.72,-7.08
festival,techno,male_01_IUS-M00201.wav,male,-5,Parametric_Notch,0.6627,1.474,0.79,-0.73
festival,techno,male_01_IUS-M00201.wav,male,-5,Base_NLMS,0.7450,1.439,8.29,-8.34
festival,techno,male_01_IUS-M00201.wav,male,-5,Leaky_NLMS,0.6932,1.561,7.33,-6.39
festival,techno,male_01_IUS-M00201.wav,male,-5,Soft_VAD_Leaky,0.6978,1.608,7.30,-5.74
festival,techno,male_02_IUS-M02201.wav,male,-5,Unprocessed,0.6529,1.452,0.00,0.00
festival,techno,male_02_IUS-M02201.wav,male,-5,FIR_BP,0.6402,1.302,3.34,-7.54
festival,techno,male_02_IUS-M02201.wav,male,-5,Parametric_Notch,0.6543,1.478,0.85,-0.77
festival,techno,male_02_IUS-M02201.wav,male,-5,Base_NLMS,0.7039,1.462,7.50,-8.03
festival,techno,male_02_IUS-M02201.wav,male,-5,Leaky_NLMS,0.6589,1.514,6.77,-6.21
festival,techno,male_02_IUS-M02201.wav,male,-5,Soft_VAD_Leaky,0.6625,1.539,6.57,-5.50
festival,techno,male_03_IUS-M04201.wav,male,-5,Unprocessed,0.6472,1.486,0.00,0.00
festival,techno,male_03_IUS-M04201.wav,male,-5,FIR_BP,0.6421,1.319,3.13,-7.14
festival,techno,male_03_IUS-M04201.wav,male,-5,Parametric_Notch,0.6514,1.514,0.89,-0.74
festival,techno,male_03_IUS-M04201.wav,male,-5,Base_NLMS,0.7096,1.397,6.85,-8.08
festival,techno,male_03_IUS-M04201.wav,male,-5,Leaky_NLMS,0.6575,1.454,6.25,-6.23
festival,techno,male_03_IUS-M04201.wav,male,-5,Soft_VAD_Leaky,0.6584,1.496,5.99,-5.45
festival,techno,male_04_IUS-M06201.wav,male,-5,Unprocessed,0.7016,1.439,0.00,0.00
festival,techno,male_04_IUS-M06201.wav,male,-5,FIR_BP,0.6799,1.277,3.26,-7.68
festival,techno,male_04_IUS-M06201.wav,male,-5,Parametric_Notch,0.7002,1.459,0.76,-0.73
festival,techno,male_04_IUS-M06201.wav,male,-5,Base_NLMS,0.7468,1.399,7.42,-8.26
festival,techno,male_04_IUS-M06201.wav,male,-5,Leaky_NLMS,0.7084,1.456,6.74,-6.30
festival,techno,male_04_IUS-M06201.wav,male,-5,Soft_VAD_Leaky,0.7095,1.471,6.51,-5.67
festival,techno,male_05_IUS-M08201.wav,male,-5,Unprocessed,0.6473,1.405,0.00,0.00
festival,techno,male_05_IUS-M08201.wav,male,-5,FIR_BP,0.6399,1.371,3.30,-6.44
festival,techno,male_05_IUS-M08201.wav,male,-5,Parametric_Notch,0.6490,1.431,0.87,-0.75
festival,techno,male_05_IUS-M08201.wav,male,-5,Base_NLMS,0.7451,1.390,7.89,-8.30
festival,techno,male_05_IUS-M08201.wav,male,-5,Leaky_NLMS,0.6710,1.479,7.27,-6.12
festival,techno,male_05_IUS-M08201.wav,male,-5,Soft_VAD_Leaky,0.6694,1.511,7.14,-5.19
festival,techno,male_06_IUS-M10201.wav,male,-5,Unprocessed,0.6709,1.460,0.00,0.00
festival,techno,male_06_IUS-M10201.wav,male,-5,FIR_BP,0.6739,1.388,2.64,-6.10
festival,techno,male_06_IUS-M10201.wav,male,-5,Parametric_Notch,0.6694,1.492,0.86,-0.73
festival,techno,male_06_IUS-M10201.wav,male,-5,Base_NLMS,0.7371,1.393,7.09,-7.64
festival,techno,male_06_IUS-M10201.wav,male,-5,Leaky_NLMS,0.6848,1.552,7.04,-5.86
festival,techno,male_06_IUS-M10201.wav,male,-5,Soft_VAD_Leaky,0.6882,1.631,6.81,-4.97
festival,techno,male_07_IUS-M12201.wav,male,-5,Unprocessed,0.6803,1.457,0.00,0.00
festival,techno,male_07_IUS-M12201.wav,male,-5,FIR_BP,0.6681,1.375,3.26,-6.40
festival,techno,male_07_IUS-M12201.wav,male,-5,Parametric_Notch,0.6802,1.493,0.79,-0.69
festival,techno,male_07_IUS-M12201.wav,male,-5,Base_NLMS,0.7482,1.491,7.73,-7.81
festival,techno,male_07_IUS-M12201.wav,male,-5,Leaky_NLMS,0.6948,1.572,7.19,-6.07
festival,techno,male_07_IUS-M12201.wav,male,-5,Soft_VAD_Leaky,0.6992,1.629,7.02,-5.01
festival,techno,male_08_IUS-M14201.wav,male,-5,Unprocessed,0.5730,1.400,0.00,0.00
festival,techno,male_08_IUS-M14201.wav,male,-5,FIR_BP,0.5704,1.359,3.26,-6.49
festival,techno,male_08_IUS-M14201.wav,male,-5,Parametric_Notch,0.5723,1.420,0.90,-0.75
festival,techno,male_08_IUS-M14201.wav,male,-5,Base_NLMS,0.6278,1.315,8.02,-8.47
festival,techno,male_08_IUS-M14201.wav,male,-5,Leaky_NLMS,0.5803,1.409,7.35,-6.46
festival,techno,male_08_IUS-M14201.wav,male,-5,Soft_VAD_Leaky,0.5850,1.450,7.00,-5.45
festival,techno,male_09_IUS-M16201.wav,male,-5,Unprocessed,0.6082,1.427,0.00,0.00
festival,techno,male_09_IUS-M16201.wav,male,-5,FIR_BP,0.6047,1.333,3.49,-6.87
festival,techno,male_09_IUS-M16201.wav,male,-5,Parametric_Notch,0.6070,1.453,0.86,-0.75
festival,techno,male_09_IUS-M16201.wav,male,-5,Base_NLMS,0.6802,1.388,8.34,-8.25
festival,techno,male_09_IUS-M16201.wav,male,-5,Leaky_NLMS,0.6231,1.483,7.26,-6.22
festival,techno,male_09_IUS-M16201.wav,male,-5,Soft_VAD_Leaky,0.6218,1.520,7.09,-5.34
festival,techno,male_10_IUS-M18201.wav,male,-5,Unprocessed,0.6902,1.421,0.00,0.00
festival,techno,male_10_IUS-M18201.wav,male,-5,FIR_BP,0.6707,1.351,3.54,-6.53
festival,techno,male_10_IUS-M18201.wav,male,-5,Parametric_Notch,0.6925,1.452,0.84,-0.72
festival,techno,male_10_IUS-M18201.wav,male,-5,Base_NLMS,0.7547,1.433,8.48,-7.90
festival,techno,male_10_IUS-M18201.wav,male,-5,Leaky_NLMS,0.7126,1.519,7.34,-6.08
festival,techno,male_10_IUS-M18201.wav,male,-5,Soft_VAD_Leaky,0.7112,1.552,6.56,-4.99
festival,techno,female_01_IUS-F00202.wav,female,-5,Unprocessed,0.5284,1.338,0.00,0.00
festival,techno,female_01_IUS-F00202.wav,female,-5,FIR_BP,0.5315,1.292,4.08,-7.36
festival,techno,female_01_IUS-F00202.wav,female,-5,Parametric_Notch,0.5328,1.368,0.88,-0.75
festival,techno,female_01_IUS-F00202.wav,female,-5,Base_NLMS,0.5958,1.390,7.97,-8.70
festival,techno,female_01_IUS-F00202.wav,female,-5,Leaky_NLMS,0.5424,1.486,7.17,-6.52
festival,techno,female_01_IUS-F00202.wav,female,-5,Soft_VAD_Leaky,0.5417,1.509,6.90,-5.61
festival,techno,female_02_IUS-F02202.wav,female,-5,Unprocessed,0.5618,1.402,-0.00,0.00
festival,techno,female_02_IUS-F02202.wav,female,-5,FIR_BP,0.5470,1.245,4.18,-7.89
festival,techno,female_02_IUS-F02202.wav,female,-5,Parametric_Notch,0.5631,1.422,0.88,-0.74
festival,techno,female_02_IUS-F02202.wav,female,-5,Base_NLMS,0.6142,1.374,7.94,-8.62
festival,techno,female_02_IUS-F02202.wav,female,-5,Leaky_NLMS,0.5831,1.425,7.00,-6.64
festival,techno,female_02_IUS-F02202.wav,female,-5,Soft_VAD_Leaky,0.5823,1.453,6.93,-5.77
festival,techno,female_03_IUS-F04202.wav,female,-5,Unprocessed,0.6267,1.437,0.00,0.00
festival,techno,female_03_IUS-F04202.wav,female,-5,FIR_BP,0.6060,1.278,2.85,-7.14
festival,techno,female_03_IUS-F04202.wav,female,-5,Parametric_Notch,0.6292,1.466,0.91,-0.73
festival,techno,female_03_IUS-F04202.wav,female,-5,Base_NLMS,0.6573,1.389,7.19,-7.81
festival,techno,female_03_IUS-F04202.wav,female,-5,Leaky_NLMS,0.6442,1.482,6.70,-5.94
festival,techno,female_03_IUS-F04202.wav,female,-5,Soft_VAD_Leaky,0.6452,1.523,6.27,-4.97
festival,techno,female_04_IUS-F06202.wav,female,-5,Unprocessed,0.7083,1.401,0.00,0.00
festival,techno,female_04_IUS-F06202.wav,female,-5,FIR_BP,0.6928,1.237,3.77,-8.25
festival,techno,female_04_IUS-F06202.wav,female,-5,Parametric_Notch,0.7135,1.430,0.84,-0.68
festival,techno,female_04_IUS-F06202.wav,female,-5,Base_NLMS,0.7621,1.392,7.54,-8.22
festival,techno,female_04_IUS-F06202.wav,female,-5,Leaky_NLMS,0.7246,1.451,6.66,-6.26
festival,techno,female_04_IUS-F06202.wav,female,-5,Soft_VAD_Leaky,0.7246,1.500,6.52,-5.39
festival,techno,female_05_IUS-F08202.wav,female,-5,Unprocessed,0.6641,1.365,0.00,0.00
festival,techno,female_05_IUS-F08202.wav,female,-5,FIR_BP,0.6643,1.314,3.63,-6.68
festival,techno,female_05_IUS-F08202.wav,female,-5,Parametric_Notch,0.6712,1.391,0.94,-0.78
festival,techno,female_05_IUS-F08202.wav,female,-5,Base_NLMS,0.7563,1.395,8.11,-7.66
festival,techno,female_05_IUS-F08202.wav,female,-5,Leaky_NLMS,0.6953,1.427,7.15,-6.04
festival,techno,female_05_IUS-F08202.wav,female,-5,Soft_VAD_Leaky,0.6936,1.467,6.96,-5.17
festival,techno,female_06_IUS-F10202.wav,female,-5,Unprocessed,0.7135,1.409,0.00,0.00
festival,techno,female_06_IUS-F10202.wav,female,-5,FIR_BP,0.7102,1.305,2.50,-6.81
festival,techno,female_06_IUS-F10202.wav,female,-5,Parametric_Notch,0.7132,1.437,0.89,-0.71
festival,techno,female_06_IUS-F10202.wav,female,-5,Base_NLMS,0.7762,1.417,7.67,-7.62
festival,techno,female_06_IUS-F10202.wav,female,-5,Leaky_NLMS,0.7287,1.496,7.10,-5.86
festival,techno,female_06_IUS-F10202.wav,female,-5,Soft_VAD_Leaky,0.7315,1.549,6.63,-4.80
festival,techno,female_07_IUS-F12202.wav,female,-5,Unprocessed,0.5181,1.389,0.00,0.00
festival,techno,female_07_IUS-F12202.wav,female,-5,FIR_BP,0.5033,1.296,3.24,-6.88
festival,techno,female_07_IUS-F12202.wav,female,-5,Parametric_Notch,0.5220,1.413,0.91,-0.74
festival,techno,female_07_IUS-F12202.wav,female,-5,Base_NLMS,0.6048,1.376,6.88,-8.08
festival,techno,female_07_IUS-F12202.wav,female,-5,Leaky_NLMS,0.5353,1.411,6.66,-6.34
festival,techno,female_07_IUS-F12202.wav,female,-5,Soft_VAD_Leaky,0.5356,1.481,6.73,-5.08
festival,techno,female_08_IUS-F14202.wav,female,-5,Unprocessed,0.6786,1.349,-0.00,0.00
festival,techno,female_08_IUS-F14202.wav,female,-5,FIR_BP,0.6592,1.343,2.91,-6.67
festival,techno,female_08_IUS-F14202.wav,female,-5,Parametric_Notch,0.6836,1.381,0.87,-0.73
festival,techno,female_08_IUS-F14202.wav,female,-5,Base_NLMS,0.7586,1.470,8.75,-7.63
festival,techno,female_08_IUS-F14202.wav,female,-5,Leaky_NLMS,0.6908,1.534,7.58,-6.13
festival,techno,female_08_IUS-F14202.wav,female,-5,Soft_VAD_Leaky,0.6957,1.591,6.89,-5.11
festival,techno,female_09_IUS-F16202.wav,female,-5,Unprocessed,0.6730,1.363,0.00,0.00
festival,techno,female_09_IUS-F16202.wav,female,-5,FIR_BP,0.6566,1.286,5.15,-7.25
festival,techno,female_09_IUS-F16202.wav,female,-5,Parametric_Notch,0.6738,1.391,0.91,-0.79
festival,techno,female_09_IUS-F16202.wav,female,-5,Base_NLMS,0.7578,1.406,8.10,-7.99
festival,techno,female_09_IUS-F16202.wav,female,-5,Leaky_NLMS,0.6964,1.442,7.17,-6.28
festival,techno,female_09_IUS-F16202.wav,female,-5,Soft_VAD_Leaky,0.6949,1.472,6.91,-5.50
festival,techno,female_10_IUS-F18202.wav,female,-5,Unprocessed,0.6568,1.394,0.00,0.00
festival,techno,female_10_IUS-F18202.wav,female,-5,FIR_BP,0.6503,1.305,2.54,-6.64
festival,techno,female_10_IUS-F18202.wav,female,-5,Parametric_Notch,0.6608,1.424,0.83,-0.69
festival,techno,female_10_IUS-F18202.wav,female,-5,Base_NLMS,0.7379,1.472,8.77,-7.55
festival,techno,female_10_IUS-F18202.wav,female,-5,Leaky_NLMS,0.6780,1.516,7.50,-6.06
festival,techno,female_10_IUS-F18202.wav,female,-5,Soft_VAD_Leaky,0.6756,1.539,6.87,-5.11
festival,techno,male_01_IUS-M00201.wav,male,0,Unprocessed,0.7924,1.779,-0.00,0.00
festival,techno,male_01_IUS-M00201.wav,male,0,FIR_BP,0.7791,1.403,-0.62,-4.70
festival,techno,male_01_IUS-M00201.wav,male,0,Parametric_Notch,0.7786,1.811,0.68,-0.57
festival,techno,male_01_IUS-M00201.wav,male,0,Base_NLMS,0.7779,1.470,3.62,-6.94
festival,techno,male_01_IUS-M00201.wav,male,0,Leaky_NLMS,0.7931,1.714,4.77,-5.32
festival,techno,male_01_IUS-M00201.wav,male,0,Soft_VAD_Leaky,0.8049,1.896,5.78,-4.02
festival,techno,male_02_IUS-M02201.wav,male,0,Unprocessed,0.7587,1.750,0.00,0.00
festival,techno,male_02_IUS-M02201.wav,male,0,FIR_BP,0.7339,1.357,-1.03,-5.59
festival,techno,male_02_IUS-M02201.wav,male,0,Parametric_Notch,0.7578,1.772,0.72,-0.60
festival,techno,male_02_IUS-M02201.wav,male,0,Base_NLMS,0.7518,1.523,3.23,-6.68
festival,techno,male_02_IUS-M02201.wav,male,0,Leaky_NLMS,0.7482,1.645,4.18,-5.18
festival,techno,male_02_IUS-M02201.wav,male,0,Soft_VAD_Leaky,0.7517,1.697,4.37,-4.36
festival,techno,male_03_IUS-M04201.wav,male,0,Unprocessed,0.7711,1.801,0.00,0.00
festival,techno,male_03_IUS-M04201.wav,male,0,FIR_BP,0.7526,1.381,-1.23,-5.03
festival,techno,male_03_IUS-M04201.wav,male,0,Parametric_Notch,0.7729,1.833,0.79,-0.54
festival,techno,male_03_IUS-M04201.wav,male,0,Base_NLMS,0.7641,1.453,2.58,-6.61
festival,techno,male_03_IUS-M04201.wav,male,0,Leaky_NLMS,0.7663,1.568,3.43,-5.13
festival,techno,male_03_IUS-M04201.wav,male,0,Soft_VAD_Leaky,0.7786,1.693,3.93,-3.85
festival,techno,male_04_IUS-M06201.wav,male,0,Unprocessed,0.8069,1.708,0.00,0.00
festival,techno,male_04_IUS-M06201.wav,male,0,FIR_BP,0.7783,1.333,-1.09,-5.76
festival,techno,male_04_IUS-M06201.wav,male,0,Parametric_Notch,0.8052,1.722,0.57,-0.59
festival,techno,male_04_IUS-M06201.wav,male,0,Base_NLMS,0.7924,1.470,3.02,-6.75
festival,techno,male_04_IUS-M06201.wav,male,0,Leaky_NLMS,0.7975,1.593,3.88,-5.20
festival,techno,male_04_IUS-M06201.wav,male,0,Soft_VAD_Leaky,0.8078,1.655,4.31,-4.18
festival,techno,male_05_IUS-M08201.wav,male,0,Unprocessed,0.7494,1.660,0.00,0.00
festival,techno,male_05_IUS-M08201.wav,male,0,FIR_BP,0.7364,1.439,-1.03,-3.85
festival,techno,male_05_IUS-M08201.wav,male,0,Parametric_Notch,0.7506,1.692,0.79,-0.56
festival,techno,male_05_IUS-M08201.wav,male,0,Base_NLMS,0.7843,1.472,3.59,-6.61
festival,techno,male_05_IUS-M08201.wav,male,0,Leaky_NLMS,0.7677,1.626,4.77,-4.97
festival,techno,male_05_IUS-M08201.wav,male,0,Soft_VAD_Leaky,0.7727,1.748,6.18,-3.41
festival,techno,male_06_IUS-M10201.wav,male,0,Unprocessed,0.7750,1.828,-0.00,0.00
festival,techno,male_06_IUS-M10201.wav,male,0,FIR_BP,0.7647,1.434,-1.83,-3.48
festival,techno,male_06_IUS-M10201.wav,male,0,Parametric_Notch,0.7712,1.857,0.76,-0.53
festival,techno,male_06_IUS-M10201.wav,male,0,Base_NLMS,0.7886,1.465,2.94,-6.07
festival,techno,male_06_IUS-M10201.wav,male,0,Leaky_NLMS,0.7824,1.700,4.39,-4.68
festival,techno,male_06_IUS-M10201.wav,male,0,Soft_VAD_Leaky,0.7897,1.933,5.53,-3.25
festival,techno,male_07_IUS-M12201.wav,male,0,Unprocessed,0.7802,1.794,0.00,0.00
festival,techno,male_07_IUS-M12201.wav,male,0,FIR_BP,0.7577,1.425,-1.12,-3.69
festival,techno,male_07_IUS-M12201.wav,male,0,Parametric_Notch,0.7790,1.836,0.68,-0.52
festival,techno,male_07_IUS-M12201.wav,male,0,Base_NLMS,0.8009,1.568,3.31,-6.10
festival,techno,male_07_IUS-M12201.wav,male,0,Leaky_NLMS,0.7845,1.737,4.38,-4.86
festival,techno,male_07_IUS-M12201.wav,male,0,Soft_VAD_Leaky,0.7971,1.938,6.06,-3.10
festival,techno,male_08_IUS-M14201.wav,male,0,Unprocessed,0.6652,1.651,0.00,0.00
festival,techno,male_08_IUS-M14201.wav,male,0,FIR_BP,0.6569,1.442,-1.07,-3.73
festival,techno,male_08_IUS-M14201.wav,male,0,Parametric_Notch,0.6637,1.671,0.85,-0.54
festival,techno,male_08_IUS-M14201.wav,male,0,Base_NLMS,0.6700,1.343,3.58,-7.10
festival,techno,male_08_IUS-M14201.wav,male,0,Leaky_NLMS,0.6638,1.500,4.78,-5.58
festival,techno,male_08_IUS-M14201.wav,male,0,Soft_VAD_Leaky,0.6739,1.646,5.82,-3.86
festival,techno,male_09_IUS-M16201.wav,male,0,Unprocessed,0.7161,1.732,0.00,0.00
festival,techno,male_09_IUS-M16201.wav,male,0,FIR_BP,0.6991,1.387,-0.83,-4.58
festival,techno,male_09_IUS-M16201.wav,male,0,Parametric_Notch,0.7128,1.754,0.76,-0.57
festival,techno,male_09_IUS-M16201.wav,male,0,Base_NLMS,0.7177,1.447,3.94,-6.57
festival,techno,male_09_IUS-M16201.wav,male,0,Leaky_NLMS,0.7136,1.615,4.74,-5.14
festival,techno,male_09_IUS-M16201.wav,male,0,Soft_VAD_Leaky,0.7225,1.779,5.99,-3.62
festival,techno,male_10_IUS-M18201.wav,male,0,Unprocessed,0.7853,1.727,0.00,0.00
festival,techno,male_10_IUS-M18201.wav,male,0,FIR_BP,0.7620,1.415,-0.86,-3.98
festival,techno,male_10_IUS-M18201.wav,male,0,Parametric_Notch,0.7874,1.768,0.77,-0.53
festival,techno,male_10_IUS-M18201.wav,male,0,Base_NLMS,0.7859,1.498,3.89,-6.22
festival,techno,male_10_IUS-M18201.wav,male,0,Leaky_NLMS,0.7953,1.672,4.70,-4.92
festival,techno,male_10_IUS-M18201.wav,male,0,Soft_VAD_Leaky,0.7998,1.806,5.50,-3.45
festival,techno,female_01_IUS-F00202.wav,female,0,Unprocessed,0.6186,1.609,0.00,0.00
festival,techno,female_01_IUS-F00202.wav,female,0,FIR_BP,0.6196,1.340,-0.18,-4.88
festival,techno,female_01_IUS-F00202.wav,female,0,Parametric_Notch,0.6231,1.664,0.85,-0.57
festival,techno,female_01_IUS-F00202.wav,female,0,Base_NLMS,0.6299,1.402,3.70,-7.44
festival,techno,female_01_IUS-F00202.wav,female,0,Leaky_NLMS,0.6158,1.599,4.78,-5.74
festival,techno,female_01_IUS-F00202.wav,female,0,Soft_VAD_Leaky,0.6253,1.761,5.86,-4.03
festival,techno,female_02_IUS-F02202.wav,female,0,Unprocessed,0.6707,1.657,0.00,0.00
festival,techno,female_02_IUS-F02202.wav,female,0,FIR_BP,0.6458,1.288,-0.10,-5.68
festival,techno,female_02_IUS-F02202.wav,female,0,Parametric_Notch,0.6743,1.685,0.83,-0.54
festival,techno,female_02_IUS-F02202.wav,female,0,Base_NLMS,0.6574,1.408,3.36,-7.28
festival,techno,female_02_IUS-F02202.wav,female,0,Leaky_NLMS,0.6648,1.504,4.16,-5.84
festival,techno,female_02_IUS-F02202.wav,female,0,Soft_VAD_Leaky,0.6744,1.620,5.28,-4.32
festival,techno,female_03_IUS-F04202.wav,female,0,Unprocessed,0.7558,1.748,-0.00,0.00
festival,techno,female_03_IUS-F04202.wav,female,0,FIR_BP,0.7226,1.324,-1.64,-4.97
festival,techno,female_03_IUS-F04202.wav,female,0,Parametric_Notch,0.7582,1.786,0.85,-0.50
festival,techno,female_03_IUS-F04202.wav,female,0,Base_NLMS,0.6958,1.395,2.63,-6.44
festival,techno,female_03_IUS-F04202.wav,female,0,Leaky_NLMS,0.7451,1.584,4.09,-5.04
festival,techno,female_03_IUS-F04202.wav,female,0,Soft_VAD_Leaky,0.7624,1.746,4.90,-3.48
festival,techno,female_04_IUS-F06202.wav,female,0,Unprocessed,0.8199,1.699,-0.00,0.00
festival,techno,female_04_IUS-F06202.wav,female,0,FIR_BP,0.7903,1.276,-0.58,-6.49
festival,techno,female_04_IUS-F06202.wav,female,0,Parametric_Notch,0.8248,1.740,0.76,-0.48
festival,techno,female_04_IUS-F06202.wav,female,0,Base_NLMS,0.8042,1.428,3.08,-6.65
festival,techno,female_04_IUS-F06202.wav,female,0,Leaky_NLMS,0.8062,1.540,3.86,-5.24
festival,techno,female_04_IUS-F06202.wav,female,0,Soft_VAD_Leaky,0.8171,1.668,4.69,-4.02
festival,techno,female_05_IUS-F08202.wav,female,0,Unprocessed,0.7663,1.609,0.00,0.00
festival,techno,female_05_IUS-F08202.wav,female,0,FIR_BP,0.7609,1.380,-0.77,-4.00
festival,techno,female_05_IUS-F08202.wav,female,0,Parametric_Notch,0.7750,1.649,0.91,-0.55
festival,techno,female_05_IUS-F08202.wav,female,0,Base_NLMS,0.7923,1.430,3.86,-6.04
festival,techno,female_05_IUS-F08202.wav,female,0,Leaky_NLMS,0.7816,1.533,4.69,-4.95
festival,techno,female_05_IUS-F08202.wav,female,0,Soft_VAD_Leaky,0.7859,1.686,5.88,-3.51
festival,techno,female_06_IUS-F10202.wav,female,0,Unprocessed,0.8141,1.717,-0.00,0.00
festival,techno,female_06_IUS-F10202.wav,female,0,FIR_BP,0.8020,1.350,-2.04,-4.49
festival,techno,female_06_IUS-F10202.wav,female,0,Parametric_Notch,0.8150,1.757,0.85,-0.49
festival,techno,female_06_IUS-F10202.wav,female,0,Base_NLMS,0.7996,1.457,3.09,-6.18
festival,techno,female_06_IUS-F10202.wav,female,0,Leaky_NLMS,0.8097,1.628,4.66,-4.75
festival,techno,female_06_IUS-F10202.wav,female,0,Soft_VAD_Leaky,0.8190,1.800,5.40,-3.07
festival,techno,female_07_IUS-F12202.wav,female,0,Unprocessed,0.6551,1.658,0.00,0.00
festival,techno,female_07_IUS-F12202.wav,female,0,FIR_BP,0.6276,1.356,-1.17,-4.48
festival,techno,female_07_IUS-F12202.wav,female,0,Parametric_Notch,0.6587,1.692,0.87,-0.52
festival,techno,female_07_IUS-F12202.wav,female,0,Base_NLMS,0.6613,1.401,2.59,-6.76
festival,techno,female_07_IUS-F12202.wav,female,0,Leaky_NLMS,0.6489,1.498,3.86,-5.54
festival,techno,female_07_IUS-F12202.wav,female,0,Soft_VAD_Leaky,0.6596,1.709,5.49,-3.24
festival,techno,female_08_IUS-F14202.wav,female,0,Unprocessed,0.7767,1.645,0.00,0.00
festival,techno,female_08_IUS-F14202.wav,female,0,FIR_BP,0.7483,1.387,-1.54,-4.00
festival,techno,female_08_IUS-F14202.wav,female,0,Parametric_Notch,0.7828,1.703,0.84,-0.52
festival,techno,female_08_IUS-F14202.wav,female,0,Base_NLMS,0.7963,1.491,4.84,-5.80
festival,techno,female_08_IUS-F14202.wav,female,0,Leaky_NLMS,0.7857,1.684,5.68,-4.82
festival,techno,female_08_IUS-F14202.wav,female,0,Soft_VAD_Leaky,0.7936,1.912,6.07,-3.40
festival,techno,female_09_IUS-F16202.wav,female,0,Unprocessed,0.7695,1.626,0.00,0.00
festival,techno,female_09_IUS-F16202.wav,female,0,FIR_BP,0.7502,1.343,1.07,-4.89
festival,techno,female_09_IUS-F16202.wav,female,0,Parametric_Notch,0.7707,1.673,0.82,-0.61
festival,techno,female_09_IUS-F16202.wav,female,0,Base_NLMS,0.7886,1.457,3.89,-6.39
festival,techno,female_09_IUS-F16202.wav,female,0,Leaky_NLMS,0.7756,1.553,4.68,-5.25
festival,techno,female_09_IUS-F16202.wav,female,0,Soft_VAD_Leaky,0.7821,1.674,5.42,-3.95
festival,techno,female_10_IUS-F18202.wav,female,0,Unprocessed,0.7713,1.697,0.00,0.00
festival,techno,female_10_IUS-F18202.wav,female,0,FIR_BP,0.7567,1.354,-1.95,-4.24
festival,techno,female_10_IUS-F18202.wav,female,0,Parametric_Notch,0.7744,1.748,0.77,-0.50
festival,techno,female_10_IUS-F18202.wav,female,0,Base_NLMS,0.7737,1.517,4.24,-5.71
festival,techno,female_10_IUS-F18202.wav,female,0,Leaky_NLMS,0.7772,1.662,5.10,-4.84
festival,techno,female_10_IUS-F18202.wav,female,0,Soft_VAD_Leaky,0.7811,1.790,5.49,-3.23
festival,techno,male_01_IUS-M00201.wav,male,5,Unprocessed,0.8919,2.393,0.00,0.00
festival,techno,male_01_IUS-M00201.wav,male,5,FIR_BP,0.8597,1.436,-5.39,-2.77
festival,techno,male_01_IUS-M00201.wav,male,5,Parametric_Notch,0.8739,2.292,0.32,-0.39
festival,techno,male_01_IUS-M00201.wav,male,5,Base_NLMS,0.7902,1.439,-1.97,-6.71
festival,techno,male_01_IUS-M00201.wav,male,5,Leaky_NLMS,0.8501,1.724,-0.10,-5.24
festival,techno,male_01_IUS-M00201.wav,male,5,Soft_VAD_Leaky,0.8824,2.132,2.37,-3.09
festival,techno,male_02_IUS-M02201.wav,male,5,Unprocessed,0.8521,2.270,0.00,0.00
festival,techno,male_02_IUS-M02201.wav,male,5,FIR_BP,0.8124,1.402,-5.82,-3.85
festival,techno,male_02_IUS-M02201.wav,male,5,Parametric_Notch,0.8482,2.214,0.31,-0.42
festival,techno,male_02_IUS-M02201.wav,male,5,Base_NLMS,0.7676,1.492,-2.17,-6.44
festival,techno,male_02_IUS-M02201.wav,male,5,Leaky_NLMS,0.8109,1.693,-0.47,-5.05
festival,techno,male_02_IUS-M02201.wav,male,5,Soft_VAD_Leaky,0.8287,1.883,1.19,-3.34
festival,techno,male_03_IUS-M04201.wav,male,5,Unprocessed,0.8720,2.313,0.00,0.00
festival,techno,male_03_IUS-M04201.wav,male,5,FIR_BP,0.8356,1.432,-6.00,-3.48
festival,techno,male_03_IUS-M04201.wav,male,5,Parametric_Notch,0.8702,2.319,0.49,-0.33
festival,techno,male_03_IUS-M04201.wav,male,5,Base_NLMS,0.7865,1.442,-2.76,-6.27
festival,techno,male_03_IUS-M04201.wav,male,5,Leaky_NLMS,0.8342,1.631,-1.22,-4.99
festival,techno,male_03_IUS-M04201.wav,male,5,Soft_VAD_Leaky,0.8625,1.949,0.83,-2.77
festival,techno,male_04_IUS-M06201.wav,male,5,Unprocessed,0.8969,2.171,0.00,0.00
festival,techno,male_04_IUS-M06201.wav,male,5,FIR_BP,0.8550,1.384,-5.86,-3.87
festival,techno,male_04_IUS-M06201.wav,male,5,Parametric_Notch,0.8947,2.121,0.03,-0.43
festival,techno,male_04_IUS-M06201.wav,male,5,Base_NLMS,0.8093,1.479,-2.34,-6.24
festival,techno,male_04_IUS-M06201.wav,male,5,Leaky_NLMS,0.8608,1.688,-0.81,-4.87
festival,techno,male_04_IUS-M06201.wav,male,5,Soft_VAD_Leaky,0.8777,1.798,0.23,-3.44
festival,techno,male_05_IUS-M08201.wav,male,5,Unprocessed,0.8456,2.082,-0.00,0.00
festival,techno,male_05_IUS-M08201.wav,male,5,FIR_BP,0.8143,1.484,-5.79,-1.42
festival,techno,male_05_IUS-M08201.wav,male,5,Parametric_Notch,0.8435,2.087,0.57,-0.34
festival,techno,male_05_IUS-M08201.wav,male,5,Base_NLMS,0.8098,1.517,-1.52,-5.81
festival,techno,male_05_IUS-M08201.wav,male,5,Leaky_NLMS,0.8412,1.748,0.27,-4.49
festival,techno,male_05_IUS-M08201.wav,male,5,Soft_VAD_Leaky,0.8607,2.069,4.25,-1.96
festival,techno,male_06_IUS-M10201.wav,male,5,Unprocessed,0.8745,2.455,0.00,0.00
festival,techno,male_06_IUS-M10201.wav,male,5,FIR_BP,0.8384,1.459,-6.65,-1.43
festival,techno,male_06_IUS-M10201.wav,male,5,Parametric_Notch,0.8684,2.372,0.47,-0.33
festival,techno,male_06_IUS-M10201.wav,male,5,Base_NLMS,0.8240,1.491,-2.17,-5.36
festival,techno,male_06_IUS-M10201.wav,male,5,Leaky_NLMS,0.8564,1.784,-0.24,-4.22
festival,techno,male_06_IUS-M10201.wav,male,5,Soft_VAD_Leaky,0.8752,2.329,3.38,-1.99
festival,techno,male_07_IUS-M12201.wav,male,5,Unprocessed,0.8647,2.378,0.00,0.00
festival,techno,male_07_IUS-M12201.wav,male,5,FIR_BP,0.8285,1.452,-5.89,-1.42
festival,techno,male_07_IUS-M12201.wav,male,5,Parametric_Notch,0.8604,2.342,0.35,-0.34
festival,techno,male_07_IUS-M12201.wav,male,5,Base_NLMS,0.8234,1.580,-1.87,-5.26
festival,techno,male_07_IUS-M12201.wav,male,5,Leaky_NLMS,0.8444,1.818,-0.29,-4.31
festival,techno,male_07_IUS-M12201.wav,male,5,Soft_VAD_Leaky,0.8681,2.286,3.74,-1.54
festival,techno,male_08_IUS-M14201.wav,male,5,Unprocessed,0.7616,2.078,0.00,0.00
festival,techno,male_08_IUS-M14201.wav,male,5,FIR_BP,0.7445,1.507,-5.82,-1.76
festival,techno,male_08_IUS-M14201.wav,male,5,Parametric_Notch,0.7614,2.090,0.73,-0.31
festival,techno,male_08_IUS-M14201.wav,male,5,Base_NLMS,0.6999,1.343,-1.73,-6.81
festival,techno,male_08_IUS-M14201.wav,male,5,Leaky_NLMS,0.7428,1.551,-0.05,-5.57
festival,techno,male_08_IUS-M14201.wav,male,5,Soft_VAD_Leaky,0.7672,1.957,3.44,-2.59
festival,techno,male_09_IUS-M16201.wav,male,5,Unprocessed,0.8194,2.295,0.00,0.00
festival,techno,male_09_IUS-M16201.wav,male,5,FIR_BP,0.7805,1.423,-5.59,-2.25
festival,techno,male_09_IUS-M16201.wav,male,5,Parametric_Notch,0.8111,2.221,0.45,-0.34
festival,techno,male_09_IUS-M16201.wav,male,5,Base_NLMS,0.7390,1.465,-1.40,-5.70
festival,techno,male_09_IUS-M16201.wav,male,5,Leaky_NLMS,0.7814,1.689,0.17,-4.70
festival,techno,male_09_IUS-M16201.wav,male,5,Soft_VAD_Leaky,0.8061,2.096,3.83,-2.41
festival,techno,male_10_IUS-M18201.wav,male,5,Unprocessed,0.8625,2.259,0.00,0.00
festival,techno,male_10_IUS-M18201.wav,male,5,FIR_BP,0.8270,1.460,-5.66,-1.60
festival,techno,male_10_IUS-M18201.wav,male,5,Parametric_Notch,0.8643,2.277,0.58,-0.31
festival,techno,male_10_IUS-M18201.wav,male,5,Base_NLMS,0.7966,1.503,-1.60,-5.60
festival,techno,male_10_IUS-M18201.wav,male,5,Leaky_NLMS,0.8426,1.756,0.03,-4.51
festival,techno,male_10_IUS-M18201.wav,male,5,Soft_VAD_Leaky,0.8640,2.107,3.07,-2.24
festival,techno,female_01_IUS-F00202.wav,female,5,Unprocessed,0.6956,2.148,0.00,0.00
festival,techno,female_01_IUS-F00202.wav,female,5,FIR_BP,0.6859,1.375,-4.92,-2.36
festival,techno,female_01_IUS-F00202.wav,female,5,Parametric_Notch,0.7003,2.215,0.74,-0.34
festival,techno,female_01_IUS-F00202.wav,female,5,Base_NLMS,0.6412,1.358,-1.48,-7.06
festival,techno,female_01_IUS-F00202.wav,female,5,Leaky_NLMS,0.6567,1.583,0.21,-5.69
festival,techno,female_01_IUS-F00202.wav,female,5,Soft_VAD_Leaky,0.6882,2.067,3.47,-2.67
festival,techno,female_02_IUS-F02202.wav,female,5,Unprocessed,0.7672,2.100,-0.00,0.00
festival,techno,female_02_IUS-F02202.wav,female,5,FIR_BP,0.7333,1.327,-4.85,-3.33
festival,techno,female_02_IUS-F02202.wav,female,5,Parametric_Notch,0.7707,2.125,0.67,-0.31
festival,techno,female_02_IUS-F02202.wav,female,5,Base_NLMS,0.6732,1.384,-2.03,-6.95
festival,techno,female_02_IUS-F02202.wav,female,5,Leaky_NLMS,0.7098,1.521,-0.70,-5.86
festival,techno,female_02_IUS-F02202.wav,female,5,Soft_VAD_Leaky,0.7439,1.779,1.96,-3.56
festival,techno,female_03_IUS-F04202.wav,female,5,Unprocessed,0.8546,2.274,0.00,0.00
festival,techno,female_03_IUS-F04202.wav,female,5,FIR_BP,0.8162,1.360,-6.46,-3.32
festival,techno,female_03_IUS-F04202.wav,female,5,Parametric_Notch,0.8569,2.303,0.69,-0.27
festival,techno,female_03_IUS-F04202.wav,female,5,Base_NLMS,0.7164,1.365,-2.81,-6.22
festival,techno,female_03_IUS-F04202.wav,female,5,Leaky_NLMS,0.7901,1.584,-0.87,-5.13
festival,techno,female_03_IUS-F04202.wav,female,5,Soft_VAD_Leaky,0.8354,1.997,2.28,-2.44
festival,techno,female_04_IUS-F06202.wav,female,5,Unprocessed,0.9042,2.222,0.00,0.00
festival,techno,female_04_IUS-F06202.wav,female,5,FIR_BP,0.8635,1.309,-5.35,-4.70
festival,techno,female_04_IUS-F06202.wav,female,5,Parametric_Notch,0.9066,2.258,0.52,-0.28
festival,techno,female_04_IUS-F06202.wav,female,5,Base_NLMS,0.8163,1.393,-2.33,-6.20
festival,techno,female_04_IUS-F06202.wav,female,5,Leaky_NLMS,0.8440,1.538,-0.95,-5.14
festival,techno,female_04_IUS-F06202.wav,female,5,Soft_VAD_Leaky,0.8677,1.782,0.84,-3.34
festival,techno,female_05_IUS-F08202.wav,female,5,Unprocessed,0.8563,2.039,0.00,0.00
festival,techno,female_05_IUS-F08202.wav,female,5,FIR_BP,0.8388,1.432,-5.57,-1.97
festival,techno,female_05_IUS-F08202.wav,female,5,Parametric_Notch,0.8641,2.085,0.80,-0.30
festival,techno,female_05_IUS-F08202.wav,female,5,Base_NLMS,0.7968,1.401,-1.61,-5.41
festival,techno,female_05_IUS-F08202.wav,female,5,Leaky_NLMS,0.8286,1.580,0.03,-4.77
festival,techno,female_05_IUS-F08202.wav,female,5,Soft_VAD_Leaky,0.8568,1.999,3.68,-2.28
festival,techno,female_06_IUS-F10202.wav,female,5,Unprocessed,0.9039,2.253,0.00,0.00
festival,techno,female_06_IUS-F10202.wav,female,5,FIR_BP,0.8780,1.383,-6.89,-2.15
festival,techno,female_06_IUS-F10202.wav,female,5,Parametric_Notch,0.9056,2.286,0.74,-0.26
festival,techno,female_06_IUS-F10202.wav,female,5,Base_NLMS,0.8011,1.438,-2.34,-5.91
festival,techno,female_06_IUS-F10202.wav,female,5,Leaky_NLMS,0.8550,1.669,-0.06,-4.59
festival,techno,female_06_IUS-F10202.wav,female,5,Soft_VAD_Leaky,0.8807,2.025,3.06,-1.89
festival,techno,female_07_IUS-F12202.wav,female,5,Unprocessed,0.7809,2.132,0.00,0.00
festival,techno,female_07_IUS-F12202.wav,female,5,FIR_BP,0.7455,1.405,-5.96,-2.32
festival,techno,female_07_IUS-F12202.wav,female,5,Parametric_Notch,0.7840,2.162,0.77,-0.28
festival,techno,female_07_IUS-F12202.wav,female,5,Base_NLMS,0.6867,1.380,-2.56,-6.51
festival,techno,female_07_IUS-F12202.wav,female,5,Leaky_NLMS,0.7295,1.524,-0.80,-5.59
festival,techno,female_07_IUS-F12202.wav,female,5,Soft_VAD_Leaky,0.7718,1.983,3.50,-1.95
festival,techno,female_08_IUS-F14202.wav,female,5,Unprocessed,0.8756,2.226,0.00,0.00
festival,techno,female_08_IUS-F14202.wav,female,5,FIR_BP,0.8372,1.415,-6.35,-1.66
festival,techno,female_08_IUS-F14202.wav,female,5,Parametric_Notch,0.8820,2.284,0.74,-0.29
festival,techno,female_08_IUS-F14202.wav,female,5,Base_NLMS,0.8124,1.446,-0.52,-4.97
festival,techno,female_08_IUS-F14202.wav,female,5,Leaky_NLMS,0.8548,1.711,1.24,-4.51
festival,techno,female_08_IUS-F14202.wav,female,5,Soft_VAD_Leaky,0.8808,2.324,4.36,-2.08
festival,techno,female_09_IUS-F16202.wav,female,5,Unprocessed,0.8471,2.113,0.00,0.00
festival,techno,female_09_IUS-F16202.wav,female,5,FIR_BP,0.8193,1.388,-3.59,-2.08
festival,techno,female_09_IUS-F16202.wav,female,5,Parametric_Notch,0.8488,2.163,0.56,-0.40
festival,techno,female_09_IUS-F16202.wav,female,5,Base_NLMS,0.7983,1.452,-1.18,-5.61
festival,techno,female_09_IUS-F16202.wav,female,5,Leaky_NLMS,0.8226,1.608,0.21,-4.86
festival,techno,female_09_IUS-F16202.wav,female,5,Soft_VAD_Leaky,0.8460,1.912,2.50,-2.79
festival,techno,female_10_IUS-F18202.wav,female,5,Unprocessed,0.8680,2.251,0.00,0.00
festival,techno,female_10_IUS-F18202.wav,female,5,FIR_BP,0.8393,1.388,-6.78,-2.15
festival,techno,female_10_IUS-F18202.wav,female,5,Parametric_Notch,0.8702,2.306,0.59,-0.28
festival,techno,female_10_IUS-F18202.wav,female,5,Base_NLMS,0.7981,1.495,-1.41,-5.15
festival,techno,female_10_IUS-F18202.wav,female,5,Leaky_NLMS,0.8364,1.711,0.27,-4.52
festival,techno,female_10_IUS-F18202.wav,female,5,Soft_VAD_Leaky,0.8503,2.037,3.26,-2.15
festival,techno,male_01_IUS-M00201.wav,male,10,Unprocessed,0.9530,3.133,0.00,0.00
festival,techno,male_01_IUS-M00201.wav,male,10,FIR_BP,0.9082,1.450,-10.00,-1.04
festival,techno,male_01_IUS-M00201.wav,male,10,Parametric_Notch,0.9330,2.706,-0.64,-0.27
festival,techno,male_01_IUS-M00201.wav,male,10,Base_NLMS,0.7868,1.370,-7.43,-7.35
festival,techno,male_01_IUS-M00201.wav,male,10,Leaky_NLMS,0.8632,1.626,-5.76,-6.07
festival,techno,male_01_IUS-M00201.wav,male,10,Soft_VAD_Leaky,0.9280,2.264,-1.99,-2.41
festival,techno,male_02_IUS-M02201.wav,male,10,Unprocessed,0.9228,2.944,0.00,0.00
festival,techno,male_02_IUS-M02201.wav,male,10,FIR_BP,0.8705,1.427,-10.00,-2.58
festival,techno,male_02_IUS-M02201.wav,male,10,Parametric_Notch,0.9159,2.700,-0.78,-0.26
festival,techno,male_02_IUS-M02201.wav,male,10,Base_NLMS,0.7630,1.418,-7.67,-7.03
festival,techno,male_02_IUS-M02201.wav,male,10,Leaky_NLMS,0.8358,1.639,-5.97,-5.73
festival,techno,male_02_IUS-M02201.wav,male,10,Soft_VAD_Leaky,0.8664,1.910,-3.40,-2.88
festival,techno,male_03_IUS-M04201.wav,male,10,Unprocessed,0.9389,2.968,0.00,0.00
festival,techno,male_03_IUS-M04201.wav,male,10,FIR_BP,0.8841,1.464,-10.00,-2.17
festival,techno,male_03_IUS-M04201.wav,male,10,Parametric_Notch,0.9359,2.918,-0.35,-0.21
festival,techno,male_03_IUS-M04201.wav,male,10,Base_NLMS,0.7844,1.400,-8.21,-6.70
festival,techno,male_03_IUS-M04201.wav,male,10,Leaky_NLMS,0.8561,1.617,-6.65,-5.54
festival,techno,male_03_IUS-M04201.wav,male,10,Soft_VAD_Leaky,0.9130,2.190,-2.98,-2.14
festival,techno,male_04_IUS-M06201.wav,male,10,Unprocessed,0.9564,2.807,0.00,0.00
festival,techno,male_04_IUS-M06201.wav,male,10,FIR_BP,0.9010,1.418,-10.00,-2.40
festival,techno,male_04_IUS-M06201.wav,male,10,Parametric_Notch,0.9523,2.604,-1.33,-0.34
festival,techno,male_04_IUS-M06201.wav,male,10,Base_NLMS,0.8063,1.449,-7.79,-6.46
festival,techno,male_04_IUS-M06201.wav,male,10,Leaky_NLMS,0.8859,1.696,-6.19,-5.08
festival,techno,male_04_IUS-M06201.wav,male,10,Soft_VAD_Leaky,0.9141,1.908,-4.30,-2.47
festival,techno,male_05_IUS-M08201.wav,male,10,Unprocessed,0.9214,2.664,0.00,0.00
festival,techno,male_05_IUS-M08201.wav,male,10,FIR_BP,0.8676,1.509,-10.00,0.50
festival,techno,male_05_IUS-M08201.wav,male,10,Parametric_Notch,0.9146,2.572,-0.05,-0.20
festival,techno,male_05_IUS-M08201.wav,male,10,Base_NLMS,0.8208,1.518,-6.83,-5.84
festival,techno,male_05_IUS-M08201.wav,male,10,Leaky_NLMS,0.8786,1.799,-5.01,-4.44
festival,techno,male_05_IUS-M08201.wav,male,10,Soft_VAD_Leaky,0.9142,2.364,0.87,-0.88
festival,techno,male_06_IUS-M10201.wav,male,10,Unprocessed,0.9427,3.188,0.00,0.00
festival,techno,male_06_IUS-M10201.wav,male,10,FIR_BP,0.8868,1.470,-10.00,0.27
festival,techno,male_06_IUS-M10201.wav,male,10,Parametric_Notch,0.9335,2.818,-0.36,-0.17
festival,techno,male_06_IUS-M10201.wav,male,10,Base_NLMS,0.8398,1.481,-7.50,-5.34
festival,techno,male_06_IUS-M10201.wav,male,10,Leaky_NLMS,0.8948,1.785,-5.59,-4.30
festival,techno,male_06_IUS-M10201.wav,male,10,Soft_VAD_Leaky,0.9292,2.667,0.50,-1.21
festival,techno,male_07_IUS-M12201.wav,male,10,Unprocessed,0.9292,3.077,0.00,0.00
festival,techno,male_07_IUS-M12201.wav,male,10,FIR_BP,0.8751,1.462,-10.00,0.53
festival,techno,male_07_IUS-M12201.wav,male,10,Parametric_Notch,0.9208,2.795,-0.54,-0.23
festival,techno,male_07_IUS-M12201.wav,male,10,Base_NLMS,0.8246,1.537,-7.20,-5.12
festival,techno,male_07_IUS-M12201.wav,male,10,Leaky_NLMS,0.8706,1.781,-5.57,-4.27
festival,techno,male_07_IUS-M12201.wav,male,10,Soft_VAD_Leaky,0.9133,2.377,0.41,-0.64
festival,techno,male_08_IUS-M14201.wav,male,10,Unprocessed,0.8565,2.667,0.00,0.00
festival,techno,male_08_IUS-M14201.wav,male,10,FIR_BP,0.8244,1.543,-10.00,0.25
festival,techno,male_08_IUS-M14201.wav,male,10,Parametric_Notch,0.8563,2.652,0.36,-0.16
festival,techno,male_08_IUS-M14201.wav,male,10,Base_NLMS,0.7225,1.327,-7.11,-7.00
festival,techno,male_08_IUS-M14201.wav,male,10,Leaky_NLMS,0.8055,1.557,-5.57,-6.09
festival,techno,male_08_IUS-M14201.wav,male,10,Soft_VAD_Leaky,0.8528,2.390,0.73,-1.58
festival,techno,male_09_IUS-M16201.wav,male,10,Unprocessed,0.8985,3.018,0.00,0.00
festival,techno,male_09_IUS-M16201.wav,male,10,FIR_BP,0.8394,1.440,-10.00,-0.19
festival,techno,male_09_IUS-M16201.wav,male,10,Parametric_Notch,0.8866,2.682,-0.42,-0.18
festival,techno,male_09_IUS-M16201.wav,male,10,Base_NLMS,0.7568,1.443,-6.86,-5.54
festival,techno,male_09_IUS-M16201.wav,male,10,Leaky_NLMS,0.8189,1.670,-5.21,-4.85
festival,techno,male_09_IUS-M16201.wav,male,10,Soft_VAD_Leaky,0.8745,2.420,0.88,-1.08
festival,techno,male_10_IUS-M18201.wav,male,10,Unprocessed,0.9199,2.934,0.00,0.00
festival,techno,male_10_IUS-M18201.wav,male,10,FIR_BP,0.8700,1.485,-10.00,0.11
festival,techno,male_10_IUS-M18201.wav,male,10,Parametric_Notch,0.9192,2.888,0.03,-0.17
festival,techno,male_10_IUS-M18201.wav,male,10,Base_NLMS,0.7985,1.469,-7.01,-5.63
festival,techno,male_10_IUS-M18201.wav,male,10,Leaky_NLMS,0.8614,1.761,-5.32,-4.55
festival,techno,male_10_IUS-M18201.wav,male,10,Soft_VAD_Leaky,0.8991,2.395,-0.37,-1.32
festival,techno,female_01_IUS-F00202.wav,female,10,Unprocessed,0.7523,2.869,0.00,0.00
festival,techno,female_01_IUS-F00202.wav,female,10,FIR_BP,0.7274,1.393,-9.83,0.19
festival,techno,female_01_IUS-F00202.wav,female,10,Parametric_Notch,0.7557,2.915,0.42,-0.18
festival,techno,female_01_IUS-F00202.wav,female,10,Base_NLMS,0.6438,1.305,-6.78,-7.34
festival,techno,female_01_IUS-F00202.wav,female,10,Leaky_NLMS,0.6661,1.493,-5.24,-6.37
festival,techno,female_01_IUS-F00202.wav,female,10,Soft_VAD_Leaky,0.7338,2.385,0.37,-1.41
festival,techno,female_02_IUS-F02202.wav,female,10,Unprocessed,0.8431,2.702,0.00,0.00
festival,techno,female_02_IUS-F02202.wav,female,10,FIR_BP,0.8022,1.350,-9.77,-1.02
festival,techno,female_02_IUS-F02202.wav,female,10,Parametric_Notch,0.8447,2.717,0.16,-0.17
festival,techno,female_02_IUS-F02202.wav,female,10,Base_NLMS,0.6775,1.338,-7.43,-7.29
festival,techno,female_02_IUS-F02202.wav,female,10,Leaky_NLMS,0.7309,1.478,-6.20,-6.48
festival,techno,female_02_IUS-F02202.wav,female,10,Soft_VAD_Leaky,0.7912,1.883,-2.77,-3.14
festival,techno,female_03_IUS-F04202.wav,female,10,Unprocessed,0.9171,2.960,0.00,0.00
festival,techno,female_03_IUS-F04202.wav,female,10,FIR_BP,0.8769,1.382,-10.00,-1.63
festival,techno,female_03_IUS-F04202.wav,female,10,Parametric_Notch,0.9185,2.973,0.23,-0.13
festival,techno,female_03_IUS-F04202.wav,female,10,Base_NLMS,0.7245,1.321,-8.21,-6.77
festival,techno,female_03_IUS-F04202.wav,female,10,Leaky_NLMS,0.7942,1.506,-6.62,-5.92
festival,techno,female_03_IUS-F04202.wav,female,10,Soft_VAD_Leaky,0.8826,2.201,-1.07,-1.66
festival,techno,female_04_IUS-F06202.wav,female,10,Unprocessed,0.9550,2.897,0.00,0.00
festival,techno,female_04_IUS-F06202.wav,female,10,FIR_BP,0.9069,1.331,-10.00,-3.17
festival,techno,female_04_IUS-F06202.wav,female,10,Parametric_Notch,0.9559,2.909,-0.15,-0.16
festival,techno,female_04_IUS-F06202.wav,female,10,Base_NLMS,0.8123,1.331,-7.73,-6.48
festival,techno,female_04_IUS-F06202.wav,female,10,Leaky_NLMS,0.8527,1.464,-6.50,-5.77
festival,techno,female_04_IUS-F06202.wav,female,10,Soft_VAD_Leaky,0.8943,1.768,-3.78,-2.94
festival,techno,female_05_IUS-F08202.wav,female,10,Unprocessed,0.9202,2.645,0.00,0.00
festival,techno,female_05_IUS-F08202.wav,female,10,FIR_BP,0.8882,1.462,-10.00,-0.09
festival,techno,female_05_IUS-F08202.wav,female,10,Parametric_Notch,0.9247,2.693,0.48,-0.15
festival,techno,female_05_IUS-F08202.wav,female,10,Base_NLMS,0.7818,1.355,-7.21,-5.68
festival,techno,female_05_IUS-F08202.wav,female,10,Leaky_NLMS,0.8368,1.559,-5.58,-5.16
festival,techno,female_05_IUS-F08202.wav,female,10,Soft_VAD_Leaky,0.9053,2.402,0.50,-1.19
festival,techno,female_06_IUS-F10202.wav,female,10,Unprocessed,0.9586,2.926,0.00,0.00
festival,techno,female_06_IUS-F10202.wav,female,10,FIR_BP,0.9219,1.400,-10.00,-0.35
festival,techno,female_06_IUS-F10202.wav,female,10,Parametric_Notch,0.9603,2.943,0.37,-0.13
festival,techno,female_06_IUS-F10202.wav,female,10,Base_NLMS,0.7932,1.392,-7.80,-6.51
festival,techno,female_06_IUS-F10202.wav,female,10,Leaky_NLMS,0.8592,1.617,-5.71,-5.20
festival,techno,female_06_IUS-F10202.wav,female,10,Soft_VAD_Leaky,0.9099,2.103,-0.59,-1.23
festival,techno,female_07_IUS-F12202.wav,female,10,Unprocessed,0.8819,2.779,0.00,0.00
festival,techno,female_07_IUS-F12202.wav,female,10,FIR_BP,0.8370,1.434,-10.00,-0.19
festival,techno,female_07_IUS-F12202.wav,female,10,Parametric_Notch,0.8845,2.795,0.46,-0.10
festival,techno,female_07_IUS-F12202.wav,female,10,Base_NLMS,0.7100,1.340,-7.89,-7.11
festival,techno,female_07_IUS-F12202.wav,female,10,Leaky_NLMS,0.7756,1.492,-6.28,-6.40
festival,techno,female_07_IUS-F12202.wav,female,10,Soft_VAD_Leaky,0.8557,2.171,0.22,-1.01
festival,techno,female_08_IUS-F14202.wav,female,10,Unprocessed,0.9475,2.980,0.00,0.00
festival,techno,female_08_IUS-F14202.wav,female,10,FIR_BP,0.8985,1.428,-10.00,-0.01
festival,techno,female_08_IUS-F14202.wav,female,10,Parametric_Notch,0.9512,2.998,0.46,-0.10
festival,techno,female_08_IUS-F14202.wav,female,10,Base_NLMS,0.8200,1.385,-6.09,-5.44
festival,techno,female_08_IUS-F14202.wav,female,10,Leaky_NLMS,0.8790,1.632,-4.50,-4.96
festival,techno,female_08_IUS-F14202.wav,female,10,Soft_VAD_Leaky,0.9416,2.804,1.75,-0.82
festival,techno,female_09_IUS-F16202.wav,female,10,Unprocessed,0.9034,2.797,-0.00,0.00
festival,techno,female_09_IUS-F16202.wav,female,10,FIR_BP,0.8639,1.413,-8.48,0.21
festival,techno,female_09_IUS-F16202.wav,female,10,Parametric_Notch,0.9047,2.818,-0.19,-0.23
festival,techno,female_09_IUS-F16202.wav,female,10,Base_NLMS,0.7921,1.416,-6.50,-5.59
festival,techno,female_09_IUS-F16202.wav,female,10,Leaky_NLMS,0.8419,1.598,-5.12,-5.15
festival,techno,female_09_IUS-F16202.wav,female,10,Soft_VAD_Leaky,0.8855,2.129,-1.45,-1.92
festival,techno,female_10_IUS-F18202.wav,female,10,Unprocessed,0.9338,2.969,0.00,0.00
festival,techno,female_10_IUS-F18202.wav,female,10,FIR_BP,0.8893,1.405,-10.00,-0.42
festival,techno,female_10_IUS-F18202.wav,female,10,Parametric_Notch,0.9348,3.002,0.09,-0.11
festival,techno,female_10_IUS-F18202.wav,female,10,Base_NLMS,0.8009,1.438,-7.03,-5.39
festival,techno,female_10_IUS-F18202.wav,female,10,Leaky_NLMS,0.8519,1.657,-5.39,-4.94
festival,techno,female_10_IUS-F18202.wav,female,10,Soft_VAD_Leaky,0.8948,2.257,0.09,-1.16
festival,jazz,male_01_IUS-M00201.wav,male,-15,Unprocessed,0.4808,1.215,0.00,0.00
festival,jazz,male_01_IUS-M00201.wav,male,-15,FIR_BP,0.4689,1.165,1.85,-2.06
festival,jazz,male_01_IUS-M00201.wav,male,-15,Parametric_Notch,0.4806,1.215,0.26,-0.25
festival,jazz,male_01_IUS-M00201.wav,male,-15,Base_NLMS,0.5833,1.253,13.36,-12.59
festival,jazz,male_01_IUS-M00201.wav,male,-15,Leaky_NLMS,0.4827,1.249,7.85,-7.55
festival,jazz,male_01_IUS-M00201.wav,male,-15,Soft_VAD_Leaky,0.4795,1.243,6.75,-6.49
festival,jazz,male_02_IUS-M02201.wav,male,-15,Unprocessed,0.4370,1.216,0.00,0.00
festival,jazz,male_02_IUS-M02201.wav,male,-15,FIR_BP,0.4288,1.162,2.01,-2.29
festival,jazz,male_02_IUS-M02201.wav,male,-15,Parametric_Notch,0.4369,1.215,0.24,-0.23
festival,jazz,male_02_IUS-M02201.wav,male,-15,Base_NLMS,0.5333,1.260,13.54,-12.64
festival,jazz,male_02_IUS-M02201.wav,male,-15,Leaky_NLMS,0.4464,1.250,7.64,-7.36
festival,jazz,male_02_IUS-M02201.wav,male,-15,Soft_VAD_Leaky,0.4512,1.246,6.44,-6.21
festival,jazz,male_03_IUS-M04201.wav,male,-15,Unprocessed,0.3744,1.216,0.00,0.00
festival,jazz,male_03_IUS-M04201.wav,male,-15,FIR_BP,0.3552,1.166,2.08,-2.36
festival,jazz,male_03_IUS-M04201.wav,male,-15,Parametric_Notch,0.3734,1.216,0.23,-0.22
festival,jazz,male_03_IUS-M04201.wav,male,-15,Base_NLMS,0.5001,1.272,12.35,-11.94
festival,jazz,male_03_IUS-M04201.wav,male,-15,Leaky_NLMS,0.3937,1.246,7.48,-7.26
festival,jazz,male_03_IUS-M04201.wav,male,-15,Soft_VAD_Leaky,0.3803,1.243,5.97,-5.70
festival,jazz,male_04_IUS-M06201.wav,male,-15,Unprocessed,0.3832,1.202,0.00,0.00
festival,jazz,male_04_IUS-M06201.wav,male,-15,FIR_BP,0.3819,1.153,1.88,-2.11
festival,jazz,male_04_IUS-M06201.wav,male,-15,Parametric_Notch,0.3842,1.202,0.26,-0.25
festival,jazz,male_04_IUS-M06201.wav,male,-15,Base_NLMS,0.4923,1.243,11.92,-11.58
festival,jazz,male_04_IUS-M06201.wav,male,-15,Leaky_NLMS,0.3984,1.235,7.66,-7.38
festival,jazz,male_04_IUS-M06201.wav,male,-15,Soft_VAD_Leaky,0.3882,1.228,5.93,-5.69
festival,jazz,male_05_IUS-M08201.wav,male,-15,Unprocessed,0.4303,1.208,0.00,0.00
festival,jazz,male_05_IUS-M08201.wav,male,-15,FIR_BP,0.4248,1.182,2.31,-2.46
festival,jazz,male_05_IUS-M08201.wav,male,-15,Parametric_Notch,0.4312,1.208,0.23,-0.23
festival,jazz,male_05_IUS-M08201.wav,male,-15,Base_NLMS,0.5367,1.238,13.02,-12.51
festival,jazz,male_05_IUS-M08201.wav,male,-15,Leaky_NLMS,0.4359,1.225,7.54,-7.34
festival,jazz,male_05_IUS-M08201.wav,male,-15,Soft_VAD_Leaky,0.4311,1.224,6.08,-5.87
festival,jazz,male_06_IUS-M10201.wav,male,-15,Unprocessed,0.4590,1.219,0.00,0.00
festival,jazz,male_06_IUS-M10201.wav,male,-15,FIR_BP,0.4638,1.187,2.16,-2.43
festival,jazz,male_06_IUS-M10201.wav,male,-15,Parametric_Notch,0.4591,1.220,0.23,-0.22
festival,jazz,male_06_IUS-M10201.wav,male,-15,Base_NLMS,0.5916,1.291,13.00,-12.16
festival,jazz,male_06_IUS-M10201.wav,male,-15,Leaky_NLMS,0.4885,1.270,7.51,-7.27
festival,jazz,male_06_IUS-M10201.wav,male,-15,Soft_VAD_Leaky,0.4803,1.263,6.02,-5.83
festival,jazz,male_07_IUS-M12201.wav,male,-15,Unprocessed,0.4713,1.197,0.00,0.00
festival,jazz,male_07_IUS-M12201.wav,male,-15,FIR_BP,0.4643,1.163,1.76,-2.00
festival,jazz,male_07_IUS-M12201.wav,male,-15,Parametric_Notch,0.4723,1.197,0.25,-0.24
festival,jazz,male_07_IUS-M12201.wav,male,-15,Base_NLMS,0.5606,1.247,12.95,-12.34
festival,jazz,male_07_IUS-M12201.wav,male,-15,Leaky_NLMS,0.4645,1.228,7.77,-7.55
festival,jazz,male_07_IUS-M12201.wav,male,-15,Soft_VAD_Leaky,0.4556,1.230,6.03,-5.84
festival,jazz,male_08_IUS-M14201.wav,male,-15,Unprocessed,0.3621,1.219,0.00,0.00
festival,jazz,male_08_IUS-M14201.wav,male,-15,FIR_BP,0.3542,1.194,2.22,-2.36
festival,jazz,male_08_IUS-M14201.wav,male,-15,Parametric_Notch,0.3615,1.219,0.24,-0.23
festival,jazz,male_08_IUS-M14201.wav,male,-15,Base_NLMS,0.4692,1.246,13.62,-12.81
festival,jazz,male_08_IUS-M14201.wav,male,-15,Leaky_NLMS,0.3714,1.233,7.59,-7.30
festival,jazz,male_08_IUS-M14201.wav,male,-15,Soft_VAD_Leaky,0.3726,1.232,6.07,-5.82
festival,jazz,male_09_IUS-M16201.wav,male,-15,Unprocessed,0.4302,1.210,0.00,0.00
festival,jazz,male_09_IUS-M16201.wav,male,-15,FIR_BP,0.4342,1.170,2.36,-2.51
festival,jazz,male_09_IUS-M16201.wav,male,-15,Parametric_Notch,0.4305,1.210,0.23,-0.23
festival,jazz,male_09_IUS-M16201.wav,male,-15,Base_NLMS,0.5003,1.255,13.46,-12.75
festival,jazz,male_09_IUS-M16201.wav,male,-15,Leaky_NLMS,0.4474,1.229,7.58,-7.31
festival,jazz,male_09_IUS-M16201.wav,male,-15,Soft_VAD_Leaky,0.4429,1.234,6.09,-5.87
festival,jazz,male_10_IUS-M18201.wav,male,-15,Unprocessed,0.4035,1.222,0.00,0.00
festival,jazz,male_10_IUS-M18201.wav,male,-15,FIR_BP,0.4126,1.183,1.97,-2.18
festival,jazz,male_10_IUS-M18201.wav,male,-15,Parametric_Notch,0.4031,1.222,0.25,-0.24
festival,jazz,male_10_IUS-M18201.wav,male,-15,Base_NLMS,0.5233,1.244,13.28,-12.62
festival,jazz,male_10_IUS-M18201.wav,male,-15,Leaky_NLMS,0.4336,1.247,7.73,-7.52
festival,jazz,male_10_IUS-M18201.wav,male,-15,Soft_VAD_Leaky,0.4280,1.253,6.07,-5.88
festival,jazz,female_01_IUS-F00202.wav,female,-15,Unprocessed,0.3824,1.181,0.00,0.00
festival,jazz,female_01_IUS-F00202.wav,female,-15,FIR_BP,0.3418,1.147,1.83,-2.03
festival,jazz,female_01_IUS-F00202.wav,female,-15,Parametric_Notch,0.3827,1.182,0.13,-0.13
festival,jazz,female_01_IUS-F00202.wav,female,-15,Base_NLMS,0.4788,1.290,13.45,-12.89
festival,jazz,female_01_IUS-F00202.wav,female,-15,Leaky_NLMS,0.4069,1.241,7.86,-7.67
festival,jazz,female_01_IUS-F00202.wav,female,-15,Soft_VAD_Leaky,0.4039,1.238,7.17,-6.97
festival,jazz,female_02_IUS-F02202.wav,female,-15,Unprocessed,0.4202,1.190,0.00,0.00
festival,jazz,female_02_IUS-F02202.wav,female,-15,FIR_BP,0.4242,1.142,1.99,-2.24
festival,jazz,female_02_IUS-F02202.wav,female,-15,Parametric_Notch,0.4204,1.190,0.15,-0.15
festival,jazz,female_02_IUS-F02202.wav,female,-15,Base_NLMS,0.5497,1.242,13.35,-12.50
festival,jazz,female_02_IUS-F02202.wav,female,-15,Leaky_NLMS,0.4655,1.221,7.80,-7.43
festival,jazz,female_02_IUS-F02202.wav,female,-15,Soft_VAD_Leaky,0.4633,1.216,6.61,-6.30
festival,jazz,female_03_IUS-F04202.wav,female,-15,Unprocessed,0.4891,1.203,0.00,0.00
festival,jazz,female_03_IUS-F04202.wav,female,-15,FIR_BP,0.4760,1.153,1.68,-1.98
festival,jazz,female_03_IUS-F04202.wav,female,-15,Parametric_Notch,0.4883,1.203,0.13,-0.13
festival,jazz,female_03_IUS-F04202.wav,female,-15,Base_NLMS,0.6181,1.272,13.12,-12.48
festival,jazz,female_03_IUS-F04202.wav,female,-15,Leaky_NLMS,0.5218,1.247,7.86,-7.60
festival,jazz,female_03_IUS-F04202.wav,female,-15,Soft_VAD_Leaky,0.5119,1.236,6.73,-6.50
festival,jazz,female_04_IUS-F06202.wav,female,-15,Unprocessed,0.5616,1.200,0.00,0.00
festival,jazz,female_04_IUS-F06202.wav,female,-15,FIR_BP,0.5576,1.143,2.02,-2.33
festival,jazz,female_04_IUS-F06202.wav,female,-15,Parametric_Notch,0.5626,1.201,0.16,-0.16
festival,jazz,female_04_IUS-F06202.wav,female,-15,Base_NLMS,0.6350,1.254,12.72,-12.27
festival,jazz,female_04_IUS-F06202.wav,female,-15,Leaky_NLMS,0.5733,1.243,7.64,-7.42
festival,jazz,female_04_IUS-F06202.wav,female,-15,Soft_VAD_Leaky,0.5716,1.236,6.43,-6.24
festival,jazz,female_05_IUS-F08202.wav,female,-15,Unprocessed,0.5251,1.193,0.00,0.00
festival,jazz,female_05_IUS-F08202.wav,female,-15,FIR_BP,0.5071,1.163,1.67,-1.84
festival,jazz,female_05_IUS-F08202.wav,female,-15,Parametric_Notch,0.5250,1.193,0.12,-0.12
festival,jazz,female_05_IUS-F08202.wav,female,-15,Base_NLMS,0.6280,1.264,12.99,-12.36
festival,jazz,female_05_IUS-F08202.wav,female,-15,Leaky_NLMS,0.5509,1.246,7.97,-7.71
festival,jazz,female_05_IUS-F08202.wav,female,-15,Soft_VAD_Leaky,0.5474,1.236,6.83,-6.59
festival,jazz,female_06_IUS-F10202.wav,female,-15,Unprocessed,0.4857,1.181,0.00,0.00
festival,jazz,female_06_IUS-F10202.wav,female,-15,FIR_BP,0.4760,1.146,1.87,-2.20
festival,jazz,female_06_IUS-F10202.wav,female,-15,Parametric_Notch,0.4861,1.181,0.15,-0.15
festival,jazz,female_06_IUS-F10202.wav,female,-15,Base_NLMS,0.6371,1.269,13.30,-12.22
festival,jazz,female_06_IUS-F10202.wav,female,-15,Leaky_NLMS,0.5400,1.236,7.75,-7.42
festival,jazz,female_06_IUS-F10202.wav,female,-15,Soft_VAD_Leaky,0.5249,1.230,6.52,-6.23
festival,jazz,female_07_IUS-F12202.wav,female,-15,Unprocessed,0.4391,1.174,0.00,0.00
festival,jazz,female_07_IUS-F12202.wav,female,-15,FIR_BP,0.4318,1.142,1.73,-1.99
festival,jazz,female_07_IUS-F12202.wav,female,-15,Parametric_Notch,0.4387,1.174,0.13,-0.13
festival,jazz,female_07_IUS-F12202.wav,female,-15,Base_NLMS,0.5627,1.245,12.60,-12.32
festival,jazz,female_07_IUS-F12202.wav,female,-15,Leaky_NLMS,0.4771,1.208,7.77,-7.60
festival,jazz,female_07_IUS-F12202.wav,female,-15,Soft_VAD_Leaky,0.4698,1.207,6.62,-6.40
festival,jazz,female_08_IUS-F14202.wav,female,-15,Unprocessed,0.5710,1.190,0.00,0.00
festival,jazz,female_08_IUS-F14202.wav,female,-15,FIR_BP,0.5709,1.169,2.39,-2.67
festival,jazz,female_08_IUS-F14202.wav,female,-15,Parametric_Notch,0.5711,1.191,0.22,-0.22
festival,jazz,female_08_IUS-F14202.wav,female,-15,Base_NLMS,0.6585,1.286,13.84,-12.90
festival,jazz,female_08_IUS-F14202.wav,female,-15,Leaky_NLMS,0.5872,1.255,7.52,-7.25
festival,jazz,female_08_IUS-F14202.wav,female,-15,Soft_VAD_Leaky,0.5801,1.237,6.09,-5.89
festival,jazz,female_09_IUS-F16202.wav,female,-15,Unprocessed,0.5525,1.167,0.00,0.00
festival,jazz,female_09_IUS-F16202.wav,female,-15,FIR_BP,0.5301,1.138,1.84,-1.97
festival,jazz,female_09_IUS-F16202.wav,female,-15,Parametric_Notch,0.5521,1.168,0.12,-0.13
festival,jazz,female_09_IUS-F16202.wav,female,-15,Base_NLMS,0.6414,1.234,13.40,-12.66
festival,jazz,female_09_IUS-F16202.wav,female,-15,Leaky_NLMS,0.5810,1.209,7.88,-7.67
festival,jazz,female_09_IUS-F16202.wav,female,-15,Soft_VAD_Leaky,0.5780,1.205,6.72,-6.54
festival,jazz,female_10_IUS-F18202.wav,female,-15,Unprocessed,0.4949,1.208,0.00,0.00
festival,jazz,female_10_IUS-F18202.wav,female,-15,FIR_BP,0.4881,1.169,1.85,-2.09
festival,jazz,female_10_IUS-F18202.wav,female,-15,Parametric_Notch,0.4954,1.209,0.25,-0.25
festival,jazz,female_10_IUS-F18202.wav,female,-15,Base_NLMS,0.6330,1.277,12.55,-11.87
festival,jazz,female_10_IUS-F18202.wav,female,-15,Leaky_NLMS,0.5352,1.252,7.70,-7.43
festival,jazz,female_10_IUS-F18202.wav,female,-15,Soft_VAD_Leaky,0.5286,1.253,5.98,-5.78
festival,jazz,male_01_IUS-M00201.wav,male,-10,Unprocessed,0.5444,1.250,0.00,0.00
festival,jazz,male_01_IUS-M00201.wav,male,-10,FIR_BP,0.5271,1.184,1.37,-2.04
festival,jazz,male_01_IUS-M00201.wav,male,-10,Parametric_Notch,0.5449,1.251,0.26,-0.24
festival,jazz,male_01_IUS-M00201.wav,male,-10,Base_NLMS,0.6803,1.335,12.07,-10.83
festival,jazz,male_01_IUS-M00201.wav,male,-10,Leaky_NLMS,0.5692,1.308,7.66,-7.00
festival,jazz,male_01_IUS-M00201.wav,male,-10,Soft_VAD_Leaky,0.5635,1.294,6.27,-5.66
festival,jazz,male_02_IUS-M02201.wav,male,-10,Unprocessed,0.5096,1.246,0.00,0.00
festival,jazz,male_02_IUS-M02201.wav,male,-10,FIR_BP,0.4932,1.175,1.48,-2.32
festival,jazz,male_02_IUS-M02201.wav,male,-10,Parametric_Notch,0.5096,1.245,0.23,-0.22
festival,jazz,male_02_IUS-M02201.wav,male,-10,Base_NLMS,0.6603,1.349,12.57,-10.80
festival,jazz,male_02_IUS-M02201.wav,male,-10,Leaky_NLMS,0.5441,1.306,7.50,-6.77
festival,jazz,male_02_IUS-M02201.wav,male,-10,Soft_VAD_Leaky,0.5456,1.294,6.09,-5.49
festival,jazz,male_03_IUS-M04201.wav,male,-10,Unprocessed,0.4526,1.250,0.00,0.00
festival,jazz,male_03_IUS-M04201.wav,male,-10,FIR_BP,0.4251,1.182,1.51,-2.41
festival,jazz,male_03_IUS-M04201.wav,male,-10,Parametric_Notch,0.4513,1.249,0.23,-0.20
festival,jazz,male_03_IUS-M04201.wav,male,-10,Base_NLMS,0.6159,1.346,10.70,-10.34
festival,jazz,male_03_IUS-M04201.wav,male,-10,Leaky_NLMS,0.4868,1.292,7.15,-6.73
festival,jazz,male_03_IUS-M04201.wav,male,-10,Soft_VAD_Leaky,0.4725,1.291,5.71,-5.08
festival,jazz,male_04_IUS-M06201.wav,male,-10,Unprocessed,0.4798,1.240,0.00,0.00
festival,jazz,male_04_IUS-M06201.wav,male,-10,FIR_BP,0.4686,1.169,1.39,-2.20
festival,jazz,male_04_IUS-M06201.wav,male,-10,Parametric_Notch,0.4804,1.240,0.26,-0.24
festival,jazz,male_04_IUS-M06201.wav,male,-10,Base_NLMS,0.6235,1.302,10.15,-10.01
festival,jazz,male_04_IUS-M06201.wav,male,-10,Leaky_NLMS,0.5179,1.286,7.35,-6.80
festival,jazz,male_04_IUS-M06201.wav,male,-10,Soft_VAD_Leaky,0.5035,1.277,5.67,-5.19
festival,jazz,male_05_IUS-M08201.wav,male,-10,Unprocessed,0.5130,1.244,0.00,0.00
festival,jazz,male_05_IUS-M08201.wav,male,-10,FIR_BP,0.4999,1.206,1.79,-2.37
festival,jazz,male_05_IUS-M08201.wav,male,-10,Parametric_Notch,0.5141,1.244,0.23,-0.22
festival,jazz,male_05_IUS-M08201.wav,male,-10,Base_NLMS,0.6711,1.304,11.33,-10.70
festival,jazz,male_05_IUS-M08201.wav,male,-10,Leaky_NLMS,0.5397,1.276,7.30,-6.77
festival,jazz,male_05_IUS-M08201.wav,male,-10,Soft_VAD_Leaky,0.5321,1.274,5.93,-5.34
festival,jazz,male_06_IUS-M10201.wav,male,-10,Unprocessed,0.5550,1.267,0.00,0.00
festival,jazz,male_06_IUS-M10201.wav,male,-10,FIR_BP,0.5494,1.216,1.50,-2.38
festival,jazz,male_06_IUS-M10201.wav,male,-10,Parametric_Notch,0.5554,1.268,0.23,-0.21
festival,jazz,male_06_IUS-M10201.wav,male,-10,Base_NLMS,0.7032,1.384,11.42,-10.23
festival,jazz,male_06_IUS-M10201.wav,male,-10,Leaky_NLMS,0.6032,1.349,7.27,-6.67
festival,jazz,male_06_IUS-M10201.wav,male,-10,Soft_VAD_Leaky,0.5926,1.338,5.84,-5.32
festival,jazz,male_07_IUS-M12201.wav,male,-10,Unprocessed,0.5522,1.234,0.00,0.00
festival,jazz,male_07_IUS-M12201.wav,male,-10,FIR_BP,0.5336,1.184,1.26,-1.96
festival,jazz,male_07_IUS-M12201.wav,male,-10,Parametric_Notch,0.5531,1.234,0.25,-0.23
festival,jazz,male_07_IUS-M12201.wav,male,-10,Base_NLMS,0.6983,1.324,11.29,-10.39
festival,jazz,male_07_IUS-M12201.wav,male,-10,Leaky_NLMS,0.5684,1.286,7.49,-6.88
festival,jazz,male_07_IUS-M12201.wav,male,-10,Soft_VAD_Leaky,0.5602,1.287,5.95,-5.32
festival,jazz,male_08_IUS-M14201.wav,male,-10,Unprocessed,0.4172,1.255,0.00,0.00
festival,jazz,male_08_IUS-M14201.wav,male,-10,FIR_BP,0.4050,1.218,1.68,-2.26
festival,jazz,male_08_IUS-M14201.wav,male,-10,Parametric_Notch,0.4166,1.255,0.24,-0.21
festival,jazz,male_08_IUS-M14201.wav,male,-10,Base_NLMS,0.5695,1.317,12.27,-11.09
festival,jazz,male_08_IUS-M14201.wav,male,-10,Leaky_NLMS,0.4465,1.284,7.40,-6.82
festival,jazz,male_08_IUS-M14201.wav,male,-10,Soft_VAD_Leaky,0.4458,1.283,5.92,-5.38
festival,jazz,male_09_IUS-M16201.wav,male,-10,Unprocessed,0.5055,1.249,0.00,0.00
festival,jazz,male_09_IUS-M16201.wav,male,-10,FIR_BP,0.4987,1.192,1.86,-2.45
festival,jazz,male_09_IUS-M16201.wav,male,-10,Parametric_Notch,0.5063,1.250,0.23,-0.22
festival,jazz,male_09_IUS-M16201.wav,male,-10,Base_NLMS,0.6091,1.339,12.02,-10.94
festival,jazz,male_09_IUS-M16201.wav,male,-10,Leaky_NLMS,0.5415,1.286,7.35,-6.72
festival,jazz,male_09_IUS-M16201.wav,male,-10,Soft_VAD_Leaky,0.5353,1.294,5.94,-5.36
festival,jazz,male_10_IUS-M18201.wav,male,-10,Unprocessed,0.4780,1.264,0.00,0.00
festival,jazz,male_10_IUS-M18201.wav,male,-10,FIR_BP,0.4753,1.207,1.47,-2.09
festival,jazz,male_10_IUS-M18201.wav,male,-10,Parametric_Notch,0.4780,1.264,0.25,-0.23
festival,jazz,male_10_IUS-M18201.wav,male,-10,Base_NLMS,0.6395,1.315,11.69,-10.68
festival,jazz,male_10_IUS-M18201.wav,male,-10,Leaky_NLMS,0.5222,1.305,7.51,-6.94
festival,jazz,male_10_IUS-M18201.wav,male,-10,Soft_VAD_Leaky,0.5156,1.312,5.94,-5.39
festival,jazz,female_01_IUS-F00202.wav,female,-10,Unprocessed,0.4603,1.222,0.00,0.00
festival,jazz,female_01_IUS-F00202.wav,female,-10,FIR_BP,0.4143,1.169,1.42,-2.01
festival,jazz,female_01_IUS-F00202.wav,female,-10,Parametric_Notch,0.4602,1.223,0.13,-0.13
festival,jazz,female_01_IUS-F00202.wav,female,-10,Base_NLMS,0.5732,1.395,12.28,-11.38
festival,jazz,female_01_IUS-F00202.wav,female,-10,Leaky_NLMS,0.4977,1.320,7.65,-7.23
festival,jazz,female_01_IUS-F00202.wav,female,-10,Soft_VAD_Leaky,0.4922,1.313,6.88,-6.36
festival,jazz,female_02_IUS-F02202.wav,female,-10,Unprocessed,0.4964,1.226,0.00,0.00
festival,jazz,female_02_IUS-F02202.wav,female,-10,FIR_BP,0.4960,1.158,1.56,-2.27
festival,jazz,female_02_IUS-F02202.wav,female,-10,Parametric_Notch,0.4971,1.226,0.14,-0.14
festival,jazz,female_02_IUS-F02202.wav,female,-10,Base_NLMS,0.6244,1.302,12.01,-10.97
festival,jazz,female_02_IUS-F02202.wav,female,-10,Leaky_NLMS,0.5497,1.274,7.64,-6.89
festival,jazz,female_02_IUS-F02202.wav,female,-10,Soft_VAD_Leaky,0.5487,1.268,6.43,-5.71
festival,jazz,female_03_IUS-F04202.wav,female,-10,Unprocessed,0.5624,1.244,0.00,0.00
festival,jazz,female_03_IUS-F04202.wav,female,-10,FIR_BP,0.5457,1.171,1.12,-1.99
festival,jazz,female_03_IUS-F04202.wav,female,-10,Parametric_Notch,0.5619,1.244,0.13,-0.12
festival,jazz,female_03_IUS-F04202.wav,female,-10,Base_NLMS,0.6965,1.349,11.35,-10.70
festival,jazz,female_03_IUS-F04202.wav,female,-10,Leaky_NLMS,0.6140,1.310,7.58,-6.96
festival,jazz,female_03_IUS-F04202.wav,female,-10,Soft_VAD_Leaky,0.6026,1.295,6.48,-5.87
festival,jazz,female_04_IUS-F06202.wav,female,-10,Unprocessed,0.6503,1.242,0.00,0.00
festival,jazz,female_04_IUS-F06202.wav,female,-10,FIR_BP,0.6334,1.159,1.55,-2.39
festival,jazz,female_04_IUS-F06202.wav,female,-10,Parametric_Notch,0.6517,1.243,0.16,-0.15
festival,jazz,female_04_IUS-F06202.wav,female,-10,Base_NLMS,0.7299,1.327,11.01,-10.70
festival,jazz,female_04_IUS-F06202.wav,female,-10,Leaky_NLMS,0.6693,1.299,7.40,-6.89
festival,jazz,female_04_IUS-F06202.wav,female,-10,Soft_VAD_Leaky,0.6679,1.293,6.22,-5.70
festival,jazz,female_05_IUS-F08202.wav,female,-10,Unprocessed,0.5939,1.228,0.00,0.00
festival,jazz,female_05_IUS-F08202.wav,female,-10,FIR_BP,0.5719,1.184,1.22,-1.79
festival,jazz,female_05_IUS-F08202.wav,female,-10,Parametric_Notch,0.5937,1.228,0.12,-0.12
festival,jazz,female_05_IUS-F08202.wav,female,-10,Base_NLMS,0.7328,1.341,11.39,-10.65
festival,jazz,female_05_IUS-F08202.wav,female,-10,Leaky_NLMS,0.6331,1.305,7.69,-7.16
festival,jazz,female_05_IUS-F08202.wav,female,-10,Soft_VAD_Leaky,0.6298,1.295,6.63,-6.02
festival,jazz,female_06_IUS-F10202.wav,female,-10,Unprocessed,0.5994,1.221,0.00,0.00
festival,jazz,female_06_IUS-F10202.wav,female,-10,FIR_BP,0.5740,1.168,1.23,-2.17
festival,jazz,female_06_IUS-F10202.wav,female,-10,Parametric_Notch,0.5999,1.222,0.15,-0.14
festival,jazz,female_06_IUS-F10202.wav,female,-10,Base_NLMS,0.7422,1.354,11.95,-10.28
festival,jazz,female_06_IUS-F10202.wav,female,-10,Leaky_NLMS,0.6578,1.303,7.57,-6.73
festival,jazz,female_06_IUS-F10202.wav,female,-10,Soft_VAD_Leaky,0.6455,1.293,6.32,-5.53
festival,jazz,female_07_IUS-F12202.wav,female,-10,Unprocessed,0.5263,1.208,0.00,0.00
festival,jazz,female_07_IUS-F12202.wav,female,-10,FIR_BP,0.5117,1.162,1.22,-1.97
festival,jazz,female_07_IUS-F12202.wav,female,-10,Parametric_Notch,0.5257,1.208,0.13,-0.12
festival,jazz,female_07_IUS-F12202.wav,female,-10,Base_NLMS,0.6504,1.302,10.71,-10.77
festival,jazz,female_07_IUS-F12202.wav,female,-10,Leaky_NLMS,0.5696,1.257,7.44,-7.12
festival,jazz,female_07_IUS-F12202.wav,female,-10,Soft_VAD_Leaky,0.5663,1.262,6.40,-5.78
festival,jazz,female_08_IUS-F14202.wav,female,-10,Unprocessed,0.6516,1.231,0.00,0.00
festival,jazz,female_08_IUS-F14202.wav,female,-10,FIR_BP,0.6418,1.198,1.76,-2.59
festival,jazz,female_08_IUS-F14202.wav,female,-10,Parametric_Notch,0.6513,1.233,0.22,-0.21
festival,jazz,female_08_IUS-F14202.wav,female,-10,Base_NLMS,0.7600,1.385,12.72,-11.03
festival,jazz,female_08_IUS-F14202.wav,female,-10,Leaky_NLMS,0.6825,1.335,7.39,-6.71
festival,jazz,female_08_IUS-F14202.wav,female,-10,Soft_VAD_Leaky,0.6732,1.307,5.94,-5.43
festival,jazz,female_09_IUS-F16202.wav,female,-10,Unprocessed,0.6222,1.198,0.00,0.00
festival,jazz,female_09_IUS-F16202.wav,female,-10,FIR_BP,0.5984,1.155,1.55,-1.97
festival,jazz,female_09_IUS-F16202.wav,female,-10,Parametric_Notch,0.6219,1.198,0.12,-0.13
festival,jazz,female_09_IUS-F16202.wav,female,-10,Base_NLMS,0.7348,1.306,12.11,-10.82
festival,jazz,female_09_IUS-F16202.wav,female,-10,Leaky_NLMS,0.6540,1.259,7.68,-7.11
festival,jazz,female_09_IUS-F16202.wav,female,-10,Soft_VAD_Leaky,0.6519,1.254,6.55,-6.00
festival,jazz,female_10_IUS-F18202.wav,female,-10,Unprocessed,0.5846,1.251,0.00,0.00
festival,jazz,female_10_IUS-F18202.wav,female,-10,FIR_BP,0.5710,1.192,1.24,-2.10
festival,jazz,female_10_IUS-F18202.wav,female,-10,Parametric_Notch,0.5852,1.252,0.25,-0.24
festival,jazz,female_10_IUS-F18202.wav,female,-10,Base_NLMS,0.7472,1.371,11.58,-10.33
festival,jazz,female_10_IUS-F18202.wav,female,-10,Leaky_NLMS,0.6352,1.322,7.46,-6.84
festival,jazz,female_10_IUS-F18202.wav,female,-10,Soft_VAD_Leaky,0.6272,1.322,5.79,-5.27
festival,jazz,male_01_IUS-M00201.wav,male,-5,Unprocessed,0.6371,1.323,0.00,0.00
festival,jazz,male_01_IUS-M00201.wav,male,-5,FIR_BP,0.6082,1.215,0.16,-2.00
festival,jazz,male_01_IUS-M00201.wav,male,-5,Parametric_Notch,0.6378,1.323,0.26,-0.21
festival,jazz,male_01_IUS-M00201.wav,male,-5,Base_NLMS,0.7472,1.430,8.95,-8.52
festival,jazz,male_01_IUS-M00201.wav,male,-5,Leaky_NLMS,0.6726,1.402,6.91,-6.02
festival,jazz,male_01_IUS-M00201.wav,male,-5,Soft_VAD_Leaky,0.6686,1.388,5.61,-4.49
festival,jazz,male_02_IUS-M02201.wav,male,-5,Unprocessed,0.6145,1.311,0.00,0.00
festival,jazz,male_02_IUS-M02201.wav,male,-5,FIR_BP,0.5843,1.200,0.14,-2.38
festival,jazz,male_02_IUS-M02201.wav,male,-5,Parametric_Notch,0.6150,1.310,0.23,-0.19
festival,jazz,male_02_IUS-M02201.wav,male,-5,Base_NLMS,0.7576,1.478,9.86,-8.39
festival,jazz,male_02_IUS-M02201.wav,male,-5,Leaky_NLMS,0.6636,1.406,6.94,-5.69
festival,jazz,male_02_IUS-M02201.wav,male,-5,Soft_VAD_Leaky,0.6628,1.386,5.62,-4.39
festival,jazz,male_03_IUS-M04201.wav,male,-5,Unprocessed,0.5656,1.317,0.00,0.00
festival,jazz,male_03_IUS-M04201.wav,male,-5,FIR_BP,0.5261,1.209,0.10,-2.45
festival,jazz,male_03_IUS-M04201.wav,male,-5,Parametric_Notch,0.5658,1.316,0.22,-0.18
festival,jazz,male_03_IUS-M04201.wav,male,-5,Base_NLMS,0.7044,1.429,7.38,-8.19
festival,jazz,male_03_IUS-M04201.wav,male,-5,Leaky_NLMS,0.6040,1.365,6.11,-5.81
festival,jazz,male_03_IUS-M04201.wav,male,-5,Soft_VAD_Leaky,0.5927,1.365,5.02,-4.35
festival,jazz,male_04_IUS-M06201.wav,male,-5,Unprocessed,0.6051,1.311,0.00,0.00
festival,jazz,male_04_IUS-M06201.wav,male,-5,FIR_BP,0.5766,1.195,0.10,-2.32
festival,jazz,male_04_IUS-M06201.wav,male,-5,Parametric_Notch,0.6056,1.310,0.25,-0.21
festival,jazz,male_04_IUS-M06201.wav,male,-5,Base_NLMS,0.7216,1.361,6.85,-8.18
festival,jazz,male_04_IUS-M06201.wav,male,-5,Leaky_NLMS,0.6512,1.361,6.31,-5.81
festival,jazz,male_04_IUS-M06201.wav,male,-5,Soft_VAD_Leaky,0.6364,1.354,4.98,-4.24
festival,jazz,male_05_IUS-M08201.wav,male,-5,Unprocessed,0.6271,1.314,0.00,0.00
festival,jazz,male_05_IUS-M08201.wav,male,-5,FIR_BP,0.6052,1.245,0.42,-2.14
festival,jazz,male_05_IUS-M08201.wav,male,-5,Parametric_Notch,0.6285,1.313,0.23,-0.19
festival,jazz,male_05_IUS-M08201.wav,male,-5,Base_NLMS,0.7768,1.389,8.34,-8.57
festival,jazz,male_05_IUS-M08201.wav,male,-5,Leaky_NLMS,0.6693,1.360,6.55,-5.84
festival,jazz,male_05_IUS-M08201.wav,male,-5,Soft_VAD_Leaky,0.6635,1.364,5.57,-4.33
festival,jazz,male_06_IUS-M10201.wav,male,-5,Unprocessed,0.6720,1.367,0.00,0.00
festival,jazz,male_06_IUS-M10201.wav,male,-5,FIR_BP,0.6458,1.263,-0.08,-2.13
festival,jazz,male_06_IUS-M10201.wav,male,-5,Parametric_Notch,0.6724,1.369,0.22,-0.18
festival,jazz,male_06_IUS-M10201.wav,male,-5,Base_NLMS,0.7862,1.493,8.33,-7.92
festival,jazz,male_06_IUS-M10201.wav,male,-5,Leaky_NLMS,0.7217,1.478,6.52,-5.52
festival,jazz,male_06_IUS-M10201.wav,male,-5,Soft_VAD_Leaky,0.7153,1.474,5.37,-4.20
festival,jazz,male_07_IUS-M12201.wav,male,-5,Unprocessed,0.6566,1.307,0.00,0.00
festival,jazz,male_07_IUS-M12201.wav,male,-5,FIR_BP,0.6196,1.219,-0.03,-1.81
festival,jazz,male_07_IUS-M12201.wav,male,-5,Parametric_Notch,0.6575,1.307,0.25,-0.20
festival,jazz,male_07_IUS-M12201.wav,male,-5,Base_NLMS,0.7907,1.417,8.10,-8.03
festival,jazz,male_07_IUS-M12201.wav,male,-5,Leaky_NLMS,0.6906,1.384,6.64,-5.73
festival,jazz,male_07_IUS-M12201.wav,male,-5,Soft_VAD_Leaky,0.6872,1.389,5.62,-4.14
festival,jazz,male_08_IUS-M14201.wav,male,-5,Unprocessed,0.5045,1.329,0.00,0.00
festival,jazz,male_08_IUS-M14201.wav,male,-5,FIR_BP,0.4862,1.260,0.31,-2.03
festival,jazz,male_08_IUS-M14201.wav,male,-5,Parametric_Notch,0.5039,1.329,0.24,-0.19
festival,jazz,male_08_IUS-M14201.wav,male,-5,Base_NLMS,0.6484,1.394,9.00,-8.72
festival,jazz,male_08_IUS-M14201.wav,male,-5,Leaky_NLMS,0.5471,1.366,6.73,-6.03
festival,jazz,male_08_IUS-M14201.wav,male,-5,Soft_VAD_Leaky,0.5451,1.371,5.46,-4.53
festival,jazz,male_09_IUS-M16201.wav,male,-5,Unprocessed,0.6120,1.328,0.00,0.00
festival,jazz,male_09_IUS-M16201.wav,male,-5,FIR_BP,0.5842,1.225,0.55,-2.39
festival,jazz,male_09_IUS-M16201.wav,male,-5,Parametric_Notch,0.6129,1.328,0.22,-0.19
festival,jazz,male_09_IUS-M16201.wav,male,-5,Base_NLMS,0.6894,1.433,8.86,-8.65
festival,jazz,male_09_IUS-M16201.wav,male,-5,Leaky_NLMS,0.6459,1.372,6.55,-5.85
festival,jazz,male_09_IUS-M16201.wav,male,-5,Soft_VAD_Leaky,0.6451,1.396,5.48,-4.42
festival,jazz,male_10_IUS-M18201.wav,male,-5,Unprocessed,0.5840,1.347,0.00,0.00
festival,jazz,male_10_IUS-M18201.wav,male,-5,FIR_BP,0.5623,1.249,0.18,-1.94
festival,jazz,male_10_IUS-M18201.wav,male,-5,Parametric_Notch,0.5844,1.347,0.24,-0.21
festival,jazz,male_10_IUS-M18201.wav,male,-5,Base_NLMS,0.7208,1.406,8.65,-8.33
festival,jazz,male_10_IUS-M18201.wav,male,-5,Leaky_NLMS,0.6354,1.399,6.74,-5.88
festival,jazz,male_10_IUS-M18201.wav,male,-5,Soft_VAD_Leaky,0.6298,1.416,5.54,-4.35
festival,jazz,female_01_IUS-F00202.wav,female,-5,Unprocessed,0.5485,1.311,0.00,0.00
festival,jazz,female_01_IUS-F00202.wav,female,-5,FIR_BP,0.5016,1.209,0.33,-1.94
festival,jazz,female_01_IUS-F00202.wav,female,-5,Parametric_Notch,0.5482,1.313,0.12,-0.12
festival,jazz,female_01_IUS-F00202.wav,female,-5,Base_NLMS,0.6229,1.469,9.26,-9.16
festival,jazz,female_01_IUS-F00202.wav,female,-5,Leaky_NLMS,0.5839,1.441,6.95,-6.40
festival,jazz,female_01_IUS-F00202.wav,female,-5,Soft_VAD_Leaky,0.5802,1.440,6.31,-5.17
festival,jazz,female_02_IUS-F02202.wav,female,-5,Unprocessed,0.5875,1.295,0.00,0.00
festival,jazz,female_02_IUS-F02202.wav,female,-5,FIR_BP,0.5787,1.183,0.44,-2.34
festival,jazz,female_02_IUS-F02202.wav,female,-5,Parametric_Notch,0.5885,1.295,0.14,-0.13
festival,jazz,female_02_IUS-F02202.wav,female,-5,Base_NLMS,0.6744,1.346,8.55,-9.16
festival,jazz,female_02_IUS-F02202.wav,female,-5,Leaky_NLMS,0.6269,1.341,6.87,-6.14
festival,jazz,female_02_IUS-F02202.wav,female,-5,Soft_VAD_Leaky,0.6326,1.351,6.00,-4.70
festival,jazz,female_03_IUS-F04202.wav,female,-5,Unprocessed,0.6512,1.324,0.00,0.00
festival,jazz,female_03_IUS-F04202.wav,female,-5,FIR_BP,0.6284,1.202,-0.29,-2.01
festival,jazz,female_03_IUS-F04202.wav,female,-5,Parametric_Notch,0.6509,1.324,0.12,-0.10
festival,jazz,female_03_IUS-F04202.wav,female,-5,Base_NLMS,0.7314,1.406,7.73,-8.45
festival,jazz,female_03_IUS-F04202.wav,female,-5,Leaky_NLMS,0.7039,1.404,6.72,-5.91
festival,jazz,female_03_IUS-F04202.wav,female,-5,Soft_VAD_Leaky,0.6975,1.396,5.87,-4.65
festival,jazz,female_04_IUS-F06202.wav,female,-5,Unprocessed,0.7376,1.323,0.00,0.00
festival,jazz,female_04_IUS-F06202.wav,female,-5,FIR_BP,0.7102,1.185,0.33,-2.60
festival,jazz,female_04_IUS-F06202.wav,female,-5,Parametric_Notch,0.7389,1.324,0.15,-0.14
festival,jazz,female_04_IUS-F06202.wav,female,-5,Base_NLMS,0.7850,1.394,7.55,-8.82
festival,jazz,female_04_IUS-F06202.wav,female,-5,Leaky_NLMS,0.7506,1.370,6.42,-6.13
festival,jazz,female_04_IUS-F06202.wav,female,-5,Soft_VAD_Leaky,0.7554,1.382,5.64,-4.81
festival,jazz,female_05_IUS-F08202.wav,female,-5,Unprocessed,0.6772,1.301,0.00,0.00
festival,jazz,female_05_IUS-F08202.wav,female,-5,FIR_BP,0.6543,1.223,0.03,-1.71
festival,jazz,female_05_IUS-F08202.wav,female,-5,Parametric_Notch,0.6769,1.301,0.11,-0.11
festival,jazz,female_05_IUS-F08202.wav,female,-5,Base_NLMS,0.8046,1.422,8.38,-8.47
festival,jazz,female_05_IUS-F08202.wav,female,-5,Leaky_NLMS,0.7233,1.391,6.77,-6.17
festival,jazz,female_05_IUS-F08202.wav,female,-5,Soft_VAD_Leaky,0.7235,1.397,6.11,-4.87
festival,jazz,female_06_IUS-F10202.wav,female,-5,Unprocessed,0.7230,1.303,0.00,0.00
festival,jazz,female_06_IUS-F10202.wav,female,-5,FIR_BP,0.6857,1.203,-0.34,-2.09
festival,jazz,female_06_IUS-F10202.wav,female,-5,Parametric_Notch,0.7237,1.303,0.14,-0.12
festival,jazz,female_06_IUS-F10202.wav,female,-5,Base_NLMS,0.7983,1.423,8.50,-8.00
festival,jazz,female_06_IUS-F10202.wav,female,-5,Leaky_NLMS,0.7660,1.398,6.88,-5.69
festival,jazz,female_06_IUS-F10202.wav,female,-5,Soft_VAD_Leaky,0.7634,1.399,5.84,-4.30
festival,jazz,female_07_IUS-F12202.wav,female,-5,Unprocessed,0.6251,1.275,0.00,0.00
festival,jazz,female_07_IUS-F12202.wav,female,-5,FIR_BP,0.6012,1.195,-0.09,-1.92
festival,jazz,female_07_IUS-F12202.wav,female,-5,Parametric_Notch,0.6245,1.275,0.13,-0.11
festival,jazz,female_07_IUS-F12202.wav,female,-5,Base_NLMS,0.7101,1.343,7.21,-8.91
festival,jazz,female_07_IUS-F12202.wav,female,-5,Leaky_NLMS,0.6602,1.323,6.30,-6.45
festival,jazz,female_07_IUS-F12202.wav,female,-5,Soft_VAD_Leaky,0.6692,1.356,5.91,-4.62
festival,jazz,female_08_IUS-F14202.wav,female,-5,Unprocessed,0.7395,1.319,0.00,0.00
festival,jazz,female_08_IUS-F14202.wav,female,-5,FIR_BP,0.7189,1.244,0.20,-2.36
festival,jazz,female_08_IUS-F14202.wav,female,-5,Parametric_Notch,0.7395,1.322,0.22,-0.19
festival,jazz,female_08_IUS-F14202.wav,female,-5,Base_NLMS,0.8309,1.475,9.70,-8.36
festival,jazz,female_08_IUS-F14202.wav,female,-5,Leaky_NLMS,0.7753,1.467,6.91,-5.81
festival,jazz,female_08_IUS-F14202.wav,female,-5,Soft_VAD_Leaky,0.7690,1.438,5.53,-4.51
festival,jazz,female_09_IUS-F16202.wav,female,-5,Unprocessed,0.6894,1.257,0.00,0.00
festival,jazz,female_09_IUS-F16202.wav,female,-5,FIR_BP,0.6633,1.185,0.72,-1.94
festival,jazz,female_09_IUS-F16202.wav,female,-5,Parametric_Notch,0.6891,1.257,0.11,-0.12
festival,jazz,female_09_IUS-F16202.wav,female,-5,Base_NLMS,0.8008,1.393,9.27,-8.37
festival,jazz,female_09_IUS-F16202.wav,female,-5,Leaky_NLMS,0.7200,1.336,6.98,-6.07
festival,jazz,female_09_IUS-F16202.wav,female,-5,Soft_VAD_Leaky,0.7220,1.339,6.08,-4.89
festival,jazz,female_10_IUS-F18202.wav,female,-5,Unprocessed,0.6951,1.340,0.00,0.00
festival,jazz,female_10_IUS-F18202.wav,female,-5,FIR_BP,0.6683,1.230,-0.29,-1.96
festival,jazz,female_10_IUS-F18202.wav,female,-5,Parametric_Notch,0.6955,1.341,0.24,-0.22
festival,jazz,female_10_IUS-F18202.wav,female,-5,Base_NLMS,0.8277,1.472,8.86,-7.98
festival,jazz,female_10_IUS-F18202.wav,female,-5,Leaky_NLMS,0.7470,1.434,6.70,-5.70
festival,jazz,female_10_IUS-F18202.wav,female,-5,Soft_VAD_Leaky,0.7403,1.446,5.37,-4.20
festival,jazz,male_01_IUS-M00201.wav,male,0,Unprocessed,0.7431,1.467,0.00,0.00
festival,jazz,male_01_IUS-M00201.wav,male,0,FIR_BP,0.7021,1.261,-2.31,-1.94
festival,jazz,male_01_IUS-M00201.wav,male,0,Parametric_Notch,0.7439,1.467,0.26,-0.15
festival,jazz,male_01_IUS-M00201.wav,male,0,Base_NLMS,0.7766,1.485,3.94,-6.72
festival,jazz,male_01_IUS-M00201.wav,male,0,Leaky_NLMS,0.7634,1.511,4.54,-5.10
festival,jazz,male_01_IUS-M00201.wav,male,0,Soft_VAD_Leaky,0.7675,1.537,4.46,-3.15
festival,jazz,male_02_IUS-M02201.wav,male,0,Unprocessed,0.7280,1.439,0.00,0.00
festival,jazz,male_02_IUS-M02201.wav,male,0,FIR_BP,0.6833,1.239,-2.50,-2.52
festival,jazz,male_02_IUS-M02201.wav,male,0,Parametric_Notch,0.7292,1.436,0.21,-0.14
festival,jazz,male_02_IUS-M02201.wav,male,0,Base_NLMS,0.8009,1.583,4.79,-6.49
festival,jazz,male_02_IUS-M02201.wav,male,0,Leaky_NLMS,0.7708,1.550,4.85,-4.67
festival,jazz,male_02_IUS-M02201.wav,male,0,Soft_VAD_Leaky,0.7630,1.527,4.24,-3.11
festival,jazz,male_03_IUS-M04201.wav,male,0,Unprocessed,0.6981,1.449,0.00,0.00
festival,jazz,male_03_IUS-M04201.wav,male,0,FIR_BP,0.6439,1.254,-2.61,-2.52
festival,jazz,male_03_IUS-M04201.wav,male,0,Parametric_Notch,0.6984,1.447,0.21,-0.13
festival,jazz,male_03_IUS-M04201.wav,male,0,Base_NLMS,0.7504,1.471,2.58,-6.53
festival,jazz,male_03_IUS-M04201.wav,male,0,Leaky_NLMS,0.7128,1.457,3.42,-5.01
festival,jazz,male_03_IUS-M04201.wav,male,0,Soft_VAD_Leaky,0.7110,1.494,3.54,-3.23
festival,jazz,male_04_IUS-M06201.wav,male,0,Unprocessed,0.7318,1.441,0.00,0.00
festival,jazz,male_04_IUS-M06201.wav,male,0,FIR_BP,0.6857,1.232,-2.50,-2.64
festival,jazz,male_04_IUS-M06201.wav,male,0,Parametric_Notch,0.7326,1.438,0.23,-0.15
festival,jazz,male_04_IUS-M06201.wav,male,0,Base_NLMS,0.7763,1.398,2.23,-6.89
festival,jazz,male_04_IUS-M06201.wav,male,0,Leaky_NLMS,0.7619,1.448,3.47,-5.02
festival,jazz,male_04_IUS-M06201.wav,male,0,Soft_VAD_Leaky,0.7508,1.453,3.25,-3.49
festival,jazz,male_05_IUS-M08201.wav,male,0,Unprocessed,0.7478,1.443,0.00,0.00
festival,jazz,male_05_IUS-M08201.wav,male,0,FIR_BP,0.7133,1.301,-2.27,-1.74
festival,jazz,male_05_IUS-M08201.wav,male,0,Parametric_Notch,0.7490,1.442,0.22,-0.14
festival,jazz,male_05_IUS-M08201.wav,male,0,Base_NLMS,0.8247,1.485,4.06,-6.71
festival,jazz,male_05_IUS-M08201.wav,male,0,Leaky_NLMS,0.7877,1.483,4.47,-4.83
festival,jazz,male_05_IUS-M08201.wav,male,0,Soft_VAD_Leaky,0.7929,1.521,4.80,-2.98
festival,jazz,male_06_IUS-M10201.wav,male,0,Unprocessed,0.7874,1.565,0.00,0.00
festival,jazz,male_06_IUS-M10201.wav,male,0,FIR_BP,0.7384,1.325,-3.02,-1.74
festival,jazz,male_06_IUS-M10201.wav,male,0,Parametric_Notch,0.7881,1.565,0.21,-0.13
festival,jazz,male_06_IUS-M10201.wav,male,0,Base_NLMS,0.8316,1.573,3.60,-6.11
festival,jazz,male_06_IUS-M10201.wav,male,0,Leaky_NLMS,0.8173,1.638,4.34,-4.39
festival,jazz,male_06_IUS-M10201.wav,male,0,Soft_VAD_Leaky,0.8198,1.689,4.29,-2.80
festival,jazz,male_07_IUS-M12201.wav,male,0,Unprocessed,0.7616,1.442,0.00,0.00
festival,jazz,male_07_IUS-M12201.wav,male,0,FIR_BP,0.7071,1.267,-2.61,-1.64
festival,jazz,male_07_IUS-M12201.wav,male,0,Parametric_Notch,0.7622,1.441,0.24,-0.14
festival,jazz,male_07_IUS-M12201.wav,male,0,Base_NLMS,0.8250,1.497,3.45,-6.12
festival,jazz,male_07_IUS-M12201.wav,male,0,Leaky_NLMS,0.7900,1.513,4.16,-4.65
festival,jazz,male_07_IUS-M12201.wav,male,0,Soft_VAD_Leaky,0.7981,1.550,4.76,-2.60
festival,jazz,male_08_IUS-M14201.wav,male,0,Unprocessed,0.6228,1.474,0.00,0.00
festival,jazz,male_08_IUS-M14201.wav,male,0,FIR_BP,0.5937,1.325,-2.37,-1.61
festival,jazz,male_08_IUS-M14201.wav,male,0,Parametric_Notch,0.6225,1.473,0.23,-0.14
festival,jazz,male_08_IUS-M14201.wav,male,0,Base_NLMS,0.6929,1.441,4.06,-6.82
festival,jazz,male_08_IUS-M14201.wav,male,0,Leaky_NLMS,0.6586,1.463,4.43,-5.28
festival,jazz,male_08_IUS-M14201.wav,male,0,Soft_VAD_Leaky,0.6611,1.509,4.38,-3.43
festival,jazz,male_09_IUS-M16201.wav,male,0,Unprocessed,0.7254,1.485,0.00,0.00
festival,jazz,male_09_IUS-M16201.wav,male,0,FIR_BP,0.6783,1.276,-2.10,-2.15
festival,jazz,male_09_IUS-M16201.wav,male,0,Parametric_Notch,0.7258,1.484,0.21,-0.11
festival,jazz,male_09_IUS-M16201.wav,male,0,Base_NLMS,0.7299,1.490,3.94,-6.77
festival,jazz,male_09_IUS-M16201.wav,male,0,Leaky_NLMS,0.7306,1.471,4.12,-4.97
festival,jazz,male_09_IUS-M16201.wav,male,0,Soft_VAD_Leaky,0.7400,1.552,4.41,-3.16
festival,jazz,male_10_IUS-M18201.wav,male,0,Unprocessed,0.7024,1.507,0.00,0.00
festival,jazz,male_10_IUS-M18201.wav,male,0,FIR_BP,0.6598,1.306,-2.41,-1.67
festival,jazz,male_10_IUS-M18201.wav,male,0,Parametric_Notch,0.7026,1.505,0.23,-0.15
festival,jazz,male_10_IUS-M18201.wav,male,0,Base_NLMS,0.7806,1.499,4.18,-6.22
festival,jazz,male_10_IUS-M18201.wav,male,0,Leaky_NLMS,0.7465,1.527,4.45,-4.77
festival,jazz,male_10_IUS-M18201.wav,male,0,Soft_VAD_Leaky,0.7464,1.586,4.58,-3.10
festival,jazz,female_01_IUS-F00202.wav,female,0,Unprocessed,0.6317,1.505,0.00,0.00
festival,jazz,female_01_IUS-F00202.wav,female,0,FIR_BP,0.5833,1.265,-1.98,-1.82
festival,jazz,female_01_IUS-F00202.wav,female,0,Parametric_Notch,0.6316,1.508,0.09,-0.10
festival,jazz,female_01_IUS-F00202.wav,female,0,Base_NLMS,0.6373,1.452,4.36,-7.44
festival,jazz,female_01_IUS-F00202.wav,female,0,Leaky_NLMS,0.6417,1.530,4.74,-5.62
festival,jazz,female_01_IUS-F00202.wav,female,0,Soft_VAD_Leaky,0.6522,1.624,5.29,-3.60
festival,jazz,female_02_IUS-F02202.wav,female,0,Unprocessed,0.6800,1.424,0.00,0.00
festival,jazz,female_02_IUS-F02202.wav,female,0,FIR_BP,0.6566,1.218,-1.90,-2.49
festival,jazz,female_02_IUS-F02202.wav,female,0,Parametric_Notch,0.6805,1.423,0.11,-0.10
festival,jazz,female_02_IUS-F02202.wav,female,0,Base_NLMS,0.6938,1.349,3.37,-7.89
festival,jazz,female_02_IUS-F02202.wav,female,0,Leaky_NLMS,0.6791,1.387,4.06,-5.68
festival,jazz,female_02_IUS-F02202.wav,female,0,Soft_VAD_Leaky,0.7020,1.464,4.91,-3.56
festival,jazz,female_03_IUS-F04202.wav,female,0,Unprocessed,0.7496,1.475,0.00,0.00
festival,jazz,female_03_IUS-F04202.wav,female,0,FIR_BP,0.7183,1.244,-3.02,-2.09
festival,jazz,female_03_IUS-F04202.wav,female,0,Parametric_Notch,0.7495,1.475,0.11,-0.07
festival,jazz,female_03_IUS-F04202.wav,female,0,Base_NLMS,0.7411,1.400,2.72,-6.75
festival,jazz,female_03_IUS-F04202.wav,female,0,Leaky_NLMS,0.7658,1.492,4.10,-5.14
festival,jazz,female_03_IUS-F04202.wav,female,0,Soft_VAD_Leaky,0.7826,1.553,4.57,-3.19
festival,jazz,female_04_IUS-F06202.wav,female,0,Unprocessed,0.8131,1.476,0.00,0.00
festival,jazz,female_04_IUS-F06202.wav,female,0,FIR_BP,0.7780,1.219,-2.17,-3.04
festival,jazz,female_04_IUS-F06202.wav,female,0,Parametric_Notch,0.8140,1.476,0.12,-0.11
festival,jazz,female_04_IUS-F06202.wav,female,0,Base_NLMS,0.8079,1.399,2.74,-7.23
festival,jazz,female_04_IUS-F06202.wav,female,0,Leaky_NLMS,0.8032,1.426,3.52,-5.54
festival,jazz,female_04_IUS-F06202.wav,female,0,Soft_VAD_Leaky,0.8252,1.510,4.13,-3.61
festival,jazz,female_05_IUS-F08202.wav,female,0,Unprocessed,0.7704,1.440,0.00,0.00
festival,jazz,female_05_IUS-F08202.wav,female,0,FIR_BP,0.7398,1.279,-2.43,-1.50
festival,jazz,female_05_IUS-F08202.wav,female,0,Parametric_Notch,0.7699,1.440,0.09,-0.09
festival,jazz,female_05_IUS-F08202.wav,female,0,Base_NLMS,0.8285,1.457,3.76,-6.69
festival,jazz,female_05_IUS-F08202.wav,female,0,Leaky_NLMS,0.8004,1.483,4.25,-5.16
festival,jazz,female_05_IUS-F08202.wav,female,0,Soft_VAD_Leaky,0.8107,1.563,4.99,-3.42
festival,jazz,female_06_IUS-F10202.wav,female,0,Unprocessed,0.8253,1.456,-0.00,0.00
festival,jazz,female_06_IUS-F10202.wav,female,0,FIR_BP,0.7836,1.251,-3.27,-1.94
festival,jazz,female_06_IUS-F10202.wav,female,0,Parametric_Notch,0.8264,1.456,0.13,-0.09
festival,jazz,female_06_IUS-F10202.wav,female,0,Base_NLMS,0.8118,1.429,3.36,-6.56
festival,jazz,female_06_IUS-F10202.wav,female,0,Leaky_NLMS,0.8294,1.488,4.51,-4.84
festival,jazz,female_06_IUS-F10202.wav,female,0,Soft_VAD_Leaky,0.8496,1.555,4.79,-2.81
festival,jazz,female_07_IUS-F12202.wav,female,0,Unprocessed,0.7280,1.406,0.00,0.00
festival,jazz,female_07_IUS-F12202.wav,female,0,FIR_BP,0.6911,1.245,-2.69,-1.81
festival,jazz,female_07_IUS-F12202.wav,female,0,Parametric_Notch,0.7276,1.406,0.13,-0.08
festival,jazz,female_07_IUS-F12202.wav,female,0,Base_NLMS,0.7334,1.357,2.62,-7.39
festival,jazz,female_07_IUS-F12202.wav,female,0,Leaky_NLMS,0.7316,1.387,3.46,-5.89
festival,jazz,female_07_IUS-F12202.wav,female,0,Soft_VAD_Leaky,0.7611,1.505,4.85,-3.16
festival,jazz,female_08_IUS-F14202.wav,female,0,Unprocessed,0.8217,1.494,0.00,0.00
festival,jazz,female_08_IUS-F14202.wav,female,0,FIR_BP,0.7910,1.304,-2.71,-1.86
festival,jazz,female_08_IUS-F14202.wav,female,0,Parametric_Notch,0.8224,1.498,0.21,-0.15
festival,jazz,female_08_IUS-F14202.wav,female,0,Base_NLMS,0.8623,1.506,4.94,-6.21
festival,jazz,female_08_IUS-F14202.wav,female,0,Leaky_NLMS,0.8456,1.605,5.14,-4.74
festival,jazz,female_08_IUS-F14202.wav,female,0,Soft_VAD_Leaky,0.8494,1.641,4.60,-3.07
festival,jazz,female_09_IUS-F16202.wav,female,0,Unprocessed,0.7566,1.369,0.00,0.00
festival,jazz,female_09_IUS-F16202.wav,female,0,FIR_BP,0.7233,1.227,-1.19,-1.87
festival,jazz,female_09_IUS-F16202.wav,female,0,Parametric_Notch,0.7565,1.369,0.07,-0.11
festival,jazz,female_09_IUS-F16202.wav,female,0,Base_NLMS,0.8264,1.464,4.77,-6.08
festival,jazz,female_09_IUS-F16202.wav,female,0,Leaky_NLMS,0.7791,1.435,4.82,-4.93
festival,jazz,female_09_IUS-F16202.wav,female,0,Soft_VAD_Leaky,0.7881,1.476,4.93,-3.45
festival,jazz,female_10_IUS-F18202.wav,female,0,Unprocessed,0.7985,1.515,0.00,0.00
festival,jazz,female_10_IUS-F18202.wav,female,0,FIR_BP,0.7601,1.283,-3.17,-1.79
festival,jazz,female_10_IUS-F18202.wav,female,0,Parametric_Notch,0.7983,1.515,0.22,-0.17
festival,jazz,female_10_IUS-F18202.wav,female,0,Base_NLMS,0.8505,1.515,4.21,-6.03
festival,jazz,female_10_IUS-F18202.wav,female,0,Leaky_NLMS,0.8354,1.567,4.43,-4.60
festival,jazz,female_10_IUS-F18202.wav,female,0,Soft_VAD_Leaky,0.8344,1.639,4.41,-2.89
festival,jazz,male_01_IUS-M00201.wav,male,5,Unprocessed,0.8389,1.739,0.00,0.00
festival,jazz,male_01_IUS-M00201.wav,male,5,FIR_BP,0.7878,1.319,-6.05,-1.87
festival,jazz,male_01_IUS-M00201.wav,male,5,Parametric_Notch,0.8394,1.738,0.24,-0.09
festival,jazz,male_01_IUS-M00201.wav,male,5,Base_NLMS,0.7842,1.467,-1.72,-6.34
festival,jazz,male_01_IUS-M00201.wav,male,5,Leaky_NLMS,0.8203,1.567,-0.03,-5.06
festival,jazz,male_01_IUS-M00201.wav,male,5,Soft_VAD_Leaky,0.8433,1.729,2.12,-2.25
festival,jazz,male_02_IUS-M02201.wav,male,5,Unprocessed,0.8246,1.680,0.00,0.00
festival,jazz,male_02_IUS-M02201.wav,male,5,FIR_BP,0.7696,1.291,-6.38,-2.69
festival,jazz,male_02_IUS-M02201.wav,male,5,Parametric_Notch,0.8255,1.676,0.16,-0.09
festival,jazz,male_02_IUS-M02201.wav,male,5,Base_NLMS,0.7913,1.537,-1.46,-6.00
festival,jazz,male_02_IUS-M02201.wav,male,5,Leaky_NLMS,0.8263,1.642,0.25,-4.56
festival,jazz,male_02_IUS-M02201.wav,male,5,Soft_VAD_Leaky,0.8431,1.765,2.73,-2.36
festival,jazz,male_03_IUS-M04201.wav,male,5,Unprocessed,0.8062,1.690,0.00,0.00
festival,jazz,male_03_IUS-M04201.wav,male,5,FIR_BP,0.7435,1.314,-6.52,-2.59
festival,jazz,male_03_IUS-M04201.wav,male,5,Parametric_Notch,0.8059,1.687,0.17,-0.08
festival,jazz,male_03_IUS-M04201.wav,male,5,Base_NLMS,0.7632,1.453,-2.81,-6.06
festival,jazz,male_03_IUS-M04201.wav,male,5,Leaky_NLMS,0.7861,1.522,-1.19,-4.92
festival,jazz,male_03_IUS-M04201.wav,male,5,Soft_VAD_Leaky,0.7939,1.652,0.47,-2.49
festival,jazz,male_04_IUS-M06201.wav,male,5,Unprocessed,0.8363,1.676,0.00,0.00
festival,jazz,male_04_IUS-M06201.wav,male,5,FIR_BP,0.7784,1.283,-6.36,-3.01
festival,jazz,male_04_IUS-M06201.wav,male,5,Parametric_Notch,0.8366,1.673,0.16,-0.09
festival,jazz,male_04_IUS-M06201.wav,male,5,Base_NLMS,0.7979,1.409,-2.84,-6.45
festival,jazz,male_04_IUS-M06201.wav,male,5,Leaky_NLMS,0.8263,1.533,-1.12,-4.91
festival,jazz,male_04_IUS-M06201.wav,male,5,Soft_VAD_Leaky,0.8255,1.582,0.02,-2.85
festival,jazz,male_05_IUS-M08201.wav,male,5,Unprocessed,0.8535,1.683,0.00,0.00
festival,jazz,male_05_IUS-M08201.wav,male,5,FIR_BP,0.8018,1.372,-6.21,-1.30
festival,jazz,male_05_IUS-M08201.wav,male,5,Parametric_Notch,0.8538,1.681,0.20,-0.08
festival,jazz,male_05_IUS-M08201.wav,male,5,Base_NLMS,0.8368,1.541,-1.14,-5.82
festival,jazz,male_05_IUS-M08201.wav,male,5,Leaky_NLMS,0.8613,1.623,0.43,-4.36
festival,jazz,male_05_IUS-M08201.wav,male,5,Soft_VAD_Leaky,0.8820,1.779,3.39,-1.85
festival,jazz,male_06_IUS-M10201.wav,male,5,Unprocessed,0.8858,1.928,0.00,0.00
festival,jazz,male_06_IUS-M10201.wav,male,5,FIR_BP,0.8201,1.390,-7.08,-1.36
festival,jazz,male_06_IUS-M10201.wav,male,5,Parametric_Notch,0.8860,1.926,0.18,-0.07
festival,jazz,male_06_IUS-M10201.wav,male,5,Base_NLMS,0.8494,1.577,-1.95,-5.50
festival,jazz,male_06_IUS-M10201.wav,male,5,Leaky_NLMS,0.8775,1.752,-0.03,-3.99
festival,jazz,male_06_IUS-M10201.wav,male,5,Soft_VAD_Leaky,0.8921,1.987,2.40,-1.77
festival,jazz,male_07_IUS-M12201.wav,male,5,Unprocessed,0.8448,1.685,0.00,0.00
festival,jazz,male_07_IUS-M12201.wav,male,5,FIR_BP,0.7794,1.325,-6.44,-1.37
festival,jazz,male_07_IUS-M12201.wav,male,5,Parametric_Notch,0.8449,1.682,0.22,-0.08
festival,jazz,male_07_IUS-M12201.wav,male,5,Base_NLMS,0.8238,1.521,-1.85,-5.12
festival,jazz,male_07_IUS-M12201.wav,male,5,Leaky_NLMS,0.8388,1.624,-0.24,-4.20
festival,jazz,male_07_IUS-M12201.wav,male,5,Soft_VAD_Leaky,0.8574,1.754,2.92,-1.50
festival,jazz,male_08_IUS-M14201.wav,male,5,Unprocessed,0.7484,1.737,0.00,0.00
festival,jazz,male_08_IUS-M14201.wav,male,5,FIR_BP,0.7072,1.404,-6.28,-1.24
festival,jazz,male_08_IUS-M14201.wav,male,5,Parametric_Notch,0.7480,1.735,0.22,-0.08
festival,jazz,male_08_IUS-M14201.wav,male,5,Base_NLMS,0.7248,1.438,-1.52,-6.33
festival,jazz,male_08_IUS-M14201.wav,male,5,Leaky_NLMS,0.7565,1.526,-0.15,-5.24
festival,jazz,male_08_IUS-M14201.wav,male,5,Soft_VAD_Leaky,0.7663,1.725,2.15,-2.52
festival,jazz,male_09_IUS-M16201.wav,male,5,Unprocessed,0.8167,1.775,0.00,0.00
festival,jazz,male_09_IUS-M16201.wav,male,5,FIR_BP,0.7577,1.335,-6.01,-1.89
festival,jazz,male_09_IUS-M16201.wav,male,5,Parametric_Notch,0.8167,1.773,0.19,-0.05
festival,jazz,male_09_IUS-M16201.wav,male,5,Base_NLMS,0.7410,1.478,-1.36,-5.82
festival,jazz,male_09_IUS-M16201.wav,male,5,Leaky_NLMS,0.7781,1.553,-0.11,-4.67
festival,jazz,male_09_IUS-M16201.wav,male,5,Soft_VAD_Leaky,0.7970,1.733,2.24,-2.21
festival,jazz,male_10_IUS-M18201.wav,male,5,Unprocessed,0.8113,1.798,0.00,0.00
festival,jazz,male_10_IUS-M18201.wav,male,5,FIR_BP,0.7554,1.373,-6.25,-1.38
festival,jazz,male_10_IUS-M18201.wav,male,5,Parametric_Notch,0.8113,1.795,0.20,-0.09
festival,jazz,male_10_IUS-M18201.wav,male,5,Base_NLMS,0.8025,1.538,-1.27,-5.29
festival,jazz,male_10_IUS-M18201.wav,male,5,Leaky_NLMS,0.8227,1.644,0.16,-4.26
festival,jazz,male_10_IUS-M18201.wav,male,5,Soft_VAD_Leaky,0.8387,1.835,2.57,-2.01
festival,jazz,female_01_IUS-F00202.wav,female,5,Unprocessed,0.6987,1.868,0.00,0.00
festival,jazz,female_01_IUS-F00202.wav,female,5,FIR_BP,0.6482,1.321,-5.60,-1.67
festival,jazz,female_01_IUS-F00202.wav,female,5,Parametric_Notch,0.6988,1.870,0.01,-0.09
festival,jazz,female_01_IUS-F00202.wav,female,5,Base_NLMS,0.6356,1.394,-1.27,-7.03
festival,jazz,female_01_IUS-F00202.wav,female,5,Leaky_NLMS,0.6651,1.534,0.15,-5.66
festival,jazz,female_01_IUS-F00202.wav,female,5,Soft_VAD_Leaky,0.7062,1.894,3.71,-2.32
festival,jazz,female_02_IUS-F02202.wav,female,5,Unprocessed,0.7587,1.649,0.00,0.00
festival,jazz,female_02_IUS-F02202.wav,female,5,FIR_BP,0.7221,1.259,-5.55,-2.63
festival,jazz,female_02_IUS-F02202.wav,female,5,Parametric_Notch,0.7587,1.648,0.05,-0.07
festival,jazz,female_02_IUS-F02202.wav,female,5,Base_NLMS,0.6933,1.323,-2.15,-7.47
festival,jazz,female_02_IUS-F02202.wav,female,5,Leaky_NLMS,0.7044,1.398,-0.88,-5.97
festival,jazz,female_02_IUS-F02202.wav,female,5,Soft_VAD_Leaky,0.7551,1.610,2.47,-2.73
festival,jazz,female_03_IUS-F04202.wav,female,5,Unprocessed,0.8412,1.748,0.00,0.00
festival,jazz,female_03_IUS-F04202.wav,female,5,FIR_BP,0.7986,1.293,-6.96,-2.16
festival,jazz,female_03_IUS-F04202.wav,female,5,Parametric_Notch,0.8414,1.747,0.08,-0.04
festival,jazz,female_03_IUS-F04202.wav,female,5,Base_NLMS,0.7329,1.355,-2.79,-6.33
festival,jazz,female_03_IUS-F04202.wav,female,5,Leaky_NLMS,0.7895,1.506,-0.97,-5.28
festival,jazz,female_03_IUS-F04202.wav,female,5,Soft_VAD_Leaky,0.8457,1.778,2.24,-2.30
festival,jazz,female_04_IUS-F06202.wav,female,5,Unprocessed,0.8768,1.742,-0.00,0.00
festival,jazz,female_04_IUS-F06202.wav,female,5,FIR_BP,0.8355,1.257,-5.94,-3.52
festival,jazz,female_04_IUS-F06202.wav,female,5,Parametric_Notch,0.8774,1.741,0.03,-0.09
festival,jazz,female_04_IUS-F06202.wav,female,5,Base_NLMS,0.8058,1.355,-2.51,-6.50
festival,jazz,female_04_IUS-F06202.wav,female,5,Leaky_NLMS,0.8230,1.431,-1.30,-5.53
festival,jazz,female_04_IUS-F06202.wav,female,5,Soft_VAD_Leaky,0.8612,1.600,0.88,-3.08
festival,jazz,female_05_IUS-F08202.wav,female,5,Unprocessed,0.8558,1.687,0.00,0.00
festival,jazz,female_05_IUS-F08202.wav,female,5,FIR_BP,0.8130,1.343,-6.19,-1.27
festival,jazz,female_05_IUS-F08202.wav,female,5,Parametric_Notch,0.8555,1.686,0.04,-0.06
festival,jazz,female_05_IUS-F08202.wav,female,5,Base_NLMS,0.8215,1.431,-1.71,-6.04
festival,jazz,female_05_IUS-F08202.wav,female,5,Leaky_NLMS,0.8470,1.542,-0.28,-4.93
festival,jazz,female_05_IUS-F08202.wav,female,5,Soft_VAD_Leaky,0.8781,1.808,2.92,-2.34
festival,jazz,female_06_IUS-F10202.wav,female,5,Unprocessed,0.9039,1.714,0.00,0.00
festival,jazz,female_06_IUS-F10202.wav,female,5,FIR_BP,0.8579,1.302,-7.34,-1.79
festival,jazz,female_06_IUS-F10202.wav,female,5,Parametric_Notch,0.9047,1.714,0.10,-0.05
festival,jazz,female_06_IUS-F10202.wav,female,5,Base_NLMS,0.8018,1.395,-2.24,-6.22
festival,jazz,female_06_IUS-F10202.wav,female,5,Leaky_NLMS,0.8537,1.536,-0.18,-4.81
festival,jazz,female_06_IUS-F10202.wav,female,5,Soft_VAD_Leaky,0.9025,1.772,2.87,-1.71
festival,jazz,female_07_IUS-F12202.wav,female,5,Unprocessed,0.8175,1.643,0.00,0.00
festival,jazz,female_07_IUS-F12202.wav,female,5,FIR_BP,0.7689,1.306,-6.53,-1.69
festival,jazz,female_07_IUS-F12202.wav,female,5,Parametric_Notch,0.8174,1.642,0.11,-0.05
festival,jazz,female_07_IUS-F12202.wav,female,5,Base_NLMS,0.7418,1.349,-2.59,-7.08
festival,jazz,female_07_IUS-F12202.wav,female,5,Leaky_NLMS,0.7757,1.423,-1.13,-6.00
festival,jazz,female_07_IUS-F12202.wav,female,5,Soft_VAD_Leaky,0.8233,1.691,2.76,-1.98
festival,jazz,female_08_IUS-F14202.wav,female,5,Unprocessed,0.8950,1.823,0.00,0.00
festival,jazz,female_08_IUS-F14202.wav,female,5,FIR_BP,0.8530,1.362,-6.77,-1.40
festival,jazz,female_08_IUS-F14202.wav,female,5,Parametric_Notch,0.8961,1.825,0.17,-0.09
festival,jazz,female_08_IUS-F14202.wav,female,5,Base_NLMS,0.8676,1.489,-0.58,-5.41
festival,jazz,female_08_IUS-F14202.wav,female,5,Leaky_NLMS,0.8807,1.667,0.97,-4.46
festival,jazz,female_08_IUS-F14202.wav,female,5,Soft_VAD_Leaky,0.9070,1.931,3.06,-1.94
festival,jazz,female_09_IUS-F16202.wav,female,5,Unprocessed,0.8248,1.574,0.00,0.00
festival,jazz,female_09_IUS-F16202.wav,female,5,FIR_BP,0.7804,1.279,-4.49,-1.76
festival,jazz,female_09_IUS-F16202.wav,female,5,Parametric_Notch,0.8248,1.572,-0.05,-0.09
festival,jazz,female_09_IUS-F16202.wav,female,5,Base_NLMS,0.8173,1.475,-0.65,-5.01
festival,jazz,female_09_IUS-F16202.wav,female,5,Leaky_NLMS,0.8187,1.527,0.57,-4.43
festival,jazz,female_09_IUS-F16202.wav,female,5,Soft_VAD_Leaky,0.8417,1.687,2.60,-2.42
festival,jazz,female_10_IUS-F18202.wav,female,5,Unprocessed,0.8812,1.832,0.00,0.00
festival,jazz,female_10_IUS-F18202.wav,female,5,FIR_BP,0.8334,1.337,-7.22,-1.59
festival,jazz,female_10_IUS-F18202.wav,female,5,Parametric_Notch,0.8809,1.830,0.15,-0.11
festival,jazz,female_10_IUS-F18202.wav,female,5,Base_NLMS,0.8350,1.474,-1.38,-5.36
festival,jazz,female_10_IUS-F18202.wav,female,5,Leaky_NLMS,0.8767,1.643,0.01,-4.35
festival,jazz,female_10_IUS-F18202.wav,female,5,Soft_VAD_Leaky,0.8943,1.894,2.58,-1.91
festival,jazz,male_01_IUS-M00201.wav,male,10,Unprocessed,0.9121,2.191,0.00,0.00
festival,jazz,male_01_IUS-M00201.wav,male,10,FIR_BP,0.8559,1.375,-10.00,-1.83
festival,jazz,male_01_IUS-M00201.wav,male,10,Parametric_Notch,0.9123,2.188,0.17,-0.04
festival,jazz,male_01_IUS-M00201.wav,male,10,Base_NLMS,0.7674,1.404,-7.30,-7.07
festival,jazz,male_01_IUS-M00201.wav,male,10,Leaky_NLMS,0.8389,1.549,-5.66,-5.93
festival,jazz,male_01_IUS-M00201.wav,male,10,Soft_VAD_Leaky,0.8935,1.911,-1.77,-2.28
festival,jazz,male_02_IUS-M02201.wav,male,10,Unprocessed,0.8898,2.099,0.00,0.00
festival,jazz,male_02_IUS-M02201.wav,male,10,FIR_BP,0.8285,1.348,-10.00,-2.77
festival,jazz,male_02_IUS-M02201.wav,male,10,Parametric_Notch,0.8902,2.095,0.01,-0.05
festival,jazz,male_02_IUS-M02201.wav,male,10,Base_NLMS,0.7647,1.443,-7.41,-6.62
festival,jazz,male_02_IUS-M02201.wav,male,10,Leaky_NLMS,0.8313,1.608,-5.63,-5.31
festival,jazz,male_02_IUS-M02201.wav,male,10,Soft_VAD_Leaky,0.8450,1.764,-3.39,-2.96
festival,jazz,male_03_IUS-M04201.wav,male,10,Unprocessed,0.8814,2.099,0.00,0.00
festival,jazz,male_03_IUS-M04201.wav,male,10,FIR_BP,0.8127,1.380,-10.00,-2.64
festival,jazz,male_03_IUS-M04201.wav,male,10,Parametric_Notch,0.8811,2.096,0.05,-0.04
festival,jazz,male_03_IUS-M04201.wav,male,10,Base_NLMS,0.7553,1.407,-8.20,-6.48
festival,jazz,male_03_IUS-M04201.wav,male,10,Leaky_NLMS,0.8230,1.543,-6.62,-5.44
festival,jazz,male_03_IUS-M04201.wav,male,10,Soft_VAD_Leaky,0.8541,1.870,-3.00,-2.04
festival,jazz,male_04_IUS-M06201.wav,male,10,Unprocessed,0.9099,2.089,0.00,0.00
festival,jazz,male_04_IUS-M06201.wav,male,10,FIR_BP,0.8454,1.341,-10.00,-3.25
festival,jazz,male_04_IUS-M06201.wav,male,10,Parametric_Notch,0.9096,2.085,-0.06,-0.06
festival,jazz,male_04_IUS-M06201.wav,male,10,Base_NLMS,0.8031,1.399,-7.98,-6.57
festival,jazz,male_04_IUS-M06201.wav,male,10,Leaky_NLMS,0.8559,1.583,-6.32,-5.24
festival,jazz,male_04_IUS-M06201.wav,male,10,Soft_VAD_Leaky,0.8643,1.726,-4.26,-2.55
festival,jazz,male_05_IUS-M08201.wav,male,10,Unprocessed,0.9237,2.089,0.00,0.00
festival,jazz,male_05_IUS-M08201.wav,male,10,FIR_BP,0.8611,1.439,-10.00,-0.90
festival,jazz,male_05_IUS-M08201.wav,male,10,Parametric_Notch,0.9235,2.088,0.13,-0.00
festival,jazz,male_05_IUS-M08201.wav,male,10,Base_NLMS,0.8361,1.541,-6.59,-5.86
festival,jazz,male_05_IUS-M08201.wav,male,10,Leaky_NLMS,0.8878,1.716,-4.82,-4.50
festival,jazz,male_05_IUS-M08201.wav,male,10,Soft_VAD_Leaky,0.9335,2.149,1.41,-1.16
festival,jazz,male_06_IUS-M10201.wav,male,10,Unprocessed,0.9466,2.506,0.00,0.00
festival,jazz,male_06_IUS-M10201.wav,male,10,FIR_BP,0.8778,1.439,-10.00,-0.91
festival,jazz,male_06_IUS-M10201.wav,male,10,Parametric_Notch,0.9465,2.503,0.08,-0.04
festival,jazz,male_06_IUS-M10201.wav,male,10,Base_NLMS,0.8539,1.525,-7.51,-5.74
festival,jazz,male_06_IUS-M10201.wav,male,10,Leaky_NLMS,0.9026,1.766,-5.48,-4.35
festival,jazz,male_06_IUS-M10201.wav,male,10,Soft_VAD_Leaky,0.9355,2.397,0.19,-1.33
festival,jazz,male_07_IUS-M12201.wav,male,10,Unprocessed,0.9048,2.100,0.00,0.00
festival,jazz,male_07_IUS-M12201.wav,male,10,FIR_BP,0.8324,1.383,-10.00,-0.85
festival,jazz,male_07_IUS-M12201.wav,male,10,Parametric_Notch,0.9046,2.097,0.15,-0.04
festival,jazz,male_07_IUS-M12201.wav,male,10,Base_NLMS,0.8114,1.495,-7.26,-5.07
festival,jazz,male_07_IUS-M12201.wav,male,10,Leaky_NLMS,0.8504,1.665,-5.54,-4.31
festival,jazz,male_07_IUS-M12201.wav,male,10,Soft_VAD_Leaky,0.8823,1.933,-0.00,-0.79
festival,jazz,male_08_IUS-M14201.wav,male,10,Unprocessed,0.8561,2.190,0.00,0.00
festival,jazz,male_08_IUS-M14201.wav,male,10,FIR_BP,0.8064,1.478,-10.00,-0.89
festival,jazz,male_08_IUS-M14201.wav,male,10,Parametric_Notch,0.8557,2.188,0.16,-0.04
festival,jazz,male_08_IUS-M14201.wav,male,10,Base_NLMS,0.7481,1.403,-7.05,-6.75
festival,jazz,male_08_IUS-M14201.wav,male,10,Leaky_NLMS,0.8268,1.549,-5.58,-5.83
festival,jazz,male_08_IUS-M14201.wav,male,10,Soft_VAD_Leaky,0.8591,2.039,-0.57,-2.07
festival,jazz,male_09_IUS-M16201.wav,male,10,Unprocessed,0.8822,2.259,0.00,0.00
festival,jazz,male_09_IUS-M16201.wav,male,10,FIR_BP,0.8173,1.388,-10.00,-1.61
festival,jazz,male_09_IUS-M16201.wav,male,10,Parametric_Notch,0.8822,2.257,0.10,-0.04
festival,jazz,male_09_IUS-M16201.wav,male,10,Base_NLMS,0.7427,1.439,-6.63,-5.61
festival,jazz,male_09_IUS-M16201.wav,male,10,Leaky_NLMS,0.8013,1.588,-5.13,-4.79
festival,jazz,male_09_IUS-M16201.wav,male,10,Soft_VAD_Leaky,0.8352,1.895,-1.31,-1.72
festival,jazz,male_10_IUS-M18201.wav,male,10,Unprocessed,0.8963,2.275,0.00,0.00
festival,jazz,male_10_IUS-M18201.wav,male,10,FIR_BP,0.8360,1.432,-10.00,-0.92
festival,jazz,male_10_IUS-M18201.wav,male,10,Parametric_Notch,0.8961,2.271,0.11,-0.04
festival,jazz,male_10_IUS-M18201.wav,male,10,Base_NLMS,0.8087,1.520,-6.79,-5.43
festival,jazz,male_10_IUS-M18201.wav,male,10,Leaky_NLMS,0.8604,1.703,-5.12,-4.18
festival,jazz,male_10_IUS-M18201.wav,male,10,Soft_VAD_Leaky,0.8939,2.107,-0.87,-1.58
festival,jazz,female_01_IUS-F00202.wav,female,10,Unprocessed,0.7488,2.428,0.00,0.00
festival,jazz,female_01_IUS-F00202.wav,female,10,FIR_BP,0.6943,1.362,-10.00,-1.39
festival,jazz,female_01_IUS-F00202.wav,female,10,Parametric_Notch,0.7486,2.426,-0.26,-0.07
festival,jazz,female_01_IUS-F00202.wav,female,10,Base_NLMS,0.6264,1.325,-6.76,-7.32
festival,jazz,female_01_IUS-F00202.wav,female,10,Leaky_NLMS,0.6667,1.472,-5.38,-6.45
festival,jazz,female_01_IUS-F00202.wav,female,10,Soft_VAD_Leaky,0.7459,2.248,1.08,-1.52
festival,jazz,female_02_IUS-F02202.wav,female,10,Unprocessed,0.8190,2.020,0.00,0.00
festival,jazz,female_02_IUS-F02202.wav,female,10,FIR_BP,0.7757,1.302,-10.00,-2.58
festival,jazz,female_02_IUS-F02202.wav,female,10,Parametric_Notch,0.8188,2.018,-0.12,-0.02
festival,jazz,female_02_IUS-F02202.wav,female,10,Base_NLMS,0.6834,1.293,-7.52,-7.74
festival,jazz,female_02_IUS-F02202.wav,female,10,Leaky_NLMS,0.7155,1.390,-6.31,-6.73
festival,jazz,female_02_IUS-F02202.wav,female,10,Soft_VAD_Leaky,0.7889,1.728,-2.18,-2.92
festival,jazz,female_03_IUS-F04202.wav,female,10,Unprocessed,0.9057,2.193,0.00,0.00
festival,jazz,female_03_IUS-F04202.wav,female,10,FIR_BP,0.8556,1.338,-10.00,-2.05
festival,jazz,female_03_IUS-F04202.wav,female,10,Parametric_Notch,0.9060,2.191,-0.00,-0.03
festival,jazz,female_03_IUS-F04202.wav,female,10,Base_NLMS,0.7300,1.311,-8.23,-6.72
festival,jazz,female_03_IUS-F04202.wav,female,10,Leaky_NLMS,0.7931,1.463,-6.71,-6.04
festival,jazz,female_03_IUS-F04202.wav,female,10,Soft_VAD_Leaky,0.8864,1.980,-1.27,-1.57
festival,jazz,female_04_IUS-F06202.wav,female,10,Unprocessed,0.9253,2.168,0.00,0.00
festival,jazz,female_04_IUS-F06202.wav,female,10,FIR_BP,0.8793,1.293,-10.00,-3.63
festival,jazz,female_04_IUS-F06202.wav,female,10,Parametric_Notch,0.9255,2.166,-0.25,-0.07
festival,jazz,female_04_IUS-F06202.wav,female,10,Base_NLMS,0.7921,1.305,-7.78,-6.47
festival,jazz,female_04_IUS-F06202.wav,female,10,Leaky_NLMS,0.8253,1.396,-6.64,-5.90
festival,jazz,female_04_IUS-F06202.wav,female,10,Soft_VAD_Leaky,0.8643,1.595,-4.06,-2.97
festival,jazz,female_05_IUS-F08202.wav,female,10,Unprocessed,0.9207,2.097,0.00,0.00
festival,jazz,female_05_IUS-F08202.wav,female,10,FIR_BP,0.8665,1.401,-10.00,-0.89
festival,jazz,female_05_IUS-F08202.wav,female,10,Parametric_Notch,0.9202,2.095,-0.13,-0.04
festival,jazz,female_05_IUS-F08202.wav,female,10,Base_NLMS,0.7903,1.372,-7.26,-6.13
festival,jazz,female_05_IUS-F08202.wav,female,10,Leaky_NLMS,0.8599,1.551,-5.67,-5.46
festival,jazz,female_05_IUS-F08202.wav,female,10,Soft_VAD_Leaky,0.9224,2.150,-0.03,-1.68
festival,jazz,female_06_IUS-F10202.wav,female,10,Unprocessed,0.9552,2.123,0.00,0.00
festival,jazz,female_06_IUS-F10202.wav,female,10,FIR_BP,0.9058,1.347,-10.00,-1.43
festival,jazz,female_06_IUS-F10202.wav,female,10,Parametric_Notch,0.9554,2.122,0.01,0.00
festival,jazz,female_06_IUS-F10202.wav,female,10,Base_NLMS,0.7826,1.355,-7.72,-6.61
festival,jazz,female_06_IUS-F10202.wav,female,10,Leaky_NLMS,0.8533,1.528,-5.75,-5.36
festival,jazz,female_06_IUS-F10202.wav,female,10,Soft_VAD_Leaky,0.9164,1.917,-0.51,-1.07
festival,jazz,female_07_IUS-F12202.wav,female,10,Unprocessed,0.8873,2.048,0.00,0.00
festival,jazz,female_07_IUS-F12202.wav,female,10,FIR_BP,0.8285,1.368,-10.00,-1.39
festival,jazz,female_07_IUS-F12202.wav,female,10,Parametric_Notch,0.8872,2.048,0.07,0.00
festival,jazz,female_07_IUS-F12202.wav,female,10,Base_NLMS,0.7411,1.324,-7.89,-7.47
festival,jazz,female_07_IUS-F12202.wav,female,10,Leaky_NLMS,0.7982,1.429,-6.47,-6.77
festival,jazz,female_07_IUS-F12202.wav,female,10,Soft_VAD_Leaky,0.8745,1.920,0.03,-1.10
festival,jazz,female_08_IUS-F14202.wav,female,10,Unprocessed,0.9486,2.348,0.00,0.00
festival,jazz,female_08_IUS-F14202.wav,female,10,FIR_BP,0.9000,1.403,-10.00,-0.99
festival,jazz,female_08_IUS-F14202.wav,female,10,Parametric_Notch,0.9491,2.348,0.06,-0.05
festival,jazz,female_08_IUS-F14202.wav,female,10,Base_NLMS,0.8565,1.428,-6.13,-5.43
festival,jazz,female_08_IUS-F14202.wav,female,10,Leaky_NLMS,0.8859,1.620,-4.51,-4.93
festival,jazz,female_08_IUS-F14202.wav,female,10,Soft_VAD_Leaky,0.9438,2.322,1.10,-1.24
festival,jazz,female_09_IUS-F16202.wav,female,10,Unprocessed,0.8812,1.935,0.00,0.00
festival,jazz,female_09_IUS-F16202.wav,female,10,FIR_BP,0.8282,1.335,-8.78,-1.30
festival,jazz,female_09_IUS-F16202.wav,female,10,Parametric_Notch,0.8811,1.930,-0.39,-0.06
festival,jazz,female_09_IUS-F16202.wav,female,10,Base_NLMS,0.7912,1.425,-6.32,-5.03
festival,jazz,female_09_IUS-F16202.wav,female,10,Leaky_NLMS,0.8319,1.549,-4.91,-4.83
festival,jazz,female_09_IUS-F16202.wav,female,10,Soft_VAD_Leaky,0.8770,1.903,-1.35,-1.85
festival,jazz,female_10_IUS-F18202.wav,female,10,Unprocessed,0.9374,2.333,0.00,0.00
festival,jazz,female_10_IUS-F18202.wav,female,10,FIR_BP,0.8841,1.377,-10.00,-1.15
festival,jazz,female_10_IUS-F18202.wav,female,10,Parametric_Notch,0.9372,2.329,-0.09,-0.07
festival,jazz,female_10_IUS-F18202.wav,female,10,Base_NLMS,0.8135,1.413,-6.98,-5.57
festival,jazz,female_10_IUS-F18202.wav,female,10,Leaky_NLMS,0.8739,1.632,-5.39,-4.72
festival,jazz,female_10_IUS-F18202.wav,female,10,Soft_VAD_Leaky,0.9169,2.134,-0.24,-1.37
festival,rock,male_01_IUS-M00201.wav,male,-15,Unprocessed,0.3776,1.217,0.00,0.00
festival,rock,male_01_IUS-M00201.wav,male,-15,FIR_BP,0.3752,1.203,6.31,-6.77
festival,rock,male_01_IUS-M00201.wav,male,-15,Parametric_Notch,0.3783,1.220,0.42,-0.42
festival,rock,male_01_IUS-M00201.wav,male,-15,Base_NLMS,0.4330,1.211,10.22,-10.02
festival,rock,male_01_IUS-M00201.wav,male,-15,Leaky_NLMS,0.3786,1.236,7.10,-6.95
festival,rock,male_01_IUS-M00201.wav,male,-15,Soft_VAD_Leaky,0.3742,1.236,6.36,-6.21
festival,rock,male_02_IUS-M02201.wav,male,-15,Unprocessed,0.3990,1.235,0.00,0.00
festival,rock,male_02_IUS-M02201.wav,male,-15,FIR_BP,0.3937,1.198,6.25,-6.79
festival,rock,male_02_IUS-M02201.wav,male,-15,Parametric_Notch,0.3993,1.236,0.40,-0.41
festival,rock,male_02_IUS-M02201.wav,male,-15,Base_NLMS,0.4543,1.220,10.36,-10.22
festival,rock,male_02_IUS-M02201.wav,male,-15,Leaky_NLMS,0.4086,1.246,7.17,-7.03
festival,rock,male_02_IUS-M02201.wav,male,-15,Soft_VAD_Leaky,0.4044,1.252,6.36,-6.19
festival,rock,male_03_IUS-M04201.wav,male,-15,Unprocessed,0.3031,1.230,0.00,0.00
festival,rock,male_03_IUS-M04201.wav,male,-15,FIR_BP,0.2985,1.200,6.30,-6.81
festival,rock,male_03_IUS-M04201.wav,male,-15,Parametric_Notch,0.3000,1.229,0.39,-0.40
festival,rock,male_03_IUS-M04201.wav,male,-15,Base_NLMS,0.3998,1.233,10.07,-9.96
festival,rock,male_03_IUS-M04201.wav,male,-15,Leaky_NLMS,0.3070,1.246,7.23,-7.08
festival,rock,male_03_IUS-M04201.wav,male,-15,Soft_VAD_Leaky,0.3068,1.255,6.30,-6.06
festival,rock,male_04_IUS-M06201.wav,male,-15,Unprocessed,0.4542,1.252,0.00,0.00
festival,rock,male_04_IUS-M06201.wav,male,-15,FIR_BP,0.4480,1.204,6.17,-6.73
festival,rock,male_04_IUS-M06201.wav,male,-15,Parametric_Notch,0.4565,1.252,0.42,-0.43
festival,rock,male_04_IUS-M06201.wav,male,-15,Base_NLMS,0.5366,1.247,9.71,-9.65
festival,rock,male_04_IUS-M06201.wav,male,-15,Leaky_NLMS,0.4817,1.261,7.07,-6.97
festival,rock,male_04_IUS-M06201.wav,male,-15,Soft_VAD_Leaky,0.4781,1.266,6.11,-6.00
festival,rock,male_05_IUS-M08201.wav,male,-15,Unprocessed,0.4368,1.213,0.00,0.00
festival,rock,male_05_IUS-M08201.wav,male,-15,FIR_BP,0.4371,1.227,6.24,-6.74
festival,rock,male_05_IUS-M08201.wav,male,-15,Parametric_Notch,0.4382,1.216,0.39,-0.40
festival,rock,male_05_IUS-M08201.wav,male,-15,Base_NLMS,0.4982,1.226,10.47,-10.16
festival,rock,male_05_IUS-M08201.wav,male,-15,Leaky_NLMS,0.4465,1.247,7.33,-7.14
festival,rock,male_05_IUS-M08201.wav,male,-15,Soft_VAD_Leaky,0.4403,1.242,6.40,-6.23
festival,rock,male_06_IUS-M10201.wav,male,-15,Unprocessed,0.4703,1.208,0.00,0.00
festival,rock,male_06_IUS-M10201.wav,male,-15,FIR_BP,0.4717,1.224,6.12,-6.62
festival,rock,male_06_IUS-M10201.wav,male,-15,Parametric_Notch,0.4686,1.212,0.38,-0.39
festival,rock,male_06_IUS-M10201.wav,male,-15,Base_NLMS,0.5761,1.237,10.35,-9.96
festival,rock,male_06_IUS-M10201.wav,male,-15,Leaky_NLMS,0.5125,1.254,7.30,-7.08
festival,rock,male_06_IUS-M10201.wav,male,-15,Soft_VAD_Leaky,0.5022,1.254,6.31,-6.08
festival,rock,male_07_IUS-M12201.wav,male,-15,Unprocessed,0.4399,1.208,0.00,0.00
festival,rock,male_07_IUS-M12201.wav,male,-15,FIR_BP,0.4332,1.212,6.30,-6.74
festival,rock,male_07_IUS-M12201.wav,male,-15,Parametric_Notch,0.4372,1.210,0.42,-0.42
festival,rock,male_07_IUS-M12201.wav,male,-15,Base_NLMS,0.5507,1.231,10.24,-9.94
festival,rock,male_07_IUS-M12201.wav,male,-15,Leaky_NLMS,0.4864,1.244,7.11,-7.00
festival,rock,male_07_IUS-M12201.wav,male,-15,Soft_VAD_Leaky,0.4726,1.245,6.09,-5.93
festival,rock,male_08_IUS-M14201.wav,male,-15,Unprocessed,0.3975,1.207,0.00,0.00
festival,rock,male_08_IUS-M14201.wav,male,-15,FIR_BP,0.3926,1.216,6.19,-6.74
festival,rock,male_08_IUS-M14201.wav,male,-15,Parametric_Notch,0.3971,1.210,0.39,-0.39
festival,rock,male_08_IUS-M14201.wav,male,-15,Base_NLMS,0.4769,1.224,10.64,-10.23
festival,rock,male_08_IUS-M14201.wav,male,-15,Leaky_NLMS,0.4245,1.239,7.34,-7.05
festival,rock,male_08_IUS-M14201.wav,male,-15,Soft_VAD_Leaky,0.4208,1.239,6.32,-6.07
festival,rock,male_09_IUS-M16201.wav,male,-15,Unprocessed,0.3464,1.218,0.00,0.00
festival,rock,male_09_IUS-M16201.wav,male,-15,FIR_BP,0.3437,1.214,6.24,-6.70
festival,rock,male_09_IUS-M16201.wav,male,-15,Parametric_Notch,0.3455,1.221,0.39,-0.39
festival,rock,male_09_IUS-M16201.wav,male,-15,Base_NLMS,0.4417,1.243,10.67,-10.28
festival,rock,male_09_IUS-M16201.wav,male,-15,Leaky_NLMS,0.3674,1.259,7.33,-7.10
festival,rock,male_09_IUS-M16201.wav,male,-15,Soft_VAD_Leaky,0.3646,1.261,6.29,-6.08
festival,rock,male_10_IUS-M18201.wav,male,-15,Unprocessed,0.4583,1.225,0.00,0.00
festival,rock,male_10_IUS-M18201.wav,male,-15,FIR_BP,0.4697,1.232,6.19,-6.68
festival,rock,male_10_IUS-M18201.wav,male,-15,Parametric_Notch,0.4594,1.227,0.41,-0.42
festival,rock,male_10_IUS-M18201.wav,male,-15,Base_NLMS,0.5125,1.239,10.36,-10.09
festival,rock,male_10_IUS-M18201.wav,male,-15,Leaky_NLMS,0.4662,1.260,7.14,-7.04
festival,rock,male_10_IUS-M18201.wav,male,-15,Soft_VAD_Leaky,0.4600,1.260,6.18,-6.06
festival,rock,female_01_IUS-F00202.wav,female,-15,Unprocessed,0.3685,1.197,0.00,0.00
festival,rock,female_01_IUS-F00202.wav,female,-15,FIR_BP,0.3522,1.200,6.40,-6.81
festival,rock,female_01_IUS-F00202.wav,female,-15,Parametric_Notch,0.3638,1.196,0.35,-0.35
festival,rock,female_01_IUS-F00202.wav,female,-15,Base_NLMS,0.4107,1.209,11.02,-10.80
festival,rock,female_01_IUS-F00202.wav,female,-15,Leaky_NLMS,0.3850,1.233,7.46,-7.31
festival,rock,female_01_IUS-F00202.wav,female,-15,Soft_VAD_Leaky,0.3811,1.234,6.88,-6.71
festival,rock,female_02_IUS-F02202.wav,female,-15,Unprocessed,0.3850,1.236,0.00,0.00
festival,rock,female_02_IUS-F02202.wav,female,-15,FIR_BP,0.3747,1.189,6.42,-6.87
festival,rock,female_02_IUS-F02202.wav,female,-15,Parametric_Notch,0.3814,1.234,0.36,-0.36
festival,rock,female_02_IUS-F02202.wav,female,-15,Base_NLMS,0.4733,1.223,10.85,-10.74
festival,rock,female_02_IUS-F02202.wav,female,-15,Leaky_NLMS,0.4097,1.245,7.43,-7.29
festival,rock,female_02_IUS-F02202.wav,female,-15,Soft_VAD_Leaky,0.4057,1.250,6.49,-6.31
festival,rock,female_03_IUS-F04202.wav,female,-15,Unprocessed,0.3413,1.220,0.00,0.00
festival,rock,female_03_IUS-F04202.wav,female,-15,FIR_BP,0.3390,1.189,6.14,-6.77
festival,rock,female_03_IUS-F04202.wav,female,-15,Parametric_Notch,0.3390,1.214,0.35,-0.35
festival,rock,female_03_IUS-F04202.wav,female,-15,Base_NLMS,0.4478,1.234,10.47,-10.32
festival,rock,female_03_IUS-F04202.wav,female,-15,Leaky_NLMS,0.3725,1.239,7.38,-7.28
festival,rock,female_03_IUS-F04202.wav,female,-15,Soft_VAD_Leaky,0.3742,1.242,6.58,-6.44
festival,rock,female_04_IUS-F06202.wav,female,-15,Unprocessed,0.4626,1.239,0.00,0.00
festival,rock,female_04_IUS-F06202.wav,female,-15,FIR_BP,0.4446,1.178,6.45,-6.88
festival,rock,female_04_IUS-F06202.wav,female,-15,Parametric_Notch,0.4630,1.233,0.36,-0.36
festival,rock,female_04_IUS-F06202.wav,female,-15,Base_NLMS,0.5279,1.225,10.42,-10.43
festival,rock,female_04_IUS-F06202.wav,female,-15,Leaky_NLMS,0.4709,1.252,7.34,-7.30
festival,rock,female_04_IUS-F06202.wav,female,-15,Soft_VAD_Leaky,0.4707,1.254,6.46,-6.37
festival,rock,female_05_IUS-F08202.wav,female,-15,Unprocessed,0.4762,1.211,0.00,0.00
festival,rock,female_05_IUS-F08202.wav,female,-15,FIR_BP,0.4723,1.220,6.28,-6.71
festival,rock,female_05_IUS-F08202.wav,female,-15,Parametric_Notch,0.4760,1.210,0.35,-0.35
festival,rock,female_05_IUS-F08202.wav,female,-15,Base_NLMS,0.6064,1.253,10.88,-10.30
festival,rock,female_05_IUS-F08202.wav,female,-15,Leaky_NLMS,0.5245,1.264,7.49,-7.17
festival,rock,female_05_IUS-F08202.wav,female,-15,Soft_VAD_Leaky,0.5229,1.256,6.60,-6.33
festival,rock,female_06_IUS-F10202.wav,female,-15,Unprocessed,0.4238,1.214,0.00,0.00
festival,rock,female_06_IUS-F10202.wav,female,-15,FIR_BP,0.4125,1.199,6.08,-6.75
festival,rock,female_06_IUS-F10202.wav,female,-15,Parametric_Notch,0.4224,1.214,0.36,-0.36
festival,rock,female_06_IUS-F10202.wav,female,-15,Base_NLMS,0.5235,1.243,10.95,-10.46
festival,rock,female_06_IUS-F10202.wav,female,-15,Leaky_NLMS,0.4463,1.258,7.50,-7.21
festival,rock,female_06_IUS-F10202.wav,female,-15,Soft_VAD_Leaky,0.4458,1.257,6.52,-6.27
festival,rock,female_07_IUS-F12202.wav,female,-15,Unprocessed,0.3952,1.211,0.00,0.00
festival,rock,female_07_IUS-F12202.wav,female,-15,FIR_BP,0.3697,1.193,6.22,-6.77
festival,rock,female_07_IUS-F12202.wav,female,-15,Parametric_Notch,0.3927,1.209,0.35,-0.35
festival,rock,female_07_IUS-F12202.wav,female,-15,Base_NLMS,0.4914,1.225,10.32,-10.24
festival,rock,female_07_IUS-F12202.wav,female,-15,Leaky_NLMS,0.4180,1.235,7.40,-7.25
festival,rock,female_07_IUS-F12202.wav,female,-15,Soft_VAD_Leaky,0.4201,1.239,6.51,-6.31
festival,rock,female_08_IUS-F14202.wav,female,-15,Unprocessed,0.5259,1.189,0.00,0.00
festival,rock,female_08_IUS-F14202.wav,female,-15,FIR_BP,0.5179,1.214,6.23,-6.76
festival,rock,female_08_IUS-F14202.wav,female,-15,Parametric_Notch,0.5250,1.189,0.38,-0.39
festival,rock,female_08_IUS-F14202.wav,female,-15,Base_NLMS,0.5696,1.248,10.87,-10.37
festival,rock,female_08_IUS-F14202.wav,female,-15,Leaky_NLMS,0.5336,1.264,7.42,-7.17
festival,rock,female_08_IUS-F14202.wav,female,-15,Soft_VAD_Leaky,0.5307,1.253,6.40,-6.20
festival,rock,female_09_IUS-F16202.wav,female,-15,Unprocessed,0.4562,1.188,0.00,0.00
festival,rock,female_09_IUS-F16202.wav,female,-15,FIR_BP,0.4515,1.180,6.55,-6.82
festival,rock,female_09_IUS-F16202.wav,female,-15,Parametric_Notch,0.4561,1.184,0.35,-0.35
festival,rock,female_09_IUS-F16202.wav,female,-15,Base_NLMS,0.5297,1.229,10.75,-10.37
festival,rock,female_09_IUS-F16202.wav,female,-15,Leaky_NLMS,0.4705,1.226,7.45,-7.28
festival,rock,female_09_IUS-F16202.wav,female,-15,Soft_VAD_Leaky,0.4702,1.224,6.52,-6.38
festival,rock,female_10_IUS-F18202.wav,female,-15,Unprocessed,0.4143,1.217,0.00,0.00
festival,rock,female_10_IUS-F18202.wav,female,-15,FIR_BP,0.3937,1.218,5.98,-6.66
festival,rock,female_10_IUS-F18202.wav,female,-15,Parametric_Notch,0.4086,1.216,0.42,-0.41
festival,rock,female_10_IUS-F18202.wav,female,-15,Base_NLMS,0.4964,1.242,10.12,-9.77
festival,rock,female_10_IUS-F18202.wav,female,-15,Leaky_NLMS,0.4497,1.272,7.11,-6.90
festival,rock,female_10_IUS-F18202.wav,female,-15,Soft_VAD_Leaky,0.4410,1.268,6.08,-5.87
festival,rock,male_01_IUS-M00201.wav,male,-10,Unprocessed,0.4599,1.263,0.00,0.00
festival,rock,male_01_IUS-M00201.wav,male,-10,FIR_BP,0.4558,1.237,5.15,-6.39
festival,rock,male_01_IUS-M00201.wav,male,-10,Parametric_Notch,0.4612,1.267,0.41,-0.41
festival,rock,male_01_IUS-M00201.wav,male,-10,Base_NLMS,0.5364,1.268,9.47,-9.08
festival,rock,male_01_IUS-M00201.wav,male,-10,Leaky_NLMS,0.4680,1.289,6.89,-6.51
festival,rock,male_01_IUS-M00201.wav,male,-10,Soft_VAD_Leaky,0.4638,1.292,5.96,-5.54
festival,rock,male_02_IUS-M02201.wav,male,-10,Unprocessed,0.4822,1.282,0.00,0.00
festival,rock,male_02_IUS-M02201.wav,male,-10,FIR_BP,0.4774,1.225,4.99,-6.49
festival,rock,male_02_IUS-M02201.wav,male,-10,Parametric_Notch,0.4823,1.282,0.38,-0.41
festival,rock,male_02_IUS-M02201.wav,male,-10,Base_NLMS,0.5559,1.275,9.52,-9.34
festival,rock,male_02_IUS-M02201.wav,male,-10,Leaky_NLMS,0.5018,1.297,6.88,-6.59
festival,rock,male_02_IUS-M02201.wav,male,-10,Soft_VAD_Leaky,0.4973,1.308,6.03,-5.59
festival,rock,male_03_IUS-M04201.wav,male,-10,Unprocessed,0.3902,1.278,0.00,0.00
festival,rock,male_03_IUS-M04201.wav,male,-10,FIR_BP,0.3812,1.232,5.00,-6.42
festival,rock,male_03_IUS-M04201.wav,male,-10,Parametric_Notch,0.3876,1.278,0.38,-0.40
festival,rock,male_03_IUS-M04201.wav,male,-10,Base_NLMS,0.4937,1.282,8.82,-8.94
festival,rock,male_03_IUS-M04201.wav,male,-10,Leaky_NLMS,0.4089,1.297,6.89,-6.65
festival,rock,male_03_IUS-M04201.wav,male,-10,Soft_VAD_Leaky,0.4065,1.313,6.03,-5.50
festival,rock,male_04_IUS-M06201.wav,male,-10,Unprocessed,0.5440,1.297,0.00,0.00
festival,rock,male_04_IUS-M06201.wav,male,-10,FIR_BP,0.5319,1.228,4.91,-6.43
festival,rock,male_04_IUS-M06201.wav,male,-10,Parametric_Notch,0.5455,1.297,0.41,-0.42
festival,rock,male_04_IUS-M06201.wav,male,-10,Base_NLMS,0.6346,1.304,8.65,-8.79
festival,rock,male_04_IUS-M06201.wav,male,-10,Leaky_NLMS,0.5707,1.309,6.71,-6.60
festival,rock,male_04_IUS-M06201.wav,male,-10,Soft_VAD_Leaky,0.5721,1.317,5.92,-5.64
festival,rock,male_05_IUS-M08201.wav,male,-10,Unprocessed,0.5136,1.254,0.00,0.00
festival,rock,male_05_IUS-M08201.wav,male,-10,FIR_BP,0.5128,1.266,5.00,-6.21
festival,rock,male_05_IUS-M08201.wav,male,-10,Parametric_Notch,0.5151,1.258,0.38,-0.39
festival,rock,male_05_IUS-M08201.wav,male,-10,Base_NLMS,0.6123,1.283,9.72,-9.12
festival,rock,male_05_IUS-M08201.wav,male,-10,Leaky_NLMS,0.5323,1.305,7.15,-6.58
festival,rock,male_05_IUS-M08201.wav,male,-10,Soft_VAD_Leaky,0.5263,1.299,6.20,-5.63
festival,rock,male_06_IUS-M10201.wav,male,-10,Unprocessed,0.5586,1.263,0.00,0.00
festival,rock,male_06_IUS-M10201.wav,male,-10,FIR_BP,0.5651,1.275,4.68,-6.04
festival,rock,male_06_IUS-M10201.wav,male,-10,Parametric_Notch,0.5573,1.269,0.37,-0.38
festival,rock,male_06_IUS-M10201.wav,male,-10,Base_NLMS,0.6732,1.311,9.46,-8.69
festival,rock,male_06_IUS-M10201.wav,male,-10,Leaky_NLMS,0.6003,1.330,7.07,-6.46
festival,rock,male_06_IUS-M10201.wav,male,-10,Soft_VAD_Leaky,0.5916,1.334,6.19,-5.56
festival,rock,male_07_IUS-M12201.wav,male,-10,Unprocessed,0.5378,1.256,0.00,0.00
festival,rock,male_07_IUS-M12201.wav,male,-10,FIR_BP,0.5271,1.254,5.04,-6.21
festival,rock,male_07_IUS-M12201.wav,male,-10,Parametric_Notch,0.5349,1.259,0.41,-0.41
festival,rock,male_07_IUS-M12201.wav,male,-10,Base_NLMS,0.6652,1.296,9.45,-8.84
festival,rock,male_07_IUS-M12201.wav,male,-10,Leaky_NLMS,0.5879,1.304,6.89,-6.44
festival,rock,male_07_IUS-M12201.wav,male,-10,Soft_VAD_Leaky,0.5752,1.309,5.94,-5.40
festival,rock,male_08_IUS-M14201.wav,male,-10,Unprocessed,0.4666,1.251,0.00,0.00
festival,rock,male_08_IUS-M14201.wav,male,-10,FIR_BP,0.4596,1.261,4.91,-6.23
festival,rock,male_08_IUS-M14201.wav,male,-10,Parametric_Notch,0.4663,1.256,0.38,-0.38
festival,rock,male_08_IUS-M14201.wav,male,-10,Base_NLMS,0.5467,1.278,9.94,-9.23
festival,rock,male_08_IUS-M14201.wav,male,-10,Leaky_NLMS,0.4957,1.296,7.20,-6.55
festival,rock,male_08_IUS-M14201.wav,male,-10,Soft_VAD_Leaky,0.4940,1.297,6.20,-5.58
festival,rock,male_09_IUS-M16201.wav,male,-10,Unprocessed,0.4143,1.266,0.00,0.00
festival,rock,male_09_IUS-M16201.wav,male,-10,FIR_BP,0.4110,1.252,5.03,-6.25
festival,rock,male_09_IUS-M16201.wav,male,-10,Parametric_Notch,0.4132,1.269,0.38,-0.35
festival,rock,male_09_IUS-M16201.wav,male,-10,Base_NLMS,0.5385,1.321,10.05,-9.19
festival,rock,male_09_IUS-M16201.wav,male,-10,Leaky_NLMS,0.4428,1.324,7.17,-6.53
festival,rock,male_09_IUS-M16201.wav,male,-10,Soft_VAD_Leaky,0.4421,1.329,6.14,-5.54
festival,rock,male_10_IUS-M18201.wav,male,-10,Unprocessed,0.5238,1.274,0.00,0.00
festival,rock,male_10_IUS-M18201.wav,male,-10,FIR_BP,0.5340,1.276,4.97,-6.18
festival,rock,male_10_IUS-M18201.wav,male,-10,Parametric_Notch,0.5249,1.278,0.40,-0.41
festival,rock,male_10_IUS-M18201.wav,male,-10,Base_NLMS,0.6032,1.308,9.68,-8.98
festival,rock,male_10_IUS-M18201.wav,male,-10,Leaky_NLMS,0.5368,1.326,6.93,-6.49
festival,rock,male_10_IUS-M18201.wav,male,-10,Soft_VAD_Leaky,0.5320,1.328,6.05,-5.60
festival,rock,female_01_IUS-F00202.wav,female,-10,Unprocessed,0.4341,1.240,0.00,0.00
festival,rock,female_01_IUS-F00202.wav,female,-10,FIR_BP,0.4163,1.236,5.31,-6.42
festival,rock,female_01_IUS-F00202.wav,female,-10,Parametric_Notch,0.4296,1.239,0.34,-0.34
festival,rock,female_01_IUS-F00202.wav,female,-10,Base_NLMS,0.4847,1.260,10.28,-9.93
festival,rock,female_01_IUS-F00202.wav,female,-10,Leaky_NLMS,0.4532,1.287,7.22,-6.89
festival,rock,female_01_IUS-F00202.wav,female,-10,Soft_VAD_Leaky,0.4491,1.291,6.49,-6.07
festival,rock,female_02_IUS-F02202.wav,female,-10,Unprocessed,0.4456,1.278,0.00,0.00
festival,rock,female_02_IUS-F02202.wav,female,-10,FIR_BP,0.4299,1.210,5.34,-6.59
festival,rock,female_02_IUS-F02202.wav,female,-10,Parametric_Notch,0.4425,1.274,0.35,-0.35
festival,rock,female_02_IUS-F02202.wav,female,-10,Base_NLMS,0.5576,1.271,9.75,-9.89
festival,rock,female_02_IUS-F02202.wav,female,-10,Leaky_NLMS,0.4832,1.288,7.12,-6.93
festival,rock,female_02_IUS-F02202.wav,female,-10,Soft_VAD_Leaky,0.4792,1.297,6.22,-5.85
festival,rock,female_03_IUS-F04202.wav,female,-10,Unprocessed,0.4395,1.269,0.00,0.00
festival,rock,female_03_IUS-F04202.wav,female,-10,FIR_BP,0.4332,1.216,4.71,-6.32
festival,rock,female_03_IUS-F04202.wav,female,-10,Parametric_Notch,0.4371,1.260,0.34,-0.34
festival,rock,female_03_IUS-F04202.wav,female,-10,Base_NLMS,0.5513,1.289,9.21,-9.18
festival,rock,female_03_IUS-F04202.wav,female,-10,Leaky_NLMS,0.4797,1.293,7.01,-6.76
festival,rock,female_03_IUS-F04202.wav,female,-10,Soft_VAD_Leaky,0.4805,1.300,6.22,-5.84
festival,rock,female_04_IUS-F06202.wav,female,-10,Unprocessed,0.5404,1.281,0.00,0.00
festival,rock,female_04_IUS-F06202.wav,female,-10,FIR_BP,0.5190,1.196,5.32,-6.70
festival,rock,female_04_IUS-F06202.wav,female,-10,Parametric_Notch,0.5406,1.272,0.35,-0.35
festival,rock,female_04_IUS-F06202.wav,female,-10,Base_NLMS,0.6119,1.278,9.16,-9.36
festival,rock,female_04_IUS-F06202.wav,female,-10,Leaky_NLMS,0.5580,1.296,6.92,-6.92
festival,rock,female_04_IUS-F06202.wav,female,-10,Soft_VAD_Leaky,0.5559,1.300,6.14,-6.00
festival,rock,female_05_IUS-F08202.wav,female,-10,Unprocessed,0.5643,1.261,0.00,0.00
festival,rock,female_05_IUS-F08202.wav,female,-10,FIR_BP,0.5542,1.263,5.05,-6.18
festival,rock,female_05_IUS-F08202.wav,female,-10,Parametric_Notch,0.5641,1.260,0.34,-0.33
festival,rock,female_05_IUS-F08202.wav,female,-10,Base_NLMS,0.7075,1.325,10.13,-9.27
festival,rock,female_05_IUS-F08202.wav,female,-10,Leaky_NLMS,0.6221,1.335,7.30,-6.61
festival,rock,female_05_IUS-F08202.wav,female,-10,Soft_VAD_Leaky,0.6189,1.327,6.38,-5.73
festival,rock,female_06_IUS-F10202.wav,female,-10,Unprocessed,0.5216,1.265,0.00,0.00
festival,rock,female_06_IUS-F10202.wav,female,-10,FIR_BP,0.5038,1.233,4.55,-6.28
festival,rock,female_06_IUS-F10202.wav,female,-10,Parametric_Notch,0.5192,1.265,0.35,-0.34
festival,rock,female_06_IUS-F10202.wav,female,-10,Base_NLMS,0.6382,1.307,9.95,-9.23
festival,rock,female_06_IUS-F10202.wav,female,-10,Leaky_NLMS,0.5515,1.323,7.27,-6.63
festival,rock,female_06_IUS-F10202.wav,female,-10,Soft_VAD_Leaky,0.5482,1.325,6.22,-5.60
festival,rock,female_07_IUS-F12202.wav,female,-10,Unprocessed,0.4753,1.257,0.00,0.00
festival,rock,female_07_IUS-F12202.wav,female,-10,FIR_BP,0.4478,1.227,4.91,-6.32
festival,rock,female_07_IUS-F12202.wav,female,-10,Parametric_Notch,0.4729,1.255,0.34,-0.33
festival,rock,female_07_IUS-F12202.wav,female,-10,Base_NLMS,0.5883,1.278,9.20,-9.33
festival,rock,female_07_IUS-F12202.wav,female,-10,Leaky_NLMS,0.5057,1.286,7.08,-6.84
festival,rock,female_07_IUS-F12202.wav,female,-10,Soft_VAD_Leaky,0.5103,1.299,6.34,-5.82
festival,rock,female_08_IUS-F14202.wav,female,-10,Unprocessed,0.6042,1.235,0.00,0.00
festival,rock,female_08_IUS-F14202.wav,female,-10,FIR_BP,0.5910,1.261,4.83,-6.26
festival,rock,female_08_IUS-F14202.wav,female,-10,Parametric_Notch,0.6028,1.235,0.38,-0.37
festival,rock,female_08_IUS-F14202.wav,female,-10,Base_NLMS,0.6663,1.330,10.35,-9.29
festival,rock,female_08_IUS-F14202.wav,female,-10,Leaky_NLMS,0.6171,1.345,7.28,-6.69
festival,rock,female_08_IUS-F14202.wav,female,-10,Soft_VAD_Leaky,0.6135,1.331,6.23,-5.67
festival,rock,female_09_IUS-F16202.wav,female,-10,Unprocessed,0.5342,1.229,0.00,0.00
festival,rock,female_09_IUS-F16202.wav,female,-10,FIR_BP,0.5247,1.211,5.70,-6.38
festival,rock,female_09_IUS-F16202.wav,female,-10,Parametric_Notch,0.5333,1.223,0.33,-0.34
festival,rock,female_09_IUS-F16202.wav,female,-10,Base_NLMS,0.6348,1.296,9.89,-9.22
festival,rock,female_09_IUS-F16202.wav,female,-10,Leaky_NLMS,0.5576,1.283,7.22,-6.74
festival,rock,female_09_IUS-F16202.wav,female,-10,Soft_VAD_Leaky,0.5581,1.282,6.36,-5.89
festival,rock,female_10_IUS-F18202.wav,female,-10,Unprocessed,0.4930,1.266,0.00,0.00
festival,rock,female_10_IUS-F18202.wav,female,-10,FIR_BP,0.4703,1.256,4.50,-6.20
festival,rock,female_10_IUS-F18202.wav,female,-10,Parametric_Notch,0.4874,1.266,0.42,-0.40
festival,rock,female_10_IUS-F18202.wav,female,-10,Base_NLMS,0.5869,1.306,9.47,-8.80
festival,rock,female_10_IUS-F18202.wav,female,-10,Leaky_NLMS,0.5290,1.340,6.93,-6.40
festival,rock,female_10_IUS-F18202.wav,female,-10,Soft_VAD_Leaky,0.5210,1.338,5.86,-5.41
festival,rock,male_01_IUS-M00201.wav,male,-5,Unprocessed,0.5582,1.359,0.00,0.00
festival,rock,male_01_IUS-M00201.wav,male,-5,FIR_BP,0.5443,1.290,2.72,-5.49
festival,rock,male_01_IUS-M00201.wav,male,-5,Parametric_Notch,0.5582,1.364,0.38,-0.38
festival,rock,male_01_IUS-M00201.wav,male,-5,Base_NLMS,0.6273,1.342,7.44,-7.57
festival,rock,male_01_IUS-M00201.wav,male,-5,Leaky_NLMS,0.5721,1.373,6.17,-5.69
festival,rock,male_01_IUS-M00201.wav,male,-5,Soft_VAD_Leaky,0.5701,1.387,5.44,-4.64
festival,rock,male_02_IUS-M02201.wav,male,-5,Unprocessed,0.5828,1.376,0.00,0.00
festival,rock,male_02_IUS-M02201.wav,male,-5,FIR_BP,0.5793,1.266,2.43,-5.79
festival,rock,male_02_IUS-M02201.wav,male,-5,Parametric_Notch,0.5826,1.375,0.33,-0.39
festival,rock,male_02_IUS-M02201.wav,male,-5,Base_NLMS,0.6514,1.350,7.32,-7.86
festival,rock,male_02_IUS-M02201.wav,male,-5,Leaky_NLMS,0.6084,1.380,6.02,-5.82
festival,rock,male_02_IUS-M02201.wav,male,-5,Soft_VAD_Leaky,0.6053,1.406,5.46,-4.58
festival,rock,male_03_IUS-M04201.wav,male,-5,Unprocessed,0.4878,1.375,-0.00,0.00
festival,rock,male_03_IUS-M04201.wav,male,-5,FIR_BP,0.4719,1.280,2.38,-5.60
festival,rock,male_03_IUS-M04201.wav,male,-5,Parametric_Notch,0.4856,1.373,0.32,-0.39
festival,rock,male_03_IUS-M04201.wav,male,-5,Base_NLMS,0.5734,1.341,6.04,-7.57
festival,rock,male_03_IUS-M04201.wav,male,-5,Leaky_NLMS,0.5178,1.369,5.72,-6.00
festival,rock,male_03_IUS-M04201.wav,male,-5,Soft_VAD_Leaky,0.5184,1.407,5.36,-4.79
festival,rock,male_04_IUS-M06201.wav,male,-5,Unprocessed,0.6545,1.391,0.00,0.00
festival,rock,male_04_IUS-M06201.wav,male,-5,FIR_BP,0.6338,1.266,2.36,-5.75
festival,rock,male_04_IUS-M06201.wav,male,-5,Parametric_Notch,0.6550,1.388,0.36,-0.42
festival,rock,male_04_IUS-M06201.wav,male,-5,Base_NLMS,0.7220,1.374,6.27,-7.43
festival,rock,male_04_IUS-M06201.wav,male,-5,Leaky_NLMS,0.6751,1.384,5.59,-5.89
festival,rock,male_04_IUS-M06201.wav,male,-5,Soft_VAD_Leaky,0.6785,1.409,5.33,-4.82
festival,rock,male_05_IUS-M08201.wav,male,-5,Unprocessed,0.6150,1.339,0.00,0.00
festival,rock,male_05_IUS-M08201.wav,male,-5,FIR_BP,0.6086,1.331,2.47,-5.09
festival,rock,male_05_IUS-M08201.wav,male,-5,Parametric_Notch,0.6165,1.346,0.35,-0.36
festival,rock,male_05_IUS-M08201.wav,male,-5,Base_NLMS,0.7203,1.364,7.76,-7.54
festival,rock,male_05_IUS-M08201.wav,male,-5,Leaky_NLMS,0.6418,1.400,6.52,-5.63
festival,rock,male_05_IUS-M08201.wav,male,-5,Soft_VAD_Leaky,0.6364,1.402,5.76,-4.52
festival,rock,male_06_IUS-M10201.wav,male,-5,Unprocessed,0.6479,1.376,0.00,0.00
festival,rock,male_06_IUS-M10201.wav,male,-5,FIR_BP,0.6551,1.344,1.89,-4.79
festival,rock,male_06_IUS-M10201.wav,male,-5,Parametric_Notch,0.6469,1.387,0.31,-0.35
festival,rock,male_06_IUS-M10201.wav,male,-5,Base_NLMS,0.7570,1.408,7.40,-6.90
festival,rock,male_06_IUS-M10201.wav,male,-5,Leaky_NLMS,0.6862,1.447,6.34,-5.35
festival,rock,male_06_IUS-M10201.wav,male,-5,Soft_VAD_Leaky,0.6779,1.474,5.67,-4.32
festival,rock,male_07_IUS-M12201.wav,male,-5,Unprocessed,0.6416,1.350,0.00,0.00
festival,rock,male_07_IUS-M12201.wav,male,-5,FIR_BP,0.6243,1.313,2.47,-5.05
festival,rock,male_07_IUS-M12201.wav,male,-5,Parametric_Notch,0.6393,1.354,0.37,-0.38
festival,rock,male_07_IUS-M12201.wav,male,-5,Base_NLMS,0.7593,1.384,7.29,-7.19
festival,rock,male_07_IUS-M12201.wav,male,-5,Leaky_NLMS,0.6895,1.396,6.14,-5.46
festival,rock,male_07_IUS-M12201.wav,male,-5,Soft_VAD_Leaky,0.6826,1.419,5.52,-4.21
festival,rock,male_08_IUS-M14201.wav,male,-5,Unprocessed,0.5418,1.336,0.00,0.00
festival,rock,male_08_IUS-M14201.wav,male,-5,FIR_BP,0.5356,1.333,2.37,-5.14
festival,rock,male_08_IUS-M14201.wav,male,-5,Parametric_Notch,0.5412,1.345,0.35,-0.36
festival,rock,male_08_IUS-M14201.wav,male,-5,Base_NLMS,0.6127,1.333,7.78,-7.76
festival,rock,male_08_IUS-M14201.wav,male,-5,Leaky_NLMS,0.5716,1.381,6.67,-5.70
festival,rock,male_08_IUS-M14201.wav,male,-5,Soft_VAD_Leaky,0.5730,1.397,5.82,-4.63
festival,rock,male_09_IUS-M16201.wav,male,-5,Unprocessed,0.5010,1.364,0.00,0.00
festival,rock,male_09_IUS-M16201.wav,male,-5,FIR_BP,0.4961,1.308,2.56,-5.28
festival,rock,male_09_IUS-M16201.wav,male,-5,Parametric_Notch,0.4998,1.369,0.35,-0.36
festival,rock,male_09_IUS-M16201.wav,male,-5,Base_NLMS,0.6184,1.418,8.21,-7.57
festival,rock,male_09_IUS-M16201.wav,male,-5,Leaky_NLMS,0.5353,1.426,6.55,-5.58
festival,rock,male_09_IUS-M16201.wav,male,-5,Soft_VAD_Leaky,0.5359,1.453,5.75,-4.46
festival,rock,male_10_IUS-M18201.wav,male,-5,Unprocessed,0.5973,1.373,0.00,0.00
festival,rock,male_10_IUS-M18201.wav,male,-5,FIR_BP,0.6050,1.342,2.48,-5.12
festival,rock,male_10_IUS-M18201.wav,male,-5,Parametric_Notch,0.5986,1.379,0.37,-0.38
festival,rock,male_10_IUS-M18201.wav,male,-5,Base_NLMS,0.6843,1.405,7.76,-7.29
festival,rock,male_10_IUS-M18201.wav,male,-5,Leaky_NLMS,0.6153,1.434,6.21,-5.51
festival,rock,male_10_IUS-M18201.wav,male,-5,Soft_VAD_Leaky,0.6110,1.446,5.60,-4.58
festival,rock,female_01_IUS-F00202.wav,female,-5,Unprocessed,0.5076,1.330,0.00,0.00
festival,rock,female_01_IUS-F00202.wav,female,-5,FIR_BP,0.4875,1.285,3.00,-5.53
festival,rock,female_01_IUS-F00202.wav,female,-5,Parametric_Notch,0.5038,1.327,0.32,-0.31
festival,rock,female_01_IUS-F00202.wav,female,-5,Base_NLMS,0.5542,1.317,8.36,-8.44
festival,rock,female_01_IUS-F00202.wav,female,-5,Leaky_NLMS,0.5263,1.368,6.54,-6.11
festival,rock,female_01_IUS-F00202.wav,female,-5,Soft_VAD_Leaky,0.5270,1.391,5.94,-5.08
festival,rock,female_02_IUS-F02202.wav,female,-5,Unprocessed,0.5301,1.360,0.00,0.00
festival,rock,female_02_IUS-F02202.wav,female,-5,FIR_BP,0.5102,1.240,3.06,-5.92
festival,rock,female_02_IUS-F02202.wav,female,-5,Parametric_Notch,0.5276,1.353,0.32,-0.32
festival,rock,female_02_IUS-F02202.wav,female,-5,Base_NLMS,0.6362,1.324,7.08,-8.56
festival,rock,female_02_IUS-F02202.wav,female,-5,Leaky_NLMS,0.5742,1.344,6.04,-6.34
festival,rock,female_02_IUS-F02202.wav,female,-5,Soft_VAD_Leaky,0.5727,1.376,5.56,-4.98
festival,rock,female_03_IUS-F04202.wav,female,-5,Unprocessed,0.5599,1.367,0.00,0.00
festival,rock,female_03_IUS-F04202.wav,female,-5,FIR_BP,0.5497,1.255,1.97,-5.42
festival,rock,female_03_IUS-F04202.wav,female,-5,Parametric_Notch,0.5578,1.350,0.30,-0.32
festival,rock,female_03_IUS-F04202.wav,female,-5,Base_NLMS,0.6349,1.342,6.63,-7.68
festival,rock,female_03_IUS-F04202.wav,female,-5,Leaky_NLMS,0.6026,1.372,5.96,-5.90
festival,rock,female_03_IUS-F04202.wav,female,-5,Soft_VAD_Leaky,0.6084,1.400,5.44,-4.78
festival,rock,female_04_IUS-F06202.wav,female,-5,Unprocessed,0.6387,1.367,0.00,0.00
festival,rock,female_04_IUS-F06202.wav,female,-5,FIR_BP,0.6176,1.221,2.89,-6.21
festival,rock,female_04_IUS-F06202.wav,female,-5,Parametric_Notch,0.6392,1.353,0.31,-0.33
festival,rock,female_04_IUS-F06202.wav,female,-5,Base_NLMS,0.6893,1.349,6.67,-7.79
festival,rock,female_04_IUS-F06202.wav,female,-5,Leaky_NLMS,0.6511,1.360,5.67,-6.17
festival,rock,female_04_IUS-F06202.wav,female,-5,Soft_VAD_Leaky,0.6521,1.382,5.21,-5.08
festival,rock,female_05_IUS-F08202.wav,female,-5,Unprocessed,0.6610,1.363,0.00,0.00
festival,rock,female_05_IUS-F08202.wav,female,-5,FIR_BP,0.6453,1.322,2.54,-5.06
festival,rock,female_05_IUS-F08202.wav,female,-5,Parametric_Notch,0.6607,1.360,0.31,-0.30
festival,rock,female_05_IUS-F08202.wav,female,-5,Base_NLMS,0.7790,1.404,7.87,-7.63
festival,rock,female_05_IUS-F08202.wav,female,-5,Leaky_NLMS,0.7166,1.438,6.62,-5.69
festival,rock,female_05_IUS-F08202.wav,female,-5,Soft_VAD_Leaky,0.7154,1.444,5.89,-4.69
festival,rock,female_06_IUS-F10202.wav,female,-5,Unprocessed,0.6390,1.367,0.00,0.00
festival,rock,female_06_IUS-F10202.wav,female,-5,FIR_BP,0.6134,1.276,1.67,-5.24
festival,rock,female_06_IUS-F10202.wav,female,-5,Parametric_Notch,0.6365,1.367,0.32,-0.31
festival,rock,female_06_IUS-F10202.wav,female,-5,Base_NLMS,0.7226,1.374,7.27,-7.45
festival,rock,female_06_IUS-F10202.wav,female,-5,Leaky_NLMS,0.6672,1.419,6.50,-5.64
festival,rock,female_06_IUS-F10202.wav,female,-5,Soft_VAD_Leaky,0.6654,1.439,5.65,-4.44
festival,rock,female_07_IUS-F12202.wav,female,-5,Unprocessed,0.5808,1.350,0.00,0.00
festival,rock,female_07_IUS-F12202.wav,female,-5,FIR_BP,0.5472,1.274,2.31,-5.34
festival,rock,female_07_IUS-F12202.wav,female,-5,Parametric_Notch,0.5781,1.345,0.31,-0.30
festival,rock,female_07_IUS-F12202.wav,female,-5,Base_NLMS,0.6702,1.333,6.62,-8.01
festival,rock,female_07_IUS-F12202.wav,female,-5,Leaky_NLMS,0.6145,1.353,6.07,-6.19
festival,rock,female_07_IUS-F12202.wav,female,-5,Soft_VAD_Leaky,0.6233,1.401,5.83,-4.78
festival,rock,female_08_IUS-F14202.wav,female,-5,Unprocessed,0.7020,1.333,0.00,0.00
festival,rock,female_08_IUS-F14202.wav,female,-5,FIR_BP,0.6819,1.325,2.11,-5.16
festival,rock,female_08_IUS-F14202.wav,female,-5,Parametric_Notch,0.7002,1.331,0.35,-0.34
festival,rock,female_08_IUS-F14202.wav,female,-5,Base_NLMS,0.7568,1.419,8.72,-7.34
festival,rock,female_08_IUS-F14202.wav,female,-5,Leaky_NLMS,0.7184,1.472,6.85,-5.69
festival,rock,female_08_IUS-F14202.wav,female,-5,Soft_VAD_Leaky,0.7149,1.467,5.84,-4.70
festival,rock,female_09_IUS-F16202.wav,female,-5,Unprocessed,0.6201,1.309,0.00,0.00
festival,rock,female_09_IUS-F16202.wav,female,-5,FIR_BP,0.6036,1.253,3.77,-5.45
festival,rock,female_09_IUS-F16202.wav,female,-5,Parametric_Notch,0.6183,1.298,0.29,-0.33
festival,rock,female_09_IUS-F16202.wav,female,-5,Base_NLMS,0.7208,1.379,7.92,-7.59
festival,rock,female_09_IUS-F16202.wav,female,-5,Leaky_NLMS,0.6507,1.369,6.55,-5.80
festival,rock,female_09_IUS-F16202.wav,female,-5,Soft_VAD_Leaky,0.6501,1.376,5.82,-4.87
festival,rock,female_10_IUS-F18202.wav,female,-5,Unprocessed,0.5949,1.367,0.00,0.00
festival,rock,female_10_IUS-F18202.wav,female,-5,FIR_BP,0.5691,1.308,1.69,-5.15
festival,rock,female_10_IUS-F18202.wav,female,-5,Parametric_Notch,0.5899,1.365,0.39,-0.36
festival,rock,female_10_IUS-F18202.wav,female,-5,Base_NLMS,0.6775,1.387,7.56,-7.16
festival,rock,female_10_IUS-F18202.wav,female,-5,Leaky_NLMS,0.6266,1.442,6.28,-5.48
festival,rock,female_10_IUS-F18202.wav,female,-5,Soft_VAD_Leaky,0.6203,1.455,5.36,-4.40
festival,rock,male_01_IUS-M00201.wav,male,0,Unprocessed,0.6603,1.545,0.00,0.00
festival,rock,male_01_IUS-M00201.wav,male,0,FIR_BP,0.6321,1.354,-1.00,-4.11
festival,rock,male_01_IUS-M00201.wav,male,0,Parametric_Notch,0.6583,1.553,0.28,-0.33
festival,rock,male_01_IUS-M00201.wav,male,0,Base_NLMS,0.6889,1.392,3.32,-6.30
festival,rock,male_01_IUS-M00201.wav,male,0,Leaky_NLMS,0.6729,1.468,3.95,-4.94
festival,rock,male_01_IUS-M00201.wav,male,0,Soft_VAD_Leaky,0.6699,1.536,4.15,-3.34
festival,rock,male_02_IUS-M02201.wav,male,0,Unprocessed,0.6862,1.556,0.00,0.00
festival,rock,male_02_IUS-M02201.wav,male,0,FIR_BP,0.6777,1.317,-1.39,-4.70
festival,rock,male_02_IUS-M02201.wav,male,0,Parametric_Notch,0.6842,1.550,0.15,-0.37
festival,rock,male_02_IUS-M02201.wav,male,0,Base_NLMS,0.7154,1.413,3.20,-6.45
festival,rock,male_02_IUS-M02201.wav,male,0,Leaky_NLMS,0.7060,1.483,3.71,-5.04
festival,rock,male_02_IUS-M02201.wav,male,0,Soft_VAD_Leaky,0.7076,1.555,4.08,-3.40
festival,rock,male_03_IUS-M04201.wav,male,0,Unprocessed,0.5950,1.556,0.00,0.00
festival,rock,male_03_IUS-M04201.wav,male,0,FIR_BP,0.5695,1.341,-1.49,-4.42
festival,rock,male_03_IUS-M04201.wav,male,0,Parametric_Notch,0.5904,1.548,0.15,-0.37
festival,rock,male_03_IUS-M04201.wav,male,0,Base_NLMS,0.6323,1.389,1.72,-6.56
festival,rock,male_03_IUS-M04201.wav,male,0,Leaky_NLMS,0.6202,1.448,2.76,-5.43
festival,rock,male_03_IUS-M04201.wav,male,0,Soft_VAD_Leaky,0.6260,1.560,3.36,-3.56
festival,rock,male_04_IUS-M06201.wav,male,0,Unprocessed,0.7617,1.568,0.00,0.00
festival,rock,male_04_IUS-M06201.wav,male,0,FIR_BP,0.7310,1.315,-1.44,-4.76
festival,rock,male_04_IUS-M06201.wav,male,0,Parametric_Notch,0.7611,1.556,0.19,-0.40
festival,rock,male_04_IUS-M06201.wav,male,0,Base_NLMS,0.7809,1.436,2.25,-6.18
festival,rock,male_04_IUS-M06201.wav,male,0,Leaky_NLMS,0.7658,1.486,2.87,-5.16
festival,rock,male_04_IUS-M06201.wav,male,0,Soft_VAD_Leaky,0.7772,1.570,3.61,-3.58
festival,rock,male_05_IUS-M08201.wav,male,0,Unprocessed,0.7196,1.507,0.00,0.00
festival,rock,male_05_IUS-M08201.wav,male,0,FIR_BP,0.7025,1.413,-1.33,-3.35
festival,rock,male_05_IUS-M08201.wav,male,0,Parametric_Notch,0.7199,1.518,0.26,-0.31
festival,rock,male_05_IUS-M08201.wav,male,0,Base_NLMS,0.7917,1.452,3.92,-5.98
festival,rock,male_05_IUS-M08201.wav,male,0,Leaky_NLMS,0.7476,1.534,4.44,-4.63
festival,rock,male_05_IUS-M08201.wav,male,0,Soft_VAD_Leaky,0.7480,1.584,4.87,-3.05
festival,rock,male_06_IUS-M10201.wav,male,0,Unprocessed,0.7346,1.600,0.00,0.00
festival,rock,male_06_IUS-M10201.wav,male,0,FIR_BP,0.7342,1.416,-2.09,-3.07
festival,rock,male_06_IUS-M10201.wav,male,0,Parametric_Notch,0.7330,1.617,0.15,-0.31
festival,rock,male_06_IUS-M10201.wav,male,0,Base_NLMS,0.8082,1.480,3.44,-5.38
festival,rock,male_06_IUS-M10201.wav,male,0,Leaky_NLMS,0.7649,1.589,4.15,-4.30
festival,rock,male_06_IUS-M10201.wav,male,0,Soft_VAD_Leaky,0.7606,1.703,4.58,-2.84
festival,rock,male_07_IUS-M12201.wav,male,0,Unprocessed,0.7311,1.530,0.00,0.00
festival,rock,male_07_IUS-M12201.wav,male,0,FIR_BP,0.7065,1.380,-1.38,-3.44
festival,rock,male_07_IUS-M12201.wav,male,0,Parametric_Notch,0.7294,1.535,0.23,-0.32
festival,rock,male_07_IUS-M12201.wav,male,0,Base_NLMS,0.8008,1.457,3.24,-5.72
festival,rock,male_07_IUS-M12201.wav,male,0,Leaky_NLMS,0.7688,1.509,3.85,-4.53
festival,rock,male_07_IUS-M12201.wav,male,0,Soft_VAD_Leaky,0.7696,1.598,4.65,-2.70
festival,rock,male_08_IUS-M14201.wav,male,0,Unprocessed,0.6197,1.498,0.00,0.00
festival,rock,male_08_IUS-M14201.wav,male,0,FIR_BP,0.6135,1.428,-1.41,-3.42
festival,rock,male_08_IUS-M14201.wav,male,0,Parametric_Notch,0.6176,1.512,0.25,-0.31
festival,rock,male_08_IUS-M14201.wav,male,0,Base_NLMS,0.6610,1.366,3.56,-6.56
festival,rock,male_08_IUS-M14201.wav,male,0,Leaky_NLMS,0.6494,1.472,4.57,-5.03
festival,rock,male_08_IUS-M14201.wav,male,0,Soft_VAD_Leaky,0.6566,1.551,4.82,-3.47
festival,rock,male_09_IUS-M16201.wav,male,0,Unprocessed,0.6033,1.557,-0.00,0.00
festival,rock,male_09_IUS-M16201.wav,male,0,FIR_BP,0.5893,1.371,-1.19,-3.81
festival,rock,male_09_IUS-M16201.wav,male,0,Parametric_Notch,0.6020,1.563,0.24,-0.31
festival,rock,male_09_IUS-M16201.wav,male,0,Base_NLMS,0.6657,1.480,4.22,-6.03
festival,rock,male_09_IUS-M16201.wav,male,0,Leaky_NLMS,0.6339,1.541,4.51,-4.66
festival,rock,male_09_IUS-M16201.wav,male,0,Soft_VAD_Leaky,0.6354,1.642,4.85,-3.10
festival,rock,male_10_IUS-M18201.wav,male,0,Unprocessed,0.6775,1.566,0.00,0.00
festival,rock,male_10_IUS-M18201.wav,male,0,FIR_BP,0.6772,1.415,-1.30,-3.50
festival,rock,male_10_IUS-M18201.wav,male,0,Parametric_Notch,0.6779,1.575,0.26,-0.32
festival,rock,male_10_IUS-M18201.wav,male,0,Base_NLMS,0.7314,1.495,3.82,-5.84
festival,rock,male_10_IUS-M18201.wav,male,0,Leaky_NLMS,0.6999,1.570,4.03,-4.58
festival,rock,male_10_IUS-M18201.wav,male,0,Soft_VAD_Leaky,0.6992,1.626,4.40,-3.31
festival,rock,female_01_IUS-F00202.wav,female,0,Unprocessed,0.5804,1.516,-0.00,0.00
festival,rock,female_01_IUS-F00202.wav,female,0,FIR_BP,0.5593,1.335,-0.62,-4.10
festival,rock,female_01_IUS-F00202.wav,female,0,Parametric_Notch,0.5779,1.505,0.25,-0.26
festival,rock,female_01_IUS-F00202.wav,female,0,Base_NLMS,0.6029,1.352,4.41,-6.88
festival,rock,female_01_IUS-F00202.wav,female,0,Leaky_NLMS,0.5896,1.447,4.58,-5.31
festival,rock,female_01_IUS-F00202.wav,female,0,Soft_VAD_Leaky,0.5987,1.550,5.02,-3.78
festival,rock,female_02_IUS-F02202.wav,female,0,Unprocessed,0.6289,1.510,0.00,0.00
festival,rock,female_02_IUS-F02202.wav,female,0,FIR_BP,0.6071,1.276,-0.56,-4.77
festival,rock,female_02_IUS-F02202.wav,female,0,Parametric_Notch,0.6278,1.496,0.25,-0.26
festival,rock,female_02_IUS-F02202.wav,female,0,Base_NLMS,0.6916,1.357,2.82,-7.31
festival,rock,female_02_IUS-F02202.wav,female,0,Leaky_NLMS,0.6614,1.398,3.28,-5.78
festival,rock,female_02_IUS-F02202.wav,female,0,Soft_VAD_Leaky,0.6682,1.495,4.11,-3.93
festival,rock,female_03_IUS-F04202.wav,female,0,Unprocessed,0.6787,1.553,0.00,0.00
festival,rock,female_03_IUS-F04202.wav,female,0,FIR_BP,0.6662,1.301,-1.98,-4.13
festival,rock,female_03_IUS-F04202.wav,female,0,Parametric_Notch,0.6773,1.519,0.18,-0.28
festival,rock,female_03_IUS-F04202.wav,female,0,Base_NLMS,0.6846,1.371,2.36,-6.40
festival,rock,female_03_IUS-F04202.wav,female,0,Leaky_NLMS,0.7009,1.454,3.31,-5.14
festival,rock,female_03_IUS-F04202.wav,female,0,Soft_VAD_Leaky,0.7244,1.556,4.02,-3.60
festival,rock,female_04_IUS-F06202.wav,female,0,Unprocessed,0.7411,1.537,0.00,0.00
festival,rock,female_04_IUS-F06202.wav,female,0,FIR_BP,0.7213,1.254,-0.87,-5.41
festival,rock,female_04_IUS-F06202.wav,female,0,Parametric_Notch,0.7405,1.510,0.21,-0.29
festival,rock,female_04_IUS-F06202.wav,female,0,Base_NLMS,0.7501,1.414,2.86,-6.30
festival,rock,female_04_IUS-F06202.wav,female,0,Leaky_NLMS,0.7347,1.431,2.99,-5.28
festival,rock,female_04_IUS-F06202.wav,female,0,Soft_VAD_Leaky,0.7410,1.495,3.31,-3.94
festival,rock,female_05_IUS-F08202.wav,female,0,Unprocessed,0.7530,1.561,0.00,0.00
festival,rock,female_05_IUS-F08202.wav,female,0,FIR_BP,0.7356,1.383,-1.22,-3.34
festival,rock,female_05_IUS-F08202.wav,female,0,Parametric_Notch,0.7531,1.550,0.22,-0.24
festival,rock,female_05_IUS-F08202.wav,female,0,Base_NLMS,0.8151,1.452,3.64,-6.07
festival,rock,female_05_IUS-F08202.wav,female,0,Leaky_NLMS,0.7918,1.537,4.36,-4.77
festival,rock,female_05_IUS-F08202.wav,female,0,Soft_VAD_Leaky,0.7965,1.618,4.74,-3.32
festival,rock,female_06_IUS-F10202.wav,female,0,Unprocessed,0.7531,1.565,0.00,0.00
festival,rock,female_06_IUS-F10202.wav,female,0,FIR_BP,0.7260,1.322,-2.36,-3.71
festival,rock,female_06_IUS-F10202.wav,female,0,Parametric_Notch,0.7512,1.560,0.22,-0.25
festival,rock,female_06_IUS-F10202.wav,female,0,Base_NLMS,0.7653,1.417,2.84,-6.03
festival,rock,female_06_IUS-F10202.wav,female,0,Leaky_NLMS,0.7622,1.528,4.15,-4.73
festival,rock,female_06_IUS-F10202.wav,female,0,Soft_VAD_Leaky,0.7709,1.618,4.44,-2.96
festival,rock,female_07_IUS-F12202.wav,female,0,Unprocessed,0.6923,1.531,-0.00,0.00
festival,rock,female_07_IUS-F12202.wav,female,0,FIR_BP,0.6549,1.334,-1.53,-3.89
festival,rock,female_07_IUS-F12202.wav,female,0,Parametric_Notch,0.6894,1.518,0.22,-0.24
festival,rock,female_07_IUS-F12202.wav,female,0,Base_NLMS,0.7210,1.366,2.47,-6.85
festival,rock,female_07_IUS-F12202.wav,female,0,Leaky_NLMS,0.7068,1.418,3.40,-5.66
festival,rock,female_07_IUS-F12202.wav,female,0,Soft_VAD_Leaky,0.7160,1.555,4.59,-3.27
festival,rock,female_08_IUS-F14202.wav,female,0,Unprocessed,0.7980,1.542,0.00,0.00
festival,rock,female_08_IUS-F14202.wav,female,0,FIR_BP,0.7710,1.386,-1.84,-3.43
festival,rock,female_08_IUS-F14202.wav,female,0,Parametric_Notch,0.7965,1.531,0.27,-0.24
festival,rock,female_08_IUS-F14202.wav,female,0,Base_NLMS,0.8057,1.452,4.86,-5.56
festival,rock,female_08_IUS-F14202.wav,female,0,Leaky_NLMS,0.8078,1.597,5.14,-4.65
festival,rock,female_08_IUS-F14202.wav,female,0,Soft_VAD_Leaky,0.8130,1.680,4.95,-3.22
festival,rock,female_09_IUS-F16202.wav,female,0,Unprocessed,0.7076,1.466,0.00,0.00
festival,rock,female_09_IUS-F16202.wav,female,0,FIR_BP,0.6838,1.303,0.47,-3.83
festival,rock,female_09_IUS-F16202.wav,female,0,Parametric_Notch,0.7057,1.443,0.15,-0.29
festival,rock,female_09_IUS-F16202.wav,female,0,Base_NLMS,0.7695,1.454,4.10,-5.98
festival,rock,female_09_IUS-F16202.wav,female,0,Leaky_NLMS,0.7335,1.474,4.56,-4.82
festival,rock,female_09_IUS-F16202.wav,female,0,Soft_VAD_Leaky,0.7367,1.518,4.59,-3.53
festival,rock,female_10_IUS-F18202.wav,female,0,Unprocessed,0.7057,1.565,0.00,0.00
festival,rock,female_10_IUS-F18202.wav,female,0,FIR_BP,0.6745,1.361,-2.29,-3.57
festival,rock,female_10_IUS-F18202.wav,female,0,Parametric_Notch,0.7022,1.554,0.31,-0.25
festival,rock,female_10_IUS-F18202.wav,female,0,Base_NLMS,0.7433,1.462,3.67,-5.63
festival,rock,female_10_IUS-F18202.wav,female,0,Leaky_NLMS,0.7220,1.550,4.17,-4.62
festival,rock,female_10_IUS-F18202.wav,female,0,Soft_VAD_Leaky,0.7226,1.621,4.24,-3.16
festival,rock,male_01_IUS-M00201.wav,male,5,Unprocessed,0.7614,1.867,0.00,0.00
festival,rock,male_01_IUS-M00201.wav,male,5,FIR_BP,0.7203,1.410,-5.52,-2.71
festival,rock,male_01_IUS-M00201.wav,male,5,Parametric_Notch,0.7584,1.879,-0.01,-0.26
festival,rock,male_01_IUS-M00201.wav,male,5,Base_NLMS,0.7156,1.387,-1.99,-6.11
festival,rock,male_01_IUS-M00201.wav,male,5,Leaky_NLMS,0.7487,1.518,-0.47,-5.05
festival,rock,male_01_IUS-M00201.wav,male,5,Soft_VAD_Leaky,0.7509,1.670,1.30,-2.72
festival,rock,male_02_IUS-M02201.wav,male,5,Unprocessed,0.7850,1.869,0.00,0.00
festival,rock,male_02_IUS-M02201.wav,male,5,FIR_BP,0.7607,1.368,-5.95,-3.73
festival,rock,male_02_IUS-M02201.wav,male,5,Parametric_Notch,0.7781,1.844,-0.34,-0.34
festival,rock,male_02_IUS-M02201.wav,male,5,Base_NLMS,0.7419,1.427,-2.04,-6.08
festival,rock,male_02_IUS-M02201.wav,male,5,Leaky_NLMS,0.7798,1.566,-0.59,-4.99
festival,rock,male_02_IUS-M02201.wav,male,5,Soft_VAD_Leaky,0.7972,1.740,1.38,-2.93
festival,rock,male_03_IUS-M04201.wav,male,5,Unprocessed,0.7126,1.864,0.00,0.00
festival,rock,male_03_IUS-M04201.wav,male,5,FIR_BP,0.6754,1.399,-6.07,-3.38
festival,rock,male_03_IUS-M04201.wav,male,5,Parametric_Notch,0.7034,1.834,-0.36,-0.34
festival,rock,male_03_IUS-M04201.wav,male,5,Base_NLMS,0.6774,1.396,-3.20,-6.32
festival,rock,male_03_IUS-M04201.wav,male,5,Leaky_NLMS,0.7102,1.506,-1.80,-5.40
festival,rock,male_03_IUS-M04201.wav,male,5,Soft_VAD_Leaky,0.7315,1.739,0.14,-2.79
festival,rock,male_04_IUS-M06201.wav,male,5,Unprocessed,0.8468,1.883,0.00,0.00
festival,rock,male_04_IUS-M06201.wav,male,5,FIR_BP,0.8075,1.366,-5.97,-3.63
festival,rock,male_04_IUS-M06201.wav,male,5,Parametric_Notch,0.8450,1.848,-0.34,-0.38
festival,rock,male_04_IUS-M06201.wav,male,5,Base_NLMS,0.8081,1.466,-2.66,-5.72
festival,rock,male_04_IUS-M06201.wav,male,5,Leaky_NLMS,0.8245,1.580,-1.43,-4.92
festival,rock,male_04_IUS-M06201.wav,male,5,Soft_VAD_Leaky,0.8422,1.743,0.41,-2.91
festival,rock,male_05_IUS-M08201.wav,male,5,Unprocessed,0.8176,1.801,0.00,0.00
festival,rock,male_05_IUS-M08201.wav,male,5,FIR_BP,0.7840,1.479,-5.87,-1.92
festival,rock,male_05_IUS-M08201.wav,male,5,Parametric_Notch,0.8145,1.811,-0.03,-0.17
festival,rock,male_05_IUS-M08201.wav,male,5,Base_NLMS,0.8279,1.513,-1.12,-5.31
festival,rock,male_05_IUS-M08201.wav,male,5,Leaky_NLMS,0.8309,1.669,0.27,-4.23
festival,rock,male_05_IUS-M08201.wav,male,5,Soft_VAD_Leaky,0.8420,1.856,3.22,-2.02
festival,rock,male_06_IUS-M10201.wav,male,5,Unprocessed,0.8206,1.990,0.00,0.00
festival,rock,male_06_IUS-M10201.wav,male,5,FIR_BP,0.8037,1.466,-6.73,-1.64
festival,rock,male_06_IUS-M10201.wav,male,5,Parametric_Notch,0.8166,2.009,-0.30,-0.22
festival,rock,male_06_IUS-M10201.wav,male,5,Base_NLMS,0.8291,1.494,-1.81,-4.87
festival,rock,male_06_IUS-M10201.wav,male,5,Leaky_NLMS,0.8280,1.689,-0.17,-3.96
festival,rock,male_06_IUS-M10201.wav,male,5,Soft_VAD_Leaky,0.8351,2.026,2.85,-1.77
festival,rock,male_07_IUS-M12201.wav,male,5,Unprocessed,0.8093,1.845,0.00,0.00
festival,rock,male_07_IUS-M12201.wav,male,5,FIR_BP,0.7742,1.436,-5.96,-1.83
festival,rock,male_07_IUS-M12201.wav,male,5,Parametric_Notch,0.8058,1.846,-0.16,-0.26
festival,rock,male_07_IUS-M12201.wav,male,5,Base_NLMS,0.8093,1.484,-1.87,-5.01
festival,rock,male_07_IUS-M12201.wav,male,5,Leaky_NLMS,0.8185,1.603,-0.44,-4.19
festival,rock,male_07_IUS-M12201.wav,male,5,Soft_VAD_Leaky,0.8279,1.857,2.94,-1.43
festival,rock,male_08_IUS-M14201.wav,male,5,Unprocessed,0.7061,1.793,0.00,0.00
festival,rock,male_08_IUS-M14201.wav,male,5,FIR_BP,0.6921,1.519,-5.94,-1.96
festival,rock,male_08_IUS-M14201.wav,male,5,Parametric_Notch,0.7004,1.812,-0.04,-0.25
festival,rock,male_08_IUS-M14201.wav,male,5,Base_NLMS,0.6898,1.366,-1.65,-6.35
festival,rock,male_08_IUS-M14201.wav,male,5,Leaky_NLMS,0.7212,1.533,0.00,-5.10
festival,rock,male_08_IUS-M14201.wav,male,5,Soft_VAD_Leaky,0.7437,1.820,3.13,-2.42
festival,rock,male_09_IUS-M16201.wav,male,5,Unprocessed,0.7114,1.904,0.00,0.00
festival,rock,male_09_IUS-M16201.wav,male,5,FIR_BP,0.6816,1.419,-5.70,-2.37
festival,rock,male_09_IUS-M16201.wav,male,5,Parametric_Notch,0.7105,1.905,-0.09,-0.25
festival,rock,male_09_IUS-M16201.wav,male,5,Base_NLMS,0.6951,1.482,-1.16,-5.43
festival,rock,male_09_IUS-M16201.wav,male,5,Leaky_NLMS,0.7143,1.610,0.24,-4.39
festival,rock,male_09_IUS-M16201.wav,male,5,Soft_VAD_Leaky,0.7305,1.902,3.05,-2.11
festival,rock,male_10_IUS-M18201.wav,male,5,Unprocessed,0.7648,1.903,-0.00,0.00
festival,rock,male_10_IUS-M18201.wav,male,5,FIR_BP,0.7507,1.468,-5.83,-1.90
festival,rock,male_10_IUS-M18201.wav,male,5,Parametric_Notch,0.7627,1.912,-0.07,-0.18
festival,rock,male_10_IUS-M18201.wav,male,5,Base_NLMS,0.7564,1.533,-1.38,-5.14
festival,rock,male_10_IUS-M18201.wav,male,5,Leaky_NLMS,0.7688,1.686,-0.16,-4.20
festival,rock,male_10_IUS-M18201.wav,male,5,Soft_VAD_Leaky,0.7820,1.880,2.18,-2.26
festival,rock,female_01_IUS-F00202.wav,female,5,Unprocessed,0.6500,1.848,0.00,0.00
festival,rock,female_01_IUS-F00202.wav,female,5,FIR_BP,0.6288,1.369,-5.07,-2.62
festival,rock,female_01_IUS-F00202.wav,female,5,Parametric_Notch,0.6490,1.814,0.05,-0.19
festival,rock,female_01_IUS-F00202.wav,female,5,Base_NLMS,0.6311,1.351,-0.91,-6.07
festival,rock,female_01_IUS-F00202.wav,female,5,Leaky_NLMS,0.6323,1.480,0.35,-5.24
festival,rock,female_01_IUS-F00202.wav,female,5,Soft_VAD_Leaky,0.6634,1.791,3.34,-2.44
festival,rock,female_02_IUS-F02202.wav,female,5,Unprocessed,0.7316,1.783,0.00,0.00
festival,rock,female_02_IUS-F02202.wav,female,5,FIR_BP,0.7073,1.315,-5.01,-3.55
festival,rock,female_02_IUS-F02202.wav,female,5,Parametric_Notch,0.7318,1.754,0.04,-0.20
festival,rock,female_02_IUS-F02202.wav,female,5,Base_NLMS,0.7175,1.358,-2.19,-6.88
festival,rock,female_02_IUS-F02202.wav,female,5,Leaky_NLMS,0.7250,1.437,-1.15,-5.79
festival,rock,female_02_IUS-F02202.wav,female,5,Soft_VAD_Leaky,0.7536,1.689,1.87,-2.94
festival,rock,female_03_IUS-F04202.wav,female,5,Unprocessed,0.7864,1.875,0.00,0.00
festival,rock,female_03_IUS-F04202.wav,female,5,FIR_BP,0.7672,1.345,-6.58,-2.98
festival,rock,female_03_IUS-F04202.wav,female,5,Parametric_Notch,0.7861,1.802,-0.19,-0.24
festival,rock,female_03_IUS-F04202.wav,female,5,Base_NLMS,0.7117,1.367,-2.77,-6.06
festival,rock,female_03_IUS-F04202.wav,female,5,Leaky_NLMS,0.7573,1.497,-1.26,-5.17
festival,rock,female_03_IUS-F04202.wav,female,5,Soft_VAD_Leaky,0.8029,1.790,1.74,-2.51
festival,rock,female_04_IUS-F06202.wav,female,5,Unprocessed,0.8349,1.839,0.00,0.00
festival,rock,female_04_IUS-F06202.wav,female,5,FIR_BP,0.8109,1.290,-5.41,-4.54
festival,rock,female_04_IUS-F06202.wav,female,5,Parametric_Notch,0.8320,1.782,-0.11,-0.24
festival,rock,female_04_IUS-F06202.wav,female,5,Base_NLMS,0.7772,1.426,-2.19,-5.72
festival,rock,female_04_IUS-F06202.wav,female,5,Leaky_NLMS,0.7924,1.481,-1.31,-5.05
festival,rock,female_04_IUS-F06202.wav,female,5,Soft_VAD_Leaky,0.8126,1.639,0.25,-3.07
festival,rock,female_05_IUS-F08202.wav,female,5,Unprocessed,0.8358,1.899,0.00,0.00
festival,rock,female_05_IUS-F08202.wav,female,5,FIR_BP,0.8132,1.430,-5.74,-1.90
festival,rock,female_05_IUS-F08202.wav,female,5,Parametric_Notch,0.8362,1.864,-0.06,-0.17
festival,rock,female_05_IUS-F08202.wav,female,5,Base_NLMS,0.8202,1.445,-1.61,-5.58
festival,rock,female_05_IUS-F08202.wav,female,5,Leaky_NLMS,0.8368,1.582,-0.10,-4.64
festival,rock,female_05_IUS-F08202.wav,female,5,Soft_VAD_Leaky,0.8610,1.874,2.63,-2.29
festival,rock,female_06_IUS-F10202.wav,female,5,Unprocessed,0.8491,1.918,0.00,0.00
festival,rock,female_06_IUS-F10202.wav,female,5,FIR_BP,0.8221,1.364,-7.00,-2.40
festival,rock,female_06_IUS-F10202.wav,female,5,Parametric_Notch,0.8482,1.898,-0.09,-0.19
festival,rock,female_06_IUS-F10202.wav,female,5,Base_NLMS,0.7830,1.427,-2.35,-5.67
festival,rock,female_06_IUS-F10202.wav,female,5,Leaky_NLMS,0.8202,1.612,-0.31,-4.56
festival,rock,female_06_IUS-F10202.wav,female,5,Soft_VAD_Leaky,0.8427,1.852,2.41,-1.90
festival,rock,female_07_IUS-F12202.wav,female,5,Unprocessed,0.7903,1.857,0.00,0.00
festival,rock,female_07_IUS-F12202.wav,female,5,FIR_BP,0.7489,1.391,-6.09,-2.45
festival,rock,female_07_IUS-F12202.wav,female,5,Parametric_Notch,0.7867,1.821,-0.03,-0.17
festival,rock,female_07_IUS-F12202.wav,female,5,Base_NLMS,0.7439,1.370,-2.52,-6.52
festival,rock,female_07_IUS-F12202.wav,female,5,Leaky_NLMS,0.7625,1.458,-1.08,-5.76
festival,rock,female_07_IUS-F12202.wav,female,5,Soft_VAD_Leaky,0.7895,1.753,2.53,-2.11
festival,rock,female_08_IUS-F14202.wav,female,5,Unprocessed,0.8789,1.934,0.00,0.00
festival,rock,female_08_IUS-F14202.wav,female,5,FIR_BP,0.8452,1.423,-6.44,-1.99
festival,rock,female_08_IUS-F14202.wav,female,5,Parametric_Notch,0.8782,1.891,0.02,-0.17
festival,rock,female_08_IUS-F14202.wav,female,5,Base_NLMS,0.8219,1.435,-0.63,-5.07
festival,rock,female_08_IUS-F14202.wav,female,5,Leaky_NLMS,0.8589,1.639,0.82,-4.49
festival,rock,female_08_IUS-F14202.wav,female,5,Soft_VAD_Leaky,0.8850,1.975,3.36,-2.02
festival,rock,female_09_IUS-F16202.wav,female,5,Unprocessed,0.7856,1.757,0.00,0.00
festival,rock,female_09_IUS-F16202.wav,female,5,FIR_BP,0.7557,1.353,-3.81,-2.16
festival,rock,female_09_IUS-F16202.wav,female,5,Parametric_Notch,0.7840,1.705,-0.23,-0.22
festival,rock,female_09_IUS-F16202.wav,female,5,Base_NLMS,0.7857,1.479,-0.90,-4.97
festival,rock,female_09_IUS-F16202.wav,female,5,Leaky_NLMS,0.7897,1.566,0.42,-4.41
festival,rock,female_09_IUS-F16202.wav,female,5,Soft_VAD_Leaky,0.8031,1.712,2.03,-2.58
festival,rock,female_10_IUS-F18202.wav,female,5,Unprocessed,0.8074,1.918,-0.00,0.00
festival,rock,female_10_IUS-F18202.wav,female,5,FIR_BP,0.7714,1.399,-6.91,-2.38
festival,rock,female_10_IUS-F18202.wav,female,5,Parametric_Notch,0.8055,1.883,0.05,-0.21
festival,rock,female_10_IUS-F18202.wav,female,5,Base_NLMS,0.7822,1.493,-1.44,-5.04
festival,rock,female_10_IUS-F18202.wav,female,5,Leaky_NLMS,0.7925,1.625,-0.10,-4.35
festival,rock,female_10_IUS-F18202.wav,female,5,Soft_VAD_Leaky,0.8091,1.835,2.14,-2.16
festival,rock,male_01_IUS-M00201.wav,male,10,Unprocessed,0.8520,2.358,0.00,0.00
festival,rock,male_01_IUS-M00201.wav,male,10,FIR_BP,0.7995,1.438,-10.00,-1.27
festival,rock,male_01_IUS-M00201.wav,male,10,Parametric_Notch,0.8477,2.354,-0.83,-0.21
festival,rock,male_01_IUS-M00201.wav,male,10,Base_NLMS,0.7219,1.354,-7.38,-6.85
festival,rock,male_01_IUS-M00201.wav,male,10,Leaky_NLMS,0.7916,1.508,-5.86,-5.87
festival,rock,male_01_IUS-M00201.wav,male,10,Soft_VAD_Leaky,0.8287,1.915,-1.90,-2.28
festival,rock,male_02_IUS-M02201.wav,male,10,Unprocessed,0.8760,2.383,0.00,0.00
festival,rock,male_02_IUS-M02201.wav,male,10,FIR_BP,0.8311,1.405,-10.00,-2.81
festival,rock,male_02_IUS-M02201.wav,male,10,Parametric_Notch,0.8637,2.288,-1.61,-0.32
festival,rock,male_02_IUS-M02201.wav,male,10,Base_NLMS,0.7406,1.399,-7.47,-6.57
festival,rock,male_02_IUS-M02201.wav,male,10,Leaky_NLMS,0.8179,1.581,-5.94,-5.66
festival,rock,male_02_IUS-M02201.wav,male,10,Soft_VAD_Leaky,0.8489,1.857,-3.06,-2.68
festival,rock,male_03_IUS-M04201.wav,male,10,Unprocessed,0.8244,2.330,0.00,0.00
festival,rock,male_03_IUS-M04201.wav,male,10,FIR_BP,0.7735,1.442,-10.00,-2.62
festival,rock,male_03_IUS-M04201.wav,male,10,Parametric_Notch,0.8111,2.242,-1.68,-0.31
festival,rock,male_03_IUS-M04201.wav,male,10,Base_NLMS,0.7079,1.381,-8.31,-6.71
festival,rock,male_03_IUS-M04201.wav,male,10,Leaky_NLMS,0.7770,1.534,-6.93,-5.83
festival,rock,male_03_IUS-M04201.wav,male,10,Soft_VAD_Leaky,0.8189,1.912,-3.88,-2.49
festival,rock,male_04_IUS-M06201.wav,male,10,Unprocessed,0.9068,2.373,0.00,0.00
festival,rock,male_04_IUS-M06201.wav,male,10,FIR_BP,0.8581,1.404,-10.00,-2.77
festival,rock,male_04_IUS-M06201.wav,male,10,Parametric_Notch,0.9032,2.282,-1.71,-0.29
festival,rock,male_04_IUS-M06201.wav,male,10,Base_NLMS,0.8124,1.460,-7.83,-6.01
festival,rock,male_04_IUS-M06201.wav,male,10,Leaky_NLMS,0.8535,1.633,-6.41,-5.20
festival,rock,male_04_IUS-M06201.wav,male,10,Soft_VAD_Leaky,0.8863,1.863,-4.04,-2.58
festival,rock,male_05_IUS-M08201.wav,male,10,Unprocessed,0.8955,2.274,0.00,0.00
festival,rock,male_05_IUS-M08201.wav,male,10,FIR_BP,0.8468,1.511,-10.00,-0.73
festival,rock,male_05_IUS-M08201.wav,male,10,Parametric_Notch,0.8884,2.259,-0.82,-0.12
festival,rock,male_05_IUS-M08201.wav,male,10,Base_NLMS,0.8335,1.514,-6.56,-5.53
festival,rock,male_05_IUS-M08201.wav,male,10,Leaky_NLMS,0.8714,1.750,-4.99,-4.51
festival,rock,male_05_IUS-M08201.wav,male,10,Soft_VAD_Leaky,0.9041,2.183,0.30,-1.13
festival,rock,male_06_IUS-M10201.wav,male,10,Unprocessed,0.8956,2.579,0.00,0.00
festival,rock,male_06_IUS-M10201.wav,male,10,FIR_BP,0.8593,1.486,-10.00,-0.34
festival,rock,male_06_IUS-M10201.wav,male,10,Parametric_Notch,0.8895,2.565,-1.47,-0.13
festival,rock,male_06_IUS-M10201.wav,male,10,Base_NLMS,0.8358,1.474,-7.31,-5.20
festival,rock,male_06_IUS-M10201.wav,male,10,Leaky_NLMS,0.8629,1.711,-5.52,-4.24
festival,rock,male_06_IUS-M10201.wav,male,10,Soft_VAD_Leaky,0.8877,2.340,0.26,-1.24
festival,rock,male_07_IUS-M12201.wav,male,10,Unprocessed,0.8762,2.332,0.00,0.00
festival,rock,male_07_IUS-M12201.wav,male,10,FIR_BP,0.8309,1.462,-10.00,-0.52
festival,rock,male_07_IUS-M12201.wav,male,10,Parametric_Notch,0.8709,2.306,-1.20,-0.18
festival,rock,male_07_IUS-M12201.wav,male,10,Base_NLMS,0.8035,1.480,-7.19,-4.88
festival,rock,male_07_IUS-M12201.wav,male,10,Leaky_NLMS,0.8388,1.646,-5.64,-4.30
festival,rock,male_07_IUS-M12201.wav,male,10,Soft_VAD_Leaky,0.8760,2.072,0.00,-0.91
festival,rock,male_08_IUS-M14201.wav,male,10,Unprocessed,0.8030,2.291,0.00,0.00
festival,rock,male_08_IUS-M14201.wav,male,10,FIR_BP,0.7764,1.571,-10.00,-0.48
festival,rock,male_08_IUS-M14201.wav,male,10,Parametric_Notch,0.7923,2.301,-0.83,-0.21
festival,rock,male_08_IUS-M14201.wav,male,10,Base_NLMS,0.7107,1.345,-7.02,-6.91
festival,rock,male_08_IUS-M14201.wav,male,10,Leaky_NLMS,0.7803,1.552,-5.48,-5.76
festival,rock,male_08_IUS-M14201.wav,male,10,Soft_VAD_Leaky,0.8228,2.194,0.62,-1.82
festival,rock,male_09_IUS-M16201.wav,male,10,Unprocessed,0.8030,2.457,0.00,0.00
festival,rock,male_09_IUS-M16201.wav,male,10,FIR_BP,0.7569,1.439,-10.00,-1.05
festival,rock,male_09_IUS-M16201.wav,male,10,Parametric_Notch,0.8006,2.425,-0.99,-0.18
festival,rock,male_09_IUS-M16201.wav,male,10,Base_NLMS,0.7032,1.445,-6.74,-5.64
festival,rock,male_09_IUS-M16201.wav,male,10,Leaky_NLMS,0.7621,1.614,-5.14,-4.58
festival,rock,male_09_IUS-M16201.wav,male,10,Soft_VAD_Leaky,0.7972,2.176,-0.25,-1.32
festival,rock,male_10_IUS-M18201.wav,male,10,Unprocessed,0.8542,2.418,0.00,0.00
festival,rock,male_10_IUS-M18201.wav,male,10,FIR_BP,0.8235,1.490,-10.00,-0.66
festival,rock,male_10_IUS-M18201.wav,male,10,Parametric_Notch,0.8477,2.400,-0.98,-0.17
festival,rock,male_10_IUS-M18201.wav,male,10,Base_NLMS,0.7744,1.521,-6.82,-5.40
festival,rock,male_10_IUS-M18201.wav,male,10,Leaky_NLMS,0.8190,1.735,-5.34,-4.40
festival,rock,male_10_IUS-M18201.wav,male,10,Soft_VAD_Leaky,0.8585,2.195,-0.88,-1.36
festival,rock,female_01_IUS-F00202.wav,female,10,Unprocessed,0.7165,2.345,0.00,0.00
festival,rock,female_01_IUS-F00202.wav,female,10,FIR_BP,0.6889,1.388,-9.88,-0.63
festival,rock,female_01_IUS-F00202.wav,female,10,Parametric_Notch,0.7158,2.250,-0.52,-0.14
festival,rock,female_01_IUS-F00202.wav,female,10,Base_NLMS,0.6469,1.327,-6.48,-6.05
festival,rock,female_01_IUS-F00202.wav,female,10,Leaky_NLMS,0.6567,1.464,-5.20,-5.92
festival,rock,female_01_IUS-F00202.wav,female,10,Soft_VAD_Leaky,0.7192,2.137,0.63,-1.28
festival,rock,female_02_IUS-F02202.wav,female,10,Unprocessed,0.8221,2.237,0.00,0.00
festival,rock,female_02_IUS-F02202.wav,female,10,FIR_BP,0.7878,1.342,-9.82,-2.25
festival,rock,female_02_IUS-F02202.wav,female,10,Parametric_Notch,0.8229,2.163,-0.54,-0.13
festival,rock,female_02_IUS-F02202.wav,female,10,Base_NLMS,0.7167,1.343,-7.38,-7.14
festival,rock,female_02_IUS-F02202.wav,female,10,Leaky_NLMS,0.7583,1.443,-6.29,-6.38
festival,rock,female_02_IUS-F02202.wav,female,10,Soft_VAD_Leaky,0.8084,1.803,-2.77,-3.05
festival,rock,female_03_IUS-F04202.wav,female,10,Unprocessed,0.8736,2.400,0.00,0.00
festival,rock,female_03_IUS-F04202.wav,female,10,FIR_BP,0.8426,1.375,-10.00,-1.84
festival,rock,female_03_IUS-F04202.wav,female,10,Parametric_Notch,0.8739,2.232,-1.21,-0.21
festival,rock,female_03_IUS-F04202.wav,female,10,Base_NLMS,0.7184,1.340,-8.08,-6.46
festival,rock,female_03_IUS-F04202.wav,female,10,Leaky_NLMS,0.7770,1.484,-6.71,-5.83
festival,rock,female_03_IUS-F04202.wav,female,10,Soft_VAD_Leaky,0.8566,2.035,-1.54,-1.79
festival,rock,female_04_IUS-F06202.wav,female,10,Unprocessed,0.9119,2.321,0.00,0.00
festival,rock,female_04_IUS-F06202.wav,female,10,FIR_BP,0.8741,1.317,-10.00,-3.46
festival,rock,female_04_IUS-F06202.wav,female,10,Parametric_Notch,0.9082,2.196,-0.97,-0.17
festival,rock,female_04_IUS-F06202.wav,female,10,Base_NLMS,0.7922,1.388,-7.64,-6.15
festival,rock,female_04_IUS-F06202.wav,female,10,Leaky_NLMS,0.8230,1.467,-6.59,-5.67
festival,rock,female_04_IUS-F06202.wav,female,10,Soft_VAD_Leaky,0.8632,1.751,-3.93,-2.59
festival,rock,female_05_IUS-F08202.wav,female,10,Unprocessed,0.9042,2.396,0.00,0.00
festival,rock,female_05_IUS-F08202.wav,female,10,FIR_BP,0.8720,1.459,-10.00,-0.68
festival,rock,female_05_IUS-F08202.wav,female,10,Parametric_Notch,0.9036,2.303,-0.81,-0.10
festival,rock,female_05_IUS-F08202.wav,female,10,Base_NLMS,0.8071,1.401,-7.08,-5.97
festival,rock,female_05_IUS-F08202.wav,female,10,Leaky_NLMS,0.8478,1.566,-5.58,-5.27
festival,rock,female_05_IUS-F08202.wav,female,10,Soft_VAD_Leaky,0.9011,2.189,-0.29,-1.69
festival,rock,female_06_IUS-F10202.wav,female,10,Unprocessed,0.9162,2.461,0.00,0.00
festival,rock,female_06_IUS-F10202.wav,female,10,FIR_BP,0.8850,1.392,-10.00,-0.79
festival,rock,female_06_IUS-F10202.wav,female,10,Parametric_Notch,0.9159,2.398,-0.95,-0.14
festival,rock,female_06_IUS-F10202.wav,female,10,Base_NLMS,0.7775,1.406,-7.67,-6.13
festival,rock,female_06_IUS-F10202.wav,female,10,Leaky_NLMS,0.8359,1.623,-5.71,-5.05
festival,rock,female_06_IUS-F10202.wav,female,10,Soft_VAD_Leaky,0.8829,2.086,-0.67,-1.26
festival,rock,female_07_IUS-F12202.wav,female,10,Unprocessed,0.8680,2.391,0.00,0.00
festival,rock,female_07_IUS-F12202.wav,female,10,FIR_BP,0.8188,1.430,-10.00,-0.99
festival,rock,female_07_IUS-F12202.wav,female,10,Parametric_Notch,0.8627,2.293,-0.73,-0.13
festival,rock,female_07_IUS-F12202.wav,female,10,Base_NLMS,0.7482,1.349,-7.79,-6.98
festival,rock,female_07_IUS-F12202.wav,female,10,Leaky_NLMS,0.7890,1.461,-6.38,-6.48
festival,rock,female_07_IUS-F12202.wav,female,10,Soft_VAD_Leaky,0.8413,1.928,-0.81,-1.25
festival,rock,female_08_IUS-F14202.wav,female,10,Unprocessed,0.9369,2.529,0.00,0.00
festival,rock,female_08_IUS-F14202.wav,female,10,FIR_BP,0.8985,1.435,-10.00,-0.21
festival,rock,female_08_IUS-F14202.wav,female,10,Parametric_Notch,0.9375,2.399,-0.69,-0.08
festival,rock,female_08_IUS-F14202.wav,female,10,Base_NLMS,0.8193,1.392,-6.19,-5.50
festival,rock,female_08_IUS-F14202.wav,female,10,Leaky_NLMS,0.8694,1.591,-4.76,-5.10
festival,rock,female_08_IUS-F14202.wav,female,10,Soft_VAD_Leaky,0.9304,2.375,0.85,-1.28
festival,rock,female_09_IUS-F16202.wav,female,10,Unprocessed,0.8507,2.229,0.00,0.00
festival,rock,female_09_IUS-F16202.wav,female,10,FIR_BP,0.8137,1.391,-8.55,-0.63
festival,rock,female_09_IUS-F16202.wav,female,10,Parametric_Notch,0.8490,2.106,-1.25,-0.20
festival,rock,female_09_IUS-F16202.wav,female,10,Base_NLMS,0.7840,1.449,-6.30,-4.99
festival,rock,female_09_IUS-F16202.wav,female,10,Leaky_NLMS,0.8131,1.581,-4.94,-4.67
festival,rock,female_09_IUS-F16202.wav,female,10,Soft_VAD_Leaky,0.8428,1.907,-1.78,-1.95
festival,rock,female_10_IUS-F18202.wav,female,10,Unprocessed,0.8921,2.458,0.00,0.00
festival,rock,female_10_IUS-F18202.wav,female,10,FIR_BP,0.8489,1.415,-10.00,-1.21
festival,rock,female_10_IUS-F18202.wav,female,10,Parametric_Notch,0.8913,2.363,-0.72,-0.16
festival,rock,female_10_IUS-F18202.wav,female,10,Base_NLMS,0.7972,1.471,-6.86,-5.37
festival,rock,female_10_IUS-F18202.wav,female,10,Leaky_NLMS,0.8330,1.646,-5.40,-4.73
festival,rock,female_10_IUS-F18202.wav,female,10,Soft_VAD_Leaky,0.8723,2.093,-0.65,-1.57
